Particle_Layers,Particles,Algorithm,Time_seconds,Steps,Time_per_step
4,74,ON,0.717100,30001,0.000024
4,74,OFF,1.851200,30001,0.000062
6,109,ON,0.938200,30001,0.000031
6,109,OFF,3.723200,30001,0.000124
8,141,ON,1.205700,30001,0.000040
8,141,OFF,6.051100,30001,0.000202
10,179,ON,1.548300,30001,0.000052
12,214,ON,1.874800,30001,0.000062 