Particle_Layers,Particles,Algorithm,Time_seconds,Steps,Time_per_step
4,74
74,ON,0.659900,30001,0.000021
4,74
74,OFF,1.835700,30001,0.000061
6,109
109,ON,0.944700,30001,0.000031
6,109
109,OFF,3.722300,30001,0.000124
8,141
141,ON,1.202800,30001,0.000040
8,141
141,OFF,6.067700,30001,0.000202
10,179
179,ON,1.553700,30001,0.000051
12,214
214,ON,1.899100,30001,0.000063
