Step,Time_s,Height_m,Velocity_m/s,Potential_Energy_J,Kinetic_Energy_J,Total_Energy_J,Energy_Error_J
100,    0.001000,   99.999995,   -0.009807,513474.96784298,     0.02517735,513474.99302033,   0.0002517734
200,    0.002000,   99.999980,   -0.019613,513474.89205917,     0.10070939,513474.99276856,   0.0005035469
300,    0.003000,   99.999956,   -0.029420,513474.76592066,     0.22659613,513474.99251679,   0.0007553204
400,    0.004000,   99.999921,   -0.039227,513474.58942745,     0.40283756,513474.99226501,   0.0010070939
500,    0.005000,   99.999877,   -0.049033,513474.36257955,     0.62943369,513474.99201324,   0.0012588673
600,    0.006000,   99.999823,   -0.058840,513474.08537695,     0.90638452,513474.99176146,   0.0015106408
700,    0.007000,   99.999759,   -0.068647,513473.75781965,     1.23369004,513474.99150969,   0.0017624144
800,    0.008000,   99.999686,   -0.078453,513473.37990766,     1.61135025,513474.99125792,   0.0020141877
900,    0.009000,   99.999602,   -0.088260,513472.95164098,     2.03936516,513474.99100614,   0.0022659613
1000,    0.010000,   99.999509,   -0.098066,513472.47301960,     2.51773477,513474.99075437,   0.0025177348
1100,    0.011000,   99.999406,   -0.107873,513471.94404352,     3.04645907,513474.99050260,   0.0027695082
1200,    0.012000,   99.999293,   -0.117680,513471.36471275,     3.62553807,513474.99025082,   0.0030212816
1300,    0.013000,   99.999171,   -0.127486,513470.73502729,     4.25497176,513474.98999905,   0.0032730551
1400,    0.014000,   99.999038,   -0.137293,513470.05498713,     4.93476015,513474.98974728,   0.0035248286
1500,    0.015000,   99.998896,   -0.147100,513469.32459227,     5.66490324,513474.98949550,   0.0037766020
1600,    0.016000,   99.998744,   -0.156906,513468.54384272,     6.44540101,513474.98924373,   0.0040283755
1700,    0.017000,   99.998582,   -0.166713,513467.71273847,     7.27625349,513474.98899196,   0.0042801491
1800,    0.018000,   99.998410,   -0.176520,513466.83127952,     8.15746066,513474.98874018,   0.0045319225
1900,    0.019000,   99.998229,   -0.186326,513465.89946589,     9.08902252,513474.98848841,   0.0047836959
2000,    0.020000,   99.998038,   -0.196133,513464.91729755,    10.07093909,513474.98823664,   0.0050354695
2100,    0.021000,   99.997837,   -0.205940,513463.88477452,    11.10321034,513474.98798486,   0.0052872429
2200,    0.022000,   99.997626,   -0.215746,513462.80189680,    12.18583629,513474.98773309,   0.0055390164
2300,    0.023000,   99.997405,   -0.225553,513461.66866438,    13.31881694,513474.98748132,   0.0057907899
2400,    0.024000,   99.997175,   -0.235360,513460.48507726,    14.50215228,513474.98722954,   0.0060425635
2500,    0.025000,   99.996934,   -0.245166,513459.25113545,    15.73584232,513474.98697777,   0.0062943369
2600,    0.026000,   99.996684,   -0.254973,513457.96683894,    17.01988705,513474.98672600,   0.0065461103
2700,    0.027000,   99.996424,   -0.264780,513456.63218774,    18.35428648,513474.98647422,   0.0067978839
2800,    0.028000,   99.996154,   -0.274586,513455.24718184,    19.73904061,513474.98622245,   0.0070496573
2900,    0.029000,   99.995875,   -0.284393,513453.81182125,    21.17414943,513474.98597068,   0.0073014307
3000,    0.030000,   99.995586,   -0.294199,513452.32610596,    22.65961294,513474.98571890,   0.0075532043
3100,    0.031000,   99.995286,   -0.304006,513450.79003597,    24.19543115,513474.98546713,   0.0078049778
3200,    0.032000,   99.994977,   -0.313813,513449.20361130,    25.78160406,513474.98521535,   0.0080567512
3300,    0.033000,   99.994659,   -0.323619,513447.56683192,    27.41813166,513474.98496358,   0.0083085247
3400,    0.034000,   99.994330,   -0.333426,513445.87969785,    29.10501396,513474.98471181,   0.0085602982
3500,    0.035000,   99.993992,   -0.343233,513444.14220908,    30.84225095,513474.98446003,   0.0088120716
3600,    0.036000,   99.993644,   -0.353039,513442.35436562,    32.62984264,513474.98420826,   0.0090638451
3700,    0.037000,   99.993286,   -0.362846,513440.51616747,    34.46778902,513474.98395649,   0.0093156187
3800,    0.038000,   99.992918,   -0.372653,513438.62761461,    36.35609010,513474.98370471,   0.0095673921
3900,    0.039000,   99.992540,   -0.382459,513436.68870707,    38.29474587,513474.98345294,   0.0098191655
4000,    0.040000,   99.992153,   -0.392266,513434.69944482,    40.28375634,513474.98320117,   0.0100709390
4100,    0.041000,   99.991756,   -0.402073,513432.65982789,    42.32312151,513474.98294939,   0.0103227125
4200,    0.042000,   99.991348,   -0.411879,513430.56985625,    44.41284137,513474.98269762,   0.0105744859
4300,    0.043000,   99.990932,   -0.421686,513428.42952992,    46.55291592,513474.98244585,   0.0108262594
4400,    0.044000,   99.990505,   -0.431493,513426.23884890,    48.74334517,513474.98219407,   0.0110780331
4500,    0.045000,   99.990069,   -0.441299,513423.99781318,    50.98412912,513474.98194230,   0.0113298064
4600,    0.046000,   99.989622,   -0.451106,513421.70642276,    53.27526776,513474.98169053,   0.0115815799
4700,    0.047000,   99.989166,   -0.460913,513419.36467765,    55.61676110,513474.98143875,   0.0118333534
4800,    0.048000,   99.988700,   -0.470719,513416.97257785,    58.00860913,513474.98118698,   0.0120851269
4900,    0.049000,   99.988225,   -0.480526,513414.53012334,    60.45081186,513474.98093521,   0.0123369003
5000,    0.050000,   99.987739,   -0.490332,513412.03731415,    62.94336928,513474.98068343,   0.0125886738
5100,    0.051000,   99.987244,   -0.500139,513409.49415025,    65.48628140,513474.98043166,   0.0128404474
5200,    0.052000,   99.986739,   -0.509946,513406.90063167,    68.07954822,513474.98017989,   0.0130922206
5300,    0.053000,   99.986224,   -0.519752,513404.25675838,    70.72316973,513474.97992811,   0.0133439942
5400,    0.054000,   99.985699,   -0.529559,513401.56253040,    73.41714593,513474.97967634,   0.0135957677
5500,    0.055000,   99.985165,   -0.539366,513398.81794773,    76.16147683,513474.97942456,   0.0138475412
5600,    0.056000,   99.984620,   -0.549172,513396.02301036,    78.95616243,513474.97917279,   0.0140993147
5700,    0.057000,   99.984066,   -0.558979,513393.17771830,    81.80120272,513474.97892102,   0.0143510882
5800,    0.058000,   99.983502,   -0.568786,513390.28207153,    84.69659771,513474.97866924,   0.0146028617
5900,    0.059000,   99.982929,   -0.578592,513387.33607008,    87.64234739,513474.97841747,   0.0148546351
6000,    0.060000,   99.982345,   -0.588399,513384.33971393,    90.63845177,513474.97816570,   0.0151064086
6100,    0.061000,   99.981752,   -0.598206,513381.29300308,    93.68491084,513474.97791392,   0.0153581821
6200,    0.062000,   99.981149,   -0.608012,513378.19593754,    96.78172461,513474.97766215,   0.0156099556
6300,    0.063000,   99.980536,   -0.617819,513375.04851730,    99.92889308,513474.97741038,   0.0158617289
6400,    0.064000,   99.979913,   -0.627626,513371.85074237,   103.12641624,513474.97715860,   0.0161135026
6500,    0.065000,   99.979280,   -0.637432,513368.60261274,   106.37429409,513474.97690683,   0.0163652760
6600,    0.066000,   99.978638,   -0.647239,513365.30412841,   109.67252664,513474.97665506,   0.0166170494
6700,    0.067000,   99.977986,   -0.657046,513361.95528940,   113.02111389,513474.97640328,   0.0168688229
6800,    0.068000,   99.977324,   -0.666852,513358.55609568,   116.42005583,513474.97615151,   0.0171205965
6900,    0.069000,   99.976652,   -0.676659,513355.10654727,   119.86935247,513474.97589974,   0.0173723699
7000,    0.070000,   99.975970,   -0.686465,513351.60664416,   123.36900380,513474.97564796,   0.0176241434
7100,    0.071000,   99.975279,   -0.696272,513348.05638636,   126.91900983,513474.97539619,   0.0178759169
7200,    0.072000,   99.974578,   -0.706079,513344.45577387,   130.51937055,513474.97514442,   0.0181276903
7300,    0.073000,   99.973867,   -0.715885,513340.80480667,   134.17008597,513474.97489264,   0.0183794638
7400,    0.074000,   99.973146,   -0.725692,513337.10348479,   137.87115608,513474.97464087,   0.0186312372
7500,    0.075000,   99.972415,   -0.735499,513333.35180820,   141.62258089,513474.97438909,   0.0188830108
7600,    0.076000,   99.971675,   -0.745305,513329.54977693,   145.42436040,513474.97413732,   0.0191347842
7700,    0.077000,   99.970924,   -0.755112,513325.69739095,   149.27649460,513474.97388555,   0.0193865577
7800,    0.078000,   99.970164,   -0.764919,513321.79465028,   153.17898349,513474.97363377,   0.0196383313
7900,    0.079000,   99.969394,   -0.774725,513317.84155492,   157.13182708,513474.97338200,   0.0198901046
8000,    0.080000,   99.968615,   -0.784532,513313.83810486,   161.13502537,513474.97313023,   0.0201418782
8100,    0.081000,   99.967825,   -0.794339,513309.78430010,   165.18857835,513474.97287845,   0.0203936517
8200,    0.082000,   99.967026,   -0.804145,513305.68014065,   169.29248603,513474.97262668,   0.0206454251
8300,    0.083000,   99.966217,   -0.813952,513301.52562651,   173.44674840,513474.97237491,   0.0208971985
8400,    0.084000,   99.965398,   -0.823759,513297.32075766,   177.65136547,513474.97212313,   0.0211489720
8500,    0.085000,   99.964569,   -0.833565,513293.06553413,   181.90633723,513474.97187136,   0.0214007456
8600,    0.086000,   99.963731,   -0.843372,513288.75995590,   186.21166369,513474.97161959,   0.0216525190
8700,    0.087000,   99.962882,   -0.853179,513284.40402297,   190.56734485,513474.97136781,   0.0219042924
8800,    0.088000,   99.962024,   -0.862985,513279.99773534,   194.97338070,513474.97111604,   0.0221560661
8900,    0.089000,   99.961156,   -0.872792,513275.54109302,   199.42977124,513474.97086427,   0.0224078395
9000,    0.090000,   99.960279,   -0.882598,513271.03409601,   203.93651648,513474.97061249,   0.0226596129
9100,    0.091000,   99.959391,   -0.892405,513266.47674430,   208.49361642,513474.97036072,   0.0229113864
9200,    0.092000,   99.958494,   -0.902212,513261.86903790,   213.10107105,513474.97010895,   0.0231631598
9300,    0.093000,   99.957587,   -0.912018,513257.21097680,   217.75888038,513474.96985717,   0.0234149333
9400,    0.094000,   99.956670,   -0.921825,513252.50256100,   222.46704440,513474.96960540,   0.0236667068
9500,    0.095000,   99.955743,   -0.931632,513247.74379051,   227.22556312,513474.96935363,   0.0239184804
9600,    0.096000,   99.954806,   -0.941438,513242.93466532,   232.03443653,513474.96910185,   0.0241702538
9700,    0.097000,   99.953860,   -0.951245,513238.07518544,   236.89366464,513474.96885008,   0.0244220272
9800,    0.098000,   99.952904,   -0.961052,513233.16535086,   241.80324744,513474.96859831,   0.0246738007
9900,    0.099000,   99.951938,   -0.970858,513228.20516159,   246.76318494,513474.96834653,   0.0249255743
10000,    0.100000,   99.950962,   -0.980665,513223.19461762,   251.77347714,513474.96809476,   0.0251773478
10100,    0.101000,   99.949976,   -0.990472,513218.13371896,   256.83412403,513474.96784298,   0.0254291212
10200,    0.102000,   99.948981,   -1.000278,513213.02246560,   261.94512561,513474.96759121,   0.0256808947
10300,    0.103000,   99.947976,   -1.010085,513207.86085754,   267.10648190,513474.96733944,   0.0259326681
10400,    0.104000,   99.946961,   -1.019892,513202.64889479,   272.31819287,513474.96708766,   0.0261844416
10500,    0.105000,   99.945936,   -1.029698,513197.38657735,   277.58025855,513474.96683589,   0.0264362151
10600,    0.106000,   99.944901,   -1.039505,513192.07390520,   282.89267891,513474.96658412,   0.0266879886
10700,    0.107000,   99.943857,   -1.049312,513186.71087837,   288.25545398,513474.96633234,   0.0269397620
10800,    0.108000,   99.942802,   -1.059118,513181.29749684,   293.66858373,513474.96608057,   0.0271915355
10900,    0.109000,   99.941738,   -1.068925,513175.83376061,   299.13206819,513474.96582880,   0.0274433090
11000,    0.110000,   99.940664,   -1.078732,513170.31966969,   304.64590734,513474.96557702,   0.0276950824
11100,    0.111000,   99.939581,   -1.088538,513164.75522407,   310.21010118,513474.96532525,   0.0279468559
11200,    0.112000,   99.938487,   -1.098345,513159.14042375,   315.82464972,513474.96507348,   0.0281986294
11300,    0.113000,   99.937384,   -1.108151,513153.47526874,   321.48955296,513474.96482170,   0.0284504029
11400,    0.114000,   99.936271,   -1.117958,513147.75975904,   327.20481089,513474.96456993,   0.0287021762
11500,    0.115000,   99.935148,   -1.127765,513141.99389464,   332.97042352,513474.96431816,   0.0289539499
11600,    0.116000,   99.934015,   -1.137571,513136.17767554,   338.78639084,513474.96406638,   0.0292057233
11700,    0.117000,   99.932873,   -1.147378,513130.31110175,   344.65271286,513474.96381461,   0.0294574967
11800,    0.118000,   99.931720,   -1.157185,513124.39417327,   350.56938957,513474.96356284,   0.0297092703
11900,    0.119000,   99.930558,   -1.166991,513118.42689009,   356.53642098,513474.96331106,   0.0299610438
12000,    0.120000,   99.929386,   -1.176798,513112.40925221,   362.55380708,513474.96305929,   0.0302128172
12100,    0.121000,   99.928204,   -1.186605,513106.34125964,   368.62154788,513474.96280752,   0.0304645906
12200,    0.122000,   99.927013,   -1.196411,513100.22291237,   374.73964337,513474.96255574,   0.0307163642
12300,    0.123000,   99.925812,   -1.206218,513094.05421041,   380.90809356,513474.96230397,   0.0309681376
12400,    0.124000,   99.924600,   -1.216025,513087.83515375,   387.12689845,513474.96205219,   0.0312199111
12500,    0.125000,   99.923379,   -1.225831,513081.56574239,   393.39605803,513474.96180042,   0.0314716845
12600,    0.126000,   99.922149,   -1.235638,513075.24597634,   399.71557231,513474.96154865,   0.0317234580
12700,    0.127000,   99.920908,   -1.245445,513068.87585560,   406.08544128,513474.96129687,   0.0319752314
12800,    0.128000,   99.919658,   -1.255251,513062.45538016,   412.50566494,513474.96104510,   0.0322270050
12900,    0.129000,   99.918397,   -1.265058,513055.98455002,   418.97624331,513474.96079333,   0.0324787785
13000,    0.130000,   99.917127,   -1.274865,513049.46336519,   425.49717636,513474.96054155,   0.0327305519
13100,    0.131000,   99.915848,   -1.284671,513042.89182566,   432.06846412,513474.96028978,   0.0329823254
13200,    0.132000,   99.914558,   -1.294478,513036.26993144,   438.69010657,513474.96003801,   0.0332340988
13300,    0.133000,   99.913259,   -1.304284,513029.59768252,   445.36210371,513474.95978623,   0.0334858723
13400,    0.134000,   99.911949,   -1.314091,513022.87507891,   452.08445555,513474.95953446,   0.0337376457
13500,    0.135000,   99.910630,   -1.323898,513016.10212060,   458.85716209,513474.95928269,   0.0339894193
13600,    0.136000,   99.909301,   -1.333704,513009.27880760,   465.68022332,513474.95903091,   0.0342411927
13700,    0.137000,   99.907963,   -1.343511,513002.40513990,   472.55363924,513474.95877914,   0.0344929661
13800,    0.138000,   99.906614,   -1.353318,512995.48111750,   479.47740986,513474.95852737,   0.0347447395
13900,    0.139000,   99.905256,   -1.363124,512988.50674041,   486.45153518,513474.95827559,   0.0349965132
14000,    0.140000,   99.903888,   -1.372931,512981.48200863,   493.47601519,513474.95802382,   0.0352482866
14100,    0.141000,   99.902510,   -1.382738,512974.40692215,   500.55084990,513474.95777205,   0.0355000600
14200,    0.142000,   99.901122,   -1.392544,512967.28148097,   507.67603930,513474.95752027,   0.0357518335
14300,    0.143000,   99.899725,   -1.402351,512960.10568510,   514.85158340,513474.95726850,   0.0360036070
14400,    0.144000,   99.898318,   -1.412158,512952.87953453,   522.07748219,513474.95701673,   0.0362553804
14500,    0.145000,   99.896900,   -1.421964,512945.60302927,   529.35373568,513474.95676495,   0.0365071538
14600,    0.146000,   99.895474,   -1.431771,512938.27616931,   536.68034387,513474.95651318,   0.0367589275
14700,    0.147000,   99.894037,   -1.441578,512930.89895466,   544.05730675,513474.95626140,   0.0370107008
14800,    0.148000,   99.892590,   -1.451384,512923.47138531,   551.48462432,513474.95600963,   0.0372624743
14900,    0.149000,   99.891134,   -1.461191,512915.99346126,   558.96229660,513474.95575786,   0.0375142478
15000,    0.150000,   99.889668,   -1.470998,512908.46518252,   566.49032356,513474.95550608,   0.0377660212
15100,    0.151000,   99.888192,   -1.480804,512900.88654909,   574.06870522,513474.95525431,   0.0380177947
15200,    0.152000,   99.886706,   -1.490611,512893.25756096,   581.69744158,513474.95500254,   0.0382695682
15300,    0.153000,   99.885211,   -1.500417,512885.57821813,   589.37653263,513474.95475076,   0.0385213418
15400,    0.154000,   99.883705,   -1.510224,512877.84852061,   597.10597838,513474.95449899,   0.0387731151
15500,    0.155000,   99.882190,   -1.520031,512870.06846839,   604.88577883,513474.95424722,   0.0390248886
15600,    0.156000,   99.880665,   -1.529837,512862.23806148,   612.71593396,513474.95399544,   0.0392766620
15700,    0.157000,   99.879130,   -1.539644,512854.35729987,   620.59644380,513474.95374367,   0.0395284356
15800,    0.158000,   99.877586,   -1.549451,512846.42618357,   628.52730833,513474.95349190,   0.0397802089
15900,    0.159000,   99.876031,   -1.559257,512838.44471257,   636.50852755,513474.95324012,   0.0400319825
16000,    0.160000,   99.874467,   -1.569064,512830.41288687,   644.54010148,513474.95298835,   0.0402837559
16100,    0.161000,   99.872893,   -1.578871,512822.33070649,   652.62203009,513474.95273658,   0.0405355293
16200,    0.162000,   99.871309,   -1.588677,512814.19817140,   660.75431340,513474.95248480,   0.0407873028
16300,    0.163000,   99.869716,   -1.598484,512806.01528162,   668.93695141,513474.95223303,   0.0410390764
16400,    0.164000,   99.868112,   -1.608291,512797.78203714,   677.16994411,513474.95198126,   0.0412908498
16500,    0.165000,   99.866499,   -1.618097,512789.49843797,   685.45329151,513474.95172948,   0.0415426233
16600,    0.166000,   99.864876,   -1.627904,512781.16448411,   693.78699360,513474.95147771,   0.0417943968
16700,    0.167000,   99.863243,   -1.637711,512772.78017554,   702.17105039,513474.95122594,   0.0420461702
16800,    0.168000,   99.861600,   -1.647517,512764.34551229,   710.60546188,513474.95097416,   0.0422979437
16900,    0.169000,   99.859948,   -1.657324,512755.86049433,   719.09022806,513474.95072239,   0.0425497172
17000,    0.170000,   99.858286,   -1.667131,512747.32512168,   727.62534893,513474.95047062,   0.0428014907
17100,    0.171000,   99.856613,   -1.676937,512738.73939434,   736.21082450,513474.95021884,   0.0430532641
17200,    0.172000,   99.854932,   -1.686744,512730.10331230,   744.84665477,513474.94996707,   0.0433050376
17300,    0.173000,   99.853240,   -1.696550,512721.41687557,   753.53283973,513474.94971529,   0.0435568112
17400,    0.174000,   99.851538,   -1.706357,512712.68008414,   762.26937939,513474.94946352,   0.0438085844
17500,    0.175000,   99.849827,   -1.716164,512703.89293801,   771.05627374,513474.94921175,   0.0440603580
17600,    0.176000,   99.848106,   -1.725970,512695.05543719,   779.89352279,513474.94895997,   0.0443121315
17700,    0.177000,   99.846375,   -1.735777,512686.16758167,   788.78112653,513474.94870820,   0.0445639049
17800,    0.178000,   99.844634,   -1.745584,512677.22937146,   797.71908497,513474.94845643,   0.0448156784
17900,    0.179000,   99.842884,   -1.755390,512668.24080655,   806.70739810,513474.94820465,   0.0450674518
18000,    0.180000,   99.841123,   -1.765197,512659.20188695,   815.74606593,513474.94795288,   0.0453192253
18100,    0.181000,   99.839353,   -1.775004,512650.11261265,   824.83508845,513474.94770111,   0.0455709987
18200,    0.182000,   99.837573,   -1.784810,512640.97298366,   833.97446567,513474.94744933,   0.0458227722
18300,    0.183000,   99.835784,   -1.794617,512631.78299997,   843.16419759,513474.94719756,   0.0460745457
18400,    0.184000,   99.833984,   -1.804424,512622.54266159,   852.40428420,513474.94694579,   0.0463263192
18500,    0.185000,   99.832175,   -1.814230,512613.25196851,   861.69472551,513474.94669401,   0.0465780926
18600,    0.186000,   99.830355,   -1.824037,512603.91092073,   871.03552151,513474.94644224,   0.0468298661
18700,    0.187000,   99.828526,   -1.833844,512594.51951826,   880.42667221,513474.94619047,   0.0470816396
18800,    0.188000,   99.826688,   -1.843650,512585.07776109,   889.86817760,513474.94593869,   0.0473334130
18900,    0.189000,   99.824839,   -1.853457,512575.58564923,   899.36003769,513474.94568692,   0.0475851865
19000,    0.190000,   99.822981,   -1.863264,512566.04318267,   908.90225247,513474.94543515,   0.0478369601
19100,    0.191000,   99.821112,   -1.873070,512556.45036142,   918.49482195,513474.94518337,   0.0480887335
19200,    0.192000,   99.819234,   -1.882877,512546.80718547,   928.13774612,513474.94493160,   0.0483405069
19300,    0.193000,   99.817347,   -1.892683,512537.11365483,   937.83102499,513474.94467983,   0.0485922804
19400,    0.194000,   99.815449,   -1.902490,512527.36976949,   947.57465856,513474.94442805,   0.0488440538
19500,    0.195000,   99.813542,   -1.912297,512517.57552946,   957.36864682,513474.94417628,   0.0490958273
19600,    0.196000,   99.811624,   -1.922103,512507.73093473,   967.21298978,513474.94392451,   0.0493476007
19700,    0.197000,   99.809697,   -1.931910,512497.83598530,   977.10768743,513474.94367273,   0.0495993743
19800,    0.198000,   99.807760,   -1.941717,512487.89068118,   987.05273978,513474.94342096,   0.0498511476
19900,    0.199000,   99.805814,   -1.951523,512477.89502237,   997.04814682,513474.94316918,   0.0501029211
20000,    0.200000,   99.803857,   -1.961330,512467.84900886,  1007.09390856,513474.94291741,   0.0503546947
20100,    0.201000,   99.801891,   -1.971137,512457.75264065,  1017.19002499,513474.94266564,   0.0506064681
20200,    0.202000,   99.799915,   -1.980943,512447.60591775,  1027.33649612,513474.94241386,   0.0508582416
20300,    0.203000,   99.797929,   -1.990750,512437.40884015,  1037.53332194,513474.94216209,   0.0511100151
20400,    0.204000,   99.795933,   -2.000557,512427.16140786,  1047.78050246,513474.94191032,   0.0513617886
20500,    0.205000,   99.793928,   -2.010363,512416.86362087,  1058.07803768,513474.94165854,   0.0516135619
20600,    0.206000,   99.791912,   -2.020170,512406.51547918,  1068.42592759,513474.94140677,   0.0518653354
20700,    0.207000,   99.789887,   -2.029977,512396.11698280,  1078.82417219,513474.94115500,   0.0521171089
20800,    0.208000,   99.787852,   -2.039783,512385.66813173,  1089.27277149,513474.94090322,   0.0523688823
20900,    0.209000,   99.785808,   -2.049590,512375.16892596,  1099.77172549,513474.94065145,   0.0526206558
21000,    0.210000,   99.783753,   -2.059397,512364.61936549,  1110.32103418,513474.94039968,   0.0528724294
21100,    0.211000,   99.781689,   -2.069203,512354.01945033,  1120.92069757,513474.94014790,   0.0531242027
21200,    0.212000,   99.779615,   -2.079010,512343.36918048,  1131.57071565,513474.93989613,   0.0533759762
21300,    0.213000,   99.777531,   -2.088816,512332.66855592,  1142.27108843,513474.93964436,   0.0536277497
21400,    0.214000,   99.775437,   -2.098623,512321.91757668,  1153.02181591,513474.93939258,   0.0538795232
21500,    0.215000,   99.773333,   -2.108430,512311.11624273,  1163.82289807,513474.93914081,   0.0541312966
21600,    0.216000,   99.771220,   -2.118236,512300.26455410,  1174.67433494,513474.93888904,   0.0543830700
21700,    0.217000,   99.769097,   -2.128043,512289.36251076,  1185.57612650,513474.93863726,   0.0546348436
21800,    0.218000,   99.766964,   -2.137850,512278.41011273,  1196.52827275,513474.93838549,   0.0548866171
21900,    0.219000,   99.764821,   -2.147656,512267.40736001,  1207.53077371,513474.93813372,   0.0551383905
22000,    0.220000,   99.762668,   -2.157463,512256.35425259,  1218.58362935,513474.93788194,   0.0553901640
22100,    0.221000,   99.760506,   -2.167270,512245.25079047,  1229.68683969,513474.93763017,   0.0556419374
22200,    0.222000,   99.758334,   -2.177076,512234.09697366,  1240.84040473,513474.93737839,   0.0558937109
22300,    0.223000,   99.756152,   -2.186883,512222.89280216,  1252.04432446,513474.93712662,   0.0561454844
22400,    0.224000,   99.753960,   -2.196690,512211.63827596,  1263.29859889,513474.93687485,   0.0563972580
22500,    0.225000,   99.751758,   -2.206496,512200.33339506,  1274.60322802,513474.93662307,   0.0566490312
22600,    0.226000,   99.749547,   -2.216303,512188.97815947,  1285.95821183,513474.93637130,   0.0569008047
22700,    0.227000,   99.747325,   -2.226110,512177.57256918,  1297.36355035,513474.93611953,   0.0571525782
22800,    0.228000,   99.745094,   -2.235916,512166.11662420,  1308.81924356,513474.93586775,   0.0574043517
22900,    0.229000,   99.742854,   -2.245723,512154.61032452,  1320.32529146,513474.93561598,   0.0576561251
23000,    0.230000,   99.740603,   -2.255530,512143.05367014,  1331.88169406,513474.93536421,   0.0579078986
23100,    0.231000,   99.738342,   -2.265336,512131.44666107,  1343.48845136,513474.93511243,   0.0581596721
23200,    0.232000,   99.736072,   -2.275143,512119.78929731,  1355.14556335,513474.93486066,   0.0584114455
23300,    0.233000,   99.733792,   -2.284949,512108.08157885,  1366.85303004,513474.93460889,   0.0586632190
23400,    0.234000,   99.731502,   -2.294756,512096.32350569,  1378.61085142,513474.93435711,   0.0589149926
23500,    0.235000,   99.729202,   -2.304563,512084.51507784,  1390.41902750,513474.93410534,   0.0591667659
23600,    0.236000,   99.726893,   -2.314369,512072.65629529,  1402.27755827,513474.93385357,   0.0594185393
23700,    0.237000,   99.724574,   -2.324176,512060.74715805,  1414.18644374,513474.93360179,   0.0596703129
23800,    0.238000,   99.722244,   -2.333983,512048.78766611,  1426.14568391,513474.93335002,   0.0599220864
23900,    0.239000,   99.719905,   -2.343789,512036.77781948,  1438.15527877,513474.93309825,   0.0601738598
24000,    0.240000,   99.717557,   -2.353596,512024.71761815,  1450.21522832,513474.93284647,   0.0604256333
24100,    0.241000,   99.715198,   -2.363403,512012.60706213,  1462.32553257,513474.93259470,   0.0606774068
24200,    0.242000,   99.712830,   -2.373209,512000.44615141,  1474.48619152,513474.93234293,   0.0609291801
24300,    0.243000,   99.710452,   -2.383016,511988.23488599,  1486.69720516,513474.93209115,   0.0611809536
24400,    0.244000,   99.708064,   -2.392823,511975.97326588,  1498.95857349,513474.93183938,   0.0614327271
24500,    0.245000,   99.705666,   -2.402629,511963.66129108,  1511.27029653,513474.93158761,   0.0616845006
24600,    0.246000,   99.703258,   -2.412436,511951.29896158,  1523.63237425,513474.93133583,   0.0619362740
24700,    0.247000,   99.700841,   -2.422243,511938.88627738,  1536.04480668,513474.93108406,   0.0621880475
24800,    0.248000,   99.698414,   -2.432049,511926.42323849,  1548.50759380,513474.93083228,   0.0624398210
24900,    0.249000,   99.695977,   -2.441856,511913.90984490,  1561.02073561,513474.93058051,   0.0626915944
25000,    0.250000,   99.693530,   -2.451663,511901.34609662,  1573.58423212,513474.93032874,   0.0629433679
25100,    0.251000,   99.691073,   -2.461469,511888.73199364,  1586.19808332,513474.93007696,   0.0631951414
25200,    0.252000,   99.688607,   -2.471276,511876.06753597,  1598.86228922,513474.92982519,   0.0634469148
25300,    0.253000,   99.686131,   -2.481082,511863.35272360,  1611.57684982,513474.92957342,   0.0636986882
25400,    0.254000,   99.683645,   -2.490889,511850.58755653,  1624.34176511,513474.92932164,   0.0639504617
25500,    0.255000,   99.681149,   -2.500696,511837.77203477,  1637.15703510,513474.92906987,   0.0642022353
25600,    0.256000,   99.678643,   -2.510502,511824.90615832,  1650.02265978,513474.92881810,   0.0644540086
25700,    0.257000,   99.676128,   -2.520309,511811.98992717,  1662.93863915,513474.92856632,   0.0647057821
25800,    0.258000,   99.673602,   -2.530116,511799.02334132,  1675.90497323,513474.92831455,   0.0649575557
25900,    0.259000,   99.671067,   -2.539922,511786.00640078,  1688.92166200,513474.92806278,   0.0652093290
26000,    0.260000,   99.668522,   -2.549729,511772.93910554,  1701.98870546,513474.92781100,   0.0654611025
26100,    0.261000,   99.665968,   -2.559536,511759.82145561,  1715.10610362,513474.92755923,   0.0657128760
26200,    0.262000,   99.663403,   -2.569342,511746.65345098,  1728.27385647,513474.92730746,   0.0659646495
26300,    0.263000,   99.660829,   -2.579149,511733.43509166,  1741.49196402,513474.92705568,   0.0662164228
26400,    0.264000,   99.658245,   -2.588956,511720.16637764,  1754.76042627,513474.92680391,   0.0664681964
26500,    0.265000,   99.655651,   -2.598762,511706.84730893,  1768.07924321,513474.92655214,   0.0667199699
26600,    0.266000,   99.653047,   -2.608569,511693.47788552,  1781.44841484,513474.92630036,   0.0669717432
26700,    0.267000,   99.650434,   -2.618376,511680.05810741,  1794.86794118,513474.92604859,   0.0672235167
26800,    0.268000,   99.647810,   -2.628182,511666.58797461,  1808.33782220,513474.92579682,   0.0674752903
26900,    0.269000,   99.645177,   -2.637989,511653.06748712,  1821.85805792,513474.92554504,   0.0677270637
27000,    0.270000,   99.642534,   -2.647796,511639.49664493,  1835.42864834,513474.92529327,   0.0679788371
27100,    0.271000,   99.639882,   -2.657602,511625.87544804,  1849.04959346,513474.92504150,   0.0682306107
27200,    0.272000,   99.637219,   -2.667409,511612.20389646,  1862.72089326,513474.92478972,   0.0684823841
27300,    0.273000,   99.634547,   -2.677215,511598.48199018,  1876.44254777,513474.92453795,   0.0687341576
27400,    0.274000,   99.631865,   -2.687022,511584.70972921,  1890.21455697,513474.92428617,   0.0689859309
27500,    0.275000,   99.629173,   -2.696829,511570.88711354,  1904.03692086,513474.92403440,   0.0692377046
27600,    0.276000,   99.626471,   -2.706635,511557.01414317,  1917.90963945,513474.92378263,   0.0694894779
27700,    0.277000,   99.623759,   -2.716442,511543.09081812,  1931.83271274,513474.92353085,   0.0697412514
27800,    0.278000,   99.621038,   -2.726249,511529.11713836,  1945.80614072,513474.92327908,   0.0699930249
27900,    0.279000,   99.618307,   -2.736055,511515.09310391,  1959.82992340,513474.92302731,   0.0702447983
28000,    0.280000,   99.615566,   -2.745862,511501.01871476,  1973.90406077,513474.92277553,   0.0704965717
28100,    0.281000,   99.612815,   -2.755669,511486.89397092,  1988.02855284,513474.92252376,   0.0707483452
28200,    0.282000,   99.610054,   -2.765475,511472.71887239,  2002.20339960,513474.92227199,   0.0710001188
28300,    0.283000,   99.607284,   -2.775282,511458.49341916,  2016.42860106,513474.92202021,   0.0712518921
28400,    0.284000,   99.604503,   -2.785089,511444.21761123,  2030.70415721,513474.92176844,   0.0715036656
28500,    0.285000,   99.601713,   -2.794895,511429.89144861,  2045.03006806,513474.92151667,   0.0717554392
28600,    0.286000,   99.598914,   -2.804702,511415.51493129,  2059.40633361,513474.92126489,   0.0720072126
28700,    0.287000,   99.596104,   -2.814509,511401.08805927,  2073.83295385,513474.92101312,   0.0722589860
28800,    0.288000,   99.593284,   -2.824315,511386.61083257,  2088.30992878,513474.92076135,   0.0725107594
28900,    0.289000,   99.590455,   -2.834122,511372.08325116,  2102.83725841,513474.92050957,   0.0727625329
29000,    0.290000,   99.587616,   -2.843929,511357.50531506,  2117.41494274,513474.92025780,   0.0730143064
29100,    0.291000,   99.584767,   -2.853735,511342.87702427,  2132.04298176,513474.92000603,   0.0732660798
29200,    0.292000,   99.581909,   -2.863542,511328.19837878,  2146.72137548,513474.91975425,   0.0735178533
29300,    0.293000,   99.579040,   -2.873348,511313.46937859,  2161.45012389,513474.91950248,   0.0737696267
29400,    0.294000,   99.576162,   -2.883155,511298.69002371,  2176.22922700,513474.91925071,   0.0740214002
29500,    0.295000,   99.573274,   -2.892962,511283.86031413,  2191.05868480,513474.91899893,   0.0742731738
29600,    0.296000,   99.570376,   -2.902768,511268.98024986,  2205.93849730,513474.91874716,   0.0745249471
29700,    0.297000,   99.567468,   -2.912575,511254.04983089,  2220.86866449,513474.91849539,   0.0747767206
29800,    0.298000,   99.564551,   -2.922382,511239.06905723,  2235.84918638,513474.91824361,   0.0750284940
29900,    0.299000,   99.561623,   -2.932188,511224.03792887,  2250.88006297,513474.91799184,   0.0752802676
30000,    0.300000,   99.558686,   -2.941995,511208.95644581,  2265.96129425,513474.91774006,   0.0755320410
30100,    0.301000,   99.555739,   -2.951802,511193.82460806,  2281.09288023,513474.91748829,   0.0757838145
30200,    0.302000,   99.552782,   -2.961608,511178.64241562,  2296.27482090,513474.91723652,   0.0760355879
30300,    0.303000,   99.549816,   -2.971415,511163.40986848,  2311.50711626,513474.91698474,   0.0762873613
30400,    0.304000,   99.546839,   -2.981222,511148.12696664,  2326.78976633,513474.91673297,   0.0765391348
30500,    0.305000,   99.543853,   -2.991028,511132.79371011,  2342.12277109,513474.91648120,   0.0767909084
30600,    0.306000,   99.540857,   -3.000835,511117.41009889,  2357.50613054,513474.91622942,   0.0770426818
30700,    0.307000,   99.537851,   -3.010642,511101.97613296,  2372.93984469,513474.91597765,   0.0772944551
30800,    0.308000,   99.534836,   -3.020448,511086.49181235,  2388.42391353,513474.91572588,   0.0775462287
30900,    0.309000,   99.531810,   -3.030255,511070.95713703,  2403.95833707,513474.91547410,   0.0777980022
31000,    0.310000,   99.528775,   -3.040062,511055.37210702,  2419.54311531,513474.91522233,   0.0780497756
31100,    0.311000,   99.525730,   -3.049868,511039.73672232,  2435.17824824,513474.91497056,   0.0783015490
31200,    0.312000,   99.522675,   -3.059675,511024.05098292,  2450.86373586,513474.91471878,   0.0785533225
31300,    0.313000,   99.519611,   -3.069481,511008.31488883,  2466.59957818,513474.91446701,   0.0788050960
31400,    0.314000,   99.516536,   -3.079288,510992.52844004,  2482.38577520,513474.91421524,   0.0790568694
31500,    0.315000,   99.513452,   -3.089095,510976.69163655,  2498.22232691,513474.91396346,   0.0793086429
31600,    0.316000,   99.510358,   -3.098901,510960.80447837,  2514.10923332,513474.91371169,   0.0795604163
31700,    0.317000,   99.507254,   -3.108708,510944.86696549,  2530.04649442,513474.91345992,   0.0798121898
31800,    0.318000,   99.504141,   -3.118515,510928.87909792,  2546.03411022,513474.91320814,   0.0800639633
31900,    0.319000,   99.501017,   -3.128321,510912.84087566,  2562.07208071,513474.91295637,   0.0803157369
32000,    0.320000,   99.497884,   -3.138128,510896.75229869,  2578.16040590,513474.91270460,   0.0805675102
32100,    0.321000,   99.494741,   -3.147935,510880.61336703,  2594.29908579,513474.91245282,   0.0808192836
32200,    0.322000,   99.491588,   -3.157741,510864.42408068,  2610.48812037,513474.91220105,   0.0810710571
32300,    0.323000,   99.488425,   -3.167548,510848.18443963,  2626.72750964,513474.91194928,   0.0813228307
32400,    0.324000,   99.485253,   -3.177355,510831.89444389,  2643.01725361,513474.91169750,   0.0815746041
32500,    0.325000,   99.482070,   -3.187161,510815.55409345,  2659.35735228,513474.91144573,   0.0818263775
32600,    0.326000,   99.478878,   -3.196968,510799.16338831,  2675.74780564,513474.91119395,   0.0820781511
32700,    0.327000,   99.475676,   -3.206775,510782.72232848,  2692.18861370,513474.91094218,   0.0823299244
32800,    0.328000,   99.472465,   -3.216581,510766.23091396,  2708.67977645,513474.91069041,   0.0825816979
32900,    0.329000,   99.469243,   -3.226388,510749.68914473,  2725.22129390,513474.91043863,   0.0828334714
33000,    0.330000,   99.466012,   -3.236195,510733.09702082,  2741.81316604,513474.91018686,   0.0830852448
33100,    0.331000,   99.462771,   -3.246001,510716.45454221,  2758.45539288,513474.90993509,   0.0833370182
33200,    0.332000,   99.459520,   -3.255808,510699.76170890,  2775.14797442,513474.90968331,   0.0835887918
33300,    0.333000,   99.456259,   -3.265614,510683.01852089,  2791.89091065,513474.90943154,   0.0838405653
33400,    0.334000,   99.452988,   -3.275421,510666.22497820,  2808.68420157,513474.90917977,   0.0840923386
33500,    0.335000,   99.449708,   -3.285228,510649.38108080,  2825.52784719,513474.90892799,   0.0843441121
33600,    0.336000,   99.446418,   -3.295034,510632.48682871,  2842.42184751,513474.90867622,   0.0845958857
33700,    0.337000,   99.443118,   -3.304841,510615.54222193,  2859.36620252,513474.90842445,   0.0848476590
33800,    0.338000,   99.439808,   -3.314648,510598.54726045,  2876.36091223,513474.90817267,   0.0850994324
33900,    0.339000,   99.436488,   -3.324454,510581.50194427,  2893.40597663,513474.90792090,   0.0853512060
34000,    0.340000,   99.433159,   -3.334261,510564.40627340,  2910.50139573,513474.90766913,   0.0856029794
34100,    0.341000,   99.429820,   -3.344068,510547.26024783,  2927.64716952,513474.90741735,   0.0858547528
34200,    0.342000,   99.426471,   -3.353874,510530.06386757,  2944.84329801,513474.90716558,   0.0861065263
34300,    0.343000,   99.423112,   -3.363681,510512.81713261,  2962.08978119,513474.90691381,   0.0863582998
34400,    0.344000,   99.419743,   -3.373488,510495.52004296,  2979.38661907,513474.90666203,   0.0866100732
34500,    0.345000,   99.416365,   -3.383294,510478.17259861,  2996.73381165,513474.90641026,   0.0868618467
34600,    0.346000,   99.412977,   -3.393101,510460.77479957,  3014.13135892,513474.90615849,   0.0871136202
34700,    0.347000,   99.409579,   -3.402908,510443.32664583,  3031.57926088,513474.90590671,   0.0873653936
34800,    0.348000,   99.406171,   -3.412714,510425.82813739,  3049.07751754,513474.90565494,   0.0876171670
34900,    0.349000,   99.402753,   -3.422521,510408.27927426,  3066.62612890,513474.90540317,   0.0878689405
35000,    0.350000,   99.399326,   -3.432328,510390.68005644,  3084.22509495,513474.90515139,   0.0881207141
35100,    0.351000,   99.395888,   -3.442134,510373.03048392,  3101.87441570,513474.90489962,   0.0883724874
35200,    0.352000,   99.392441,   -3.451941,510355.33055670,  3119.57409114,513474.90464784,   0.0886242609
35300,    0.353000,   99.388984,   -3.461747,510337.58027479,  3137.32412128,513474.90439607,   0.0888760344
35400,    0.354000,   99.385518,   -3.471554,510319.77963818,  3155.12450611,513474.90414430,   0.0891278078
35500,    0.355000,   99.382041,   -3.481361,510301.92864688,  3172.97524564,513474.90389252,   0.0893795813
35600,    0.356000,   99.378555,   -3.491167,510284.02730088,  3190.87633987,513474.90364075,   0.0896313547
35700,    0.357000,   99.375059,   -3.500974,510266.07560019,  3208.82778879,513474.90338898,   0.0898831282
35800,    0.358000,   99.371553,   -3.510781,510248.07354480,  3226.82959240,513474.90313720,   0.0901349016
35900,    0.359000,   99.368037,   -3.520587,510230.02113472,  3244.88175071,513474.90288543,   0.0903866751
36000,    0.360000,   99.364511,   -3.530394,510211.91836994,  3262.98426372,513474.90263366,   0.0906384487
36100,    0.361000,   99.360976,   -3.540201,510193.76525046,  3281.13713142,513474.90238188,   0.0908902219
36200,    0.362000,   99.357431,   -3.550007,510175.56177629,  3299.34035382,513474.90213011,   0.0911419955
36300,    0.363000,   99.353876,   -3.559814,510157.30794742,  3317.59393091,513474.90187834,   0.0913937690
36400,    0.364000,   99.350311,   -3.569621,510139.00376386,  3335.89786270,513474.90162656,   0.0916455424
36500,    0.365000,   99.346737,   -3.579427,510120.64922561,  3354.25214918,513474.90137479,   0.0918973158
36600,    0.366000,   99.343152,   -3.589234,510102.24433265,  3372.65679036,513474.90112302,   0.0921490894
36700,    0.367000,   99.339558,   -3.599041,510083.78908501,  3391.11178624,513474.90087124,   0.0924008627
36800,    0.368000,   99.335954,   -3.608847,510065.28348266,  3409.61713681,513474.90061947,   0.0926526362
36900,    0.369000,   99.332340,   -3.618654,510046.72752562,  3428.17284207,513474.90036770,   0.0929044097
37000,    0.370000,   99.328717,   -3.628461,510028.12121389,  3446.77890203,513474.90011592,   0.0931561833
37100,    0.371000,   99.325083,   -3.638267,510009.46454746,  3465.43531669,513474.89986415,   0.0934079566
37200,    0.372000,   99.321440,   -3.648074,509990.75752634,  3484.14208604,513474.89961238,   0.0936597300
37300,    0.373000,   99.317787,   -3.657880,509972.00015052,  3502.89921009,513474.89936060,   0.0939115036
37400,    0.374000,   99.314124,   -3.667687,509953.19242000,  3521.70668883,513474.89910883,   0.0941632769
37500,    0.375000,   99.310452,   -3.677494,509934.33433479,  3540.56452227,513474.89885706,   0.0944150503
37600,    0.376000,   99.306769,   -3.687300,509915.42589488,  3559.47271040,513474.89860528,   0.0946668239
37700,    0.377000,   99.303077,   -3.697107,509896.46710028,  3578.43125323,513474.89835351,   0.0949185974
37800,    0.378000,   99.299375,   -3.706914,509877.45795098,  3597.44015075,513474.89810174,   0.0951703707
37900,    0.379000,   99.295663,   -3.716720,509858.39844699,  3616.49940297,513474.89784996,   0.0954221443
38000,    0.380000,   99.291941,   -3.726527,509839.28858830,  3635.60900989,513474.89759819,   0.0956739177
38100,    0.381000,   99.288210,   -3.736334,509820.12837492,  3654.76897150,513474.89734641,   0.0959256912
38200,    0.382000,   99.284468,   -3.746140,509800.91780684,  3673.97928780,513474.89709464,   0.0961774646
38300,    0.383000,   99.280717,   -3.755947,509781.65688406,  3693.23995880,513474.89684287,   0.0964292381
38400,    0.384000,   99.276956,   -3.765754,509762.34560659,  3712.55098450,513474.89659109,   0.0966810116
38500,    0.385000,   99.273186,   -3.775560,509742.98397443,  3731.91236489,513474.89633932,   0.0969327849
38600,    0.386000,   99.269405,   -3.785367,509723.57198757,  3751.32409998,513474.89608755,   0.0971845584
38700,    0.387000,   99.265615,   -3.795174,509704.10964601,  3770.78618976,513474.89583577,   0.0974363319
38800,    0.388000,   99.261815,   -3.804980,509684.59694976,  3790.29863424,513474.89558400,   0.0976881054
38900,    0.389000,   99.258005,   -3.814787,509665.03389881,  3809.86143341,513474.89533223,   0.0979398788
39000,    0.390000,   99.254185,   -3.824594,509645.42049317,  3829.47458728,513474.89508045,   0.0981916523
39100,    0.391000,   99.250356,   -3.834400,509625.75673283,  3849.13809585,513474.89482868,   0.0984434257
39200,    0.392000,   99.246516,   -3.844207,509606.04261780,  3868.85195911,513474.89457691,   0.0986951992
39300,    0.393000,   99.242667,   -3.854013,509586.27814807,  3888.61617706,513474.89432513,   0.0989469726
39400,    0.394000,   99.238808,   -3.863820,509566.46332364,  3908.43074971,513474.89407336,   0.0991987461
39500,    0.395000,   99.234939,   -3.873627,509546.59814453,  3928.29567706,513474.89382159,   0.0994505195
39600,    0.396000,   99.231061,   -3.883433,509526.68261071,  3948.21095910,513474.89356981,   0.0997022929
39700,    0.397000,   99.227172,   -3.893240,509506.71672220,  3968.17659584,513474.89331804,   0.0999540665
39800,    0.398000,   99.223274,   -3.903047,509486.70047899,  3988.19258727,513474.89306627,   0.1002058398
39900,    0.399000,   99.219366,   -3.912853,509466.63388109,  4008.25893340,513474.89281449,   0.1004576133
40000,    0.400000,   99.215448,   -3.922660,509446.51692850,  4028.37563422,513474.89256272,   0.1007093868
40100,    0.401000,   99.211521,   -3.932467,509426.34962120,  4048.54268974,513474.89231095,   0.1009611603
40200,    0.402000,   99.207583,   -3.942273,509406.13195922,  4068.76009996,513474.89205917,   0.1012129337
40300,    0.403000,   99.203636,   -3.952080,509385.86394253,  4089.02786487,513474.89180740,   0.1014647072
40400,    0.404000,   99.199679,   -3.961887,509365.54557115,  4109.34598447,513474.89155563,   0.1017164807
40500,    0.405000,   99.195712,   -3.971693,509345.17684508,  4129.71445877,513474.89130385,   0.1019682541
40600,    0.406000,   99.191736,   -3.981500,509324.75776431,  4150.13328777,513474.89105208,   0.1022200275
40700,    0.407000,   99.187749,   -3.991307,509304.28832885,  4170.60247146,513474.89080030,   0.1024718010
40800,    0.408000,   99.183753,   -4.001113,509283.76853868,  4191.12200985,513474.89054853,   0.1027235745
40900,    0.409000,   99.179747,   -4.010920,509263.19839383,  4211.69190293,513474.89029676,   0.1029753480
41000,    0.410000,   99.175731,   -4.020727,509242.57789428,  4232.31215071,513474.89004498,   0.1032271215
41100,    0.411000,   99.171705,   -4.030533,509221.90704003,  4252.98275318,513474.88979321,   0.1034788951
41200,    0.412000,   99.167670,   -4.040340,509201.18583109,  4273.70371035,513474.88954144,   0.1037306686
41300,    0.413000,   99.163625,   -4.050146,509180.41426745,  4294.47502221,513474.88928966,   0.1039824421
41400,    0.414000,   99.159569,   -4.059953,509159.59234912,  4315.29668877,513474.88903789,   0.1042342159
41500,    0.415000,   99.155505,   -4.069760,509138.72007609,  4336.16871003,513474.88878612,   0.1044859893
41600,    0.416000,   99.151430,   -4.079566,509117.79744837,  4357.09108598,513474.88853434,   0.1047377628
41700,    0.417000,   99.147345,   -4.089373,509096.82446595,  4378.06381662,513474.88828257,   0.1049895365
41800,    0.418000,   99.143251,   -4.099180,509075.80112883,  4399.08690196,513474.88803080,   0.1052413099
41900,    0.419000,   99.139147,   -4.108986,509054.72743702,  4420.16034200,513474.88777902,   0.1054930834
42000,    0.420000,   99.135033,   -4.118793,509033.60339052,  4441.28413673,513474.88752725,   0.1057448569
42100,    0.421000,   99.130909,   -4.128600,509012.42898932,  4462.45828616,513474.88727548,   0.1059966307
42200,    0.422000,   99.126776,   -4.138406,508991.20423342,  4483.68279028,513474.88702370,   0.1062484041
42300,    0.423000,   99.122632,   -4.148213,508969.92912283,  4504.95764910,513474.88677193,   0.1065001776
42400,    0.424000,   99.118479,   -4.158020,508948.60365754,  4526.28286261,513474.88652015,   0.1067519513
42500,    0.425000,   99.114316,   -4.167826,508927.22783756,  4547.65843082,513474.88626838,   0.1070037248
42600,    0.426000,   99.110143,   -4.177633,508905.80166288,  4569.08435373,513474.88601661,   0.1072554983
42700,    0.427000,   99.105961,   -4.187440,508884.32513351,  4590.56063133,513474.88576483,   0.1075072719
42800,    0.428000,   99.101768,   -4.197246,508862.79824944,  4612.08726362,513474.88551306,   0.1077590455
42900,    0.429000,   99.097566,   -4.207053,508841.22101068,  4633.66425061,513474.88526129,   0.1080108190
43000,    0.430000,   99.093354,   -4.216860,508819.59341722,  4655.29159230,513474.88500951,   0.1082625925
43100,    0.431000,   99.089132,   -4.226666,508797.91546906,  4676.96928868,513474.88475774,   0.1085143661
43200,    0.432000,   99.084901,   -4.236473,508776.18716621,  4698.69733976,513474.88450597,   0.1087661396
43300,    0.433000,   99.080659,   -4.246279,508754.40850866,  4720.47574553,513474.88425419,   0.1090179132
43400,    0.434000,   99.076408,   -4.256086,508732.57949642,  4742.30450600,513474.88400242,   0.1092696867
43500,    0.435000,   99.072147,   -4.265893,508710.70012949,  4764.18362116,513474.88375065,   0.1095214603
43600,    0.436000,   99.067876,   -4.275699,508688.77040785,  4786.11309102,513474.88349887,   0.1097732338
43700,    0.437000,   99.063596,   -4.285506,508666.79033153,  4808.09291557,513474.88324710,   0.1100250074
43800,    0.438000,   99.059305,   -4.295313,508644.75990050,  4830.12309482,513474.88299532,   0.1102767810
43900,    0.439000,   99.055005,   -4.305119,508622.67911478,  4852.20362877,513474.88274355,   0.1105285545
44000,    0.440000,   99.050695,   -4.314926,508600.54797437,  4874.33451741,513474.88249178,   0.1107803280
44100,    0.441000,   99.046375,   -4.324733,508578.36647926,  4896.51576074,513474.88224000,   0.1110321017
44200,    0.442000,   99.042045,   -4.334539,508556.13462946,  4918.74735877,513474.88198823,   0.1112838752
44300,    0.443000,   99.037706,   -4.344346,508533.85242496,  4941.02931150,513474.88173646,   0.1115356487
44400,    0.444000,   99.033356,   -4.354153,508511.51986576,  4963.36161892,513474.88148468,   0.1117874223
44500,    0.445000,   99.028997,   -4.363959,508489.13695187,  4985.74428104,513474.88123291,   0.1120391958
44600,    0.446000,   99.024628,   -4.373766,508466.70368328,  5008.17729785,513474.88098114,   0.1122909694
44700,    0.447000,   99.020250,   -4.383573,508444.22006000,  5030.66066936,513474.88072936,   0.1125427429
44800,    0.448000,   99.015861,   -4.393379,508421.68608202,  5053.19439557,513474.88047759,   0.1127945165
44900,    0.449000,   99.011463,   -4.403186,508399.10174935,  5075.77847647,513474.88022582,   0.1130462900
45000,    0.450000,   99.007055,   -4.412993,508376.46706198,  5098.41291206,513474.87997404,   0.1132980636
45100,    0.451000,   99.002637,   -4.422799,508353.78201992,  5121.09770235,513474.87972227,   0.1135498371
45200,    0.452000,   98.998209,   -4.432606,508331.04662316,  5143.83284734,513474.87947049,   0.1138016108
45300,    0.453000,   98.993771,   -4.442412,508308.26087170,  5166.61834702,513474.87921872,   0.1140533842
45400,    0.454000,   98.989324,   -4.452219,508285.42476555,  5189.45420139,513474.87896695,   0.1143051579
45500,    0.455000,   98.984867,   -4.462026,508262.53830471,  5212.34041047,513474.87871517,   0.1145569315
45600,    0.456000,   98.980400,   -4.471832,508239.60148917,  5235.27697423,513474.87846340,   0.1148087049
45700,    0.457000,   98.975923,   -4.481639,508216.61431893,  5258.26389270,513474.87821163,   0.1150604784
45800,    0.458000,   98.971436,   -4.491446,508193.57679400,  5281.30116585,513474.87795985,   0.1153122521
45900,    0.459000,   98.966940,   -4.501252,508170.48891437,  5304.38879371,513474.87770808,   0.1155640256
46000,    0.460000,   98.962434,   -4.511059,508147.35068005,  5327.52677626,513474.87745631,   0.1158157990
46100,    0.461000,   98.957918,   -4.520866,508124.16209103,  5350.71511350,513474.87720453,   0.1160675727
46200,    0.462000,   98.953392,   -4.530672,508100.92314732,  5373.95380544,513474.87695276,   0.1163193463
46300,    0.463000,   98.948856,   -4.540479,508077.63384891,  5397.24285208,513474.87670099,   0.1165711198
46400,    0.464000,   98.944311,   -4.550286,508054.29419581,  5420.58225341,513474.87644921,   0.1168228933
46500,    0.465000,   98.939756,   -4.560092,508030.90418801,  5443.97200943,513474.87619744,   0.1170746670
46600,    0.466000,   98.935191,   -4.569899,508007.46382551,  5467.41212015,513474.87594567,   0.1173264405
46700,    0.467000,   98.930616,   -4.579706,507983.97310832,  5490.90258557,513474.87569389,   0.1175782140
46800,    0.468000,   98.926031,   -4.589512,507960.43203644,  5514.44340568,513474.87544212,   0.1178299877
46900,    0.469000,   98.921437,   -4.599319,507936.84060985,  5538.03458049,513474.87519034,   0.1180817612
47000,    0.470000,   98.916832,   -4.609126,507913.19882858,  5561.67610999,513474.87493857,   0.1183335347
47100,    0.471000,   98.912218,   -4.618932,507889.50669260,  5585.36799419,513474.87468680,   0.1185853083
47200,    0.472000,   98.907594,   -4.628739,507865.76420194,  5609.11023309,513474.87443502,   0.1188370819
47300,    0.473000,   98.902961,   -4.638545,507841.97135657,  5632.90282668,513474.87418325,   0.1190888553
47400,    0.474000,   98.898317,   -4.648352,507818.12815652,  5656.74577496,513474.87393148,   0.1193406290
47500,    0.475000,   98.893664,   -4.658159,507794.23460176,  5680.63907794,513474.87367970,   0.1195924025
47600,    0.476000,   98.889001,   -4.667965,507770.29069231,  5704.58273562,513474.87342793,   0.1198441760
47700,    0.477000,   98.884328,   -4.677772,507746.29642817,  5728.57674799,513474.87317616,   0.1200959496
47800,    0.478000,   98.879645,   -4.687579,507722.25180933,  5752.62111506,513474.87292438,   0.1203477232
47900,    0.479000,   98.874953,   -4.697385,507698.15683579,  5776.71583682,513474.87267261,   0.1205994969
48000,    0.480000,   98.870250,   -4.707192,507674.01150756,  5800.86091327,513474.87242084,   0.1208512703
48100,    0.481000,   98.865538,   -4.716999,507649.81582463,  5825.05634443,513474.87216906,   0.1211030439
48200,    0.482000,   98.860816,   -4.726805,507625.56978701,  5849.30213028,513474.87191729,   0.1213548175
48300,    0.483000,   98.856085,   -4.736612,507601.27339469,  5873.59827082,513474.87166551,   0.1216065910
48400,    0.484000,   98.851343,   -4.746419,507576.92664768,  5897.94476606,513474.87141374,   0.1218583646
48500,    0.485000,   98.846592,   -4.756225,507552.52954597,  5922.34161599,513474.87116197,   0.1221101381
48600,    0.486000,   98.841830,   -4.766032,507528.08208957,  5946.78882062,513474.87091019,   0.1223619117
48700,    0.487000,   98.837059,   -4.775839,507503.58427847,  5971.28637995,513474.87065842,   0.1226136852
48800,    0.488000,   98.832279,   -4.785645,507479.03611268,  5995.83429397,513474.87040665,   0.1228654588
48900,    0.489000,   98.827488,   -4.795452,507454.43759219,  6020.43256269,513474.87015487,   0.1231172324
49000,    0.490000,   98.822688,   -4.805259,507429.78871700,  6045.08118610,513474.86990310,   0.1233690059
49100,    0.491000,   98.817877,   -4.815065,507405.08948712,  6069.78016421,513474.86965133,   0.1236207794
49200,    0.492000,   98.813057,   -4.824872,507380.33990254,  6094.52949701,513474.86939955,   0.1238725531
49300,    0.493000,   98.808228,   -4.834678,507355.53996327,  6119.32918451,513474.86914778,   0.1241243266
49400,    0.494000,   98.803388,   -4.844485,507330.68966931,  6144.17922670,513474.86889601,   0.1243761001
49500,    0.495000,   98.798539,   -4.854292,507305.78902064,  6169.07962359,513474.86864423,   0.1246278738
49600,    0.496000,   98.793679,   -4.864098,507280.83801729,  6194.03037517,513474.86839246,   0.1248796473
49700,    0.497000,   98.788810,   -4.873905,507255.83665923,  6219.03148145,513474.86814068,   0.1251314208
49800,    0.498000,   98.783931,   -4.883712,507230.78494648,  6244.08294243,513474.86788891,   0.1253831944
49900,    0.499000,   98.779043,   -4.893518,507205.68287904,  6269.18475810,513474.86763714,   0.1256349680
50000,    0.500000,   98.774144,   -4.903325,507180.53045690,  6294.33692846,513474.86738536,   0.1258867416
50100,    0.501000,   98.769236,   -4.913132,507155.32768006,  6319.53945353,513474.86713359,   0.1261385151
50200,    0.502000,   98.764318,   -4.922938,507130.07454853,  6344.79233328,513474.86688182,   0.1263902887
50300,    0.503000,   98.759390,   -4.932745,507104.77106231,  6370.09556774,513474.86663004,   0.1266420622
50400,    0.504000,   98.754452,   -4.942552,507079.41722139,  6395.44915688,513474.86637827,   0.1268938357
50500,    0.505000,   98.749505,   -4.952358,507054.01302577,  6420.85310073,513474.86612650,   0.1271456094
50600,    0.506000,   98.744547,   -4.962165,507028.55847546,  6446.30739927,513474.86587472,   0.1273973830
50700,    0.507000,   98.739580,   -4.971972,507003.05357045,  6471.81205250,513474.86562295,   0.1276491565
50800,    0.508000,   98.734603,   -4.981778,506977.49831075,  6497.36706043,513474.86537118,   0.1279009301
50900,    0.509000,   98.729617,   -4.991585,506951.89269635,  6522.97242305,513474.86511940,   0.1281527037
51000,    0.510000,   98.724620,   -5.001391,506926.23672725,  6548.62814037,513474.86486763,   0.1284044773
51100,    0.511000,   98.719614,   -5.011198,506900.53040347,  6574.33421239,513474.86461586,   0.1286562507
51200,    0.512000,   98.714598,   -5.021005,506874.77372498,  6600.09063910,513474.86436408,   0.1289080243
51300,    0.513000,   98.709572,   -5.030811,506848.96669180,  6625.89742051,513474.86411231,   0.1291597979
51400,    0.514000,   98.704536,   -5.040618,506823.10930392,  6651.75455661,513474.86386053,   0.1294115714
51500,    0.515000,   98.699490,   -5.050425,506797.20156135,  6677.66204741,513474.86360876,   0.1296633450
51600,    0.516000,   98.694435,   -5.060231,506771.24346409,  6703.61989290,513474.86335699,   0.1299151186
51700,    0.517000,   98.689370,   -5.070038,506745.23501213,  6729.62809309,513474.86310521,   0.1301668921
51800,    0.518000,   98.684295,   -5.079845,506719.17620547,  6755.68664797,513474.86285344,   0.1304186656
51900,    0.519000,   98.679210,   -5.089651,506693.06704412,  6781.79555755,513474.86260167,   0.1306704393
52000,    0.520000,   98.674115,   -5.099458,506666.90752807,  6807.95482183,513474.86234989,   0.1309222128
52100,    0.521000,   98.669011,   -5.109265,506640.69765732,  6834.16444080,513474.86209812,   0.1311739864
52200,    0.522000,   98.663897,   -5.119071,506614.43743188,  6860.42441446,513474.86184635,   0.1314257600
52300,    0.523000,   98.658773,   -5.128878,506588.12685175,  6886.73474282,513474.86159457,   0.1316775337
52400,    0.524000,   98.653639,   -5.138685,506561.76591692,  6913.09542588,513474.86134280,   0.1319293071
52500,    0.525000,   98.648495,   -5.148491,506535.35462739,  6939.50646363,513474.86109103,   0.1321810807
52600,    0.526000,   98.643342,   -5.158298,506508.89298317,  6965.96785608,513474.86083925,   0.1324328543
52700,    0.527000,   98.638179,   -5.168105,506482.38098426,  6992.47960322,513474.86058748,   0.1326846278
52800,    0.528000,   98.633006,   -5.177911,506455.81863065,  7019.04170506,513474.86033570,   0.1329364014
52900,    0.529000,   98.627823,   -5.187718,506429.20592234,  7045.65416159,513474.86008393,   0.1331881750
53000,    0.530000,   98.622630,   -5.197524,506402.54285934,  7072.31697282,513474.85983216,   0.1334399485
53100,    0.531000,   98.617428,   -5.207331,506375.82944164,  7099.03013874,513474.85958038,   0.1336917221
53200,    0.532000,   98.612215,   -5.217138,506349.06566925,  7125.79365936,513474.85932861,   0.1339434957
53300,    0.533000,   98.606993,   -5.226944,506322.25154216,  7152.60753468,513474.85907684,   0.1341952693
53400,    0.534000,   98.601761,   -5.236751,506295.38706037,  7179.47176469,513474.85882506,   0.1344470428
53500,    0.535000,   98.596520,   -5.246558,506268.47222389,  7206.38634940,513474.85857329,   0.1346988163
53600,    0.536000,   98.591268,   -5.256364,506241.50703272,  7233.35128880,513474.85832152,   0.1349505900
53700,    0.537000,   98.586007,   -5.266171,506214.49148685,  7260.36658289,513474.85806974,   0.1352023635
53800,    0.538000,   98.580736,   -5.275978,506187.42558628,  7287.43223169,513474.85781797,   0.1354541370
53900,    0.539000,   98.575455,   -5.285784,506160.30933102,  7314.54823517,513474.85756620,   0.1357059106
54000,    0.540000,   98.570164,   -5.295591,506133.14272106,  7341.71459336,513474.85731442,   0.1359576843
54100,    0.541000,   98.564863,   -5.305398,506105.92575641,  7368.93130624,513474.85706265,   0.1362094578
54200,    0.542000,   98.559553,   -5.315204,506078.65843706,  7396.19837381,513474.85681087,   0.1364612313
54300,    0.543000,   98.554233,   -5.325011,506051.34076302,  7423.51579608,513474.85655910,   0.1367130050
54400,    0.544000,   98.548903,   -5.334818,506023.97273428,  7450.88357304,513474.85630733,   0.1369647785
54500,    0.545000,   98.543563,   -5.344624,505996.55435085,  7478.30170470,513474.85605555,   0.1372165520
54600,    0.546000,   98.538214,   -5.354431,505969.08561272,  7505.77019106,513474.85580378,   0.1374683257
54700,    0.547000,   98.532854,   -5.364238,505941.56651989,  7533.28903211,513474.85555201,   0.1377200992
54800,    0.548000,   98.527485,   -5.374044,505913.99707237,  7560.85822786,513474.85530023,   0.1379718728
54900,    0.549000,   98.522106,   -5.383851,505886.37727016,  7588.47777830,513474.85504846,   0.1382236464
55000,    0.550000,   98.516717,   -5.393657,505858.70711325,  7616.14768344,513474.85479669,   0.1384754200
55100,    0.551000,   98.511319,   -5.403464,505830.98660164,  7643.86794327,513474.85454491,   0.1387271935
55200,    0.552000,   98.505910,   -5.413271,505803.21573534,  7671.63855780,513474.85429314,   0.1389789671
55300,    0.553000,   98.500492,   -5.423077,505775.39451434,  7699.45952702,513474.85404137,   0.1392307407
55400,    0.554000,   98.495064,   -5.432884,505747.52293865,  7727.33085094,513474.85378959,   0.1394825143
55500,    0.555000,   98.489626,   -5.442691,505719.60100826,  7755.25252956,513474.85353782,   0.1397342878
55600,    0.556000,   98.484178,   -5.452497,505691.62872318,  7783.22456287,513474.85328604,   0.1399860614
55700,    0.557000,   98.478721,   -5.462304,505663.60608340,  7811.24695087,513474.85303427,   0.1402378349
55800,    0.558000,   98.473254,   -5.472111,505635.53308892,  7839.31969357,513474.85278250,   0.1404896085
55900,    0.559000,   98.467777,   -5.481917,505607.40973975,  7867.44279097,513474.85253072,   0.1407413821
56000,    0.560000,   98.462290,   -5.491724,505579.23603589,  7895.61624306,513474.85227895,   0.1409931558
56100,    0.561000,   98.456793,   -5.501531,505551.01197733,  7923.84004985,513474.85202718,   0.1412449292
56200,    0.562000,   98.451287,   -5.511337,505522.73756407,  7952.11421133,513474.85177540,   0.1414967028
56300,    0.563000,   98.445770,   -5.521144,505494.41279612,  7980.43872751,513474.85152363,   0.1417484765
56400,    0.564000,   98.440244,   -5.530951,505466.03767347,  8008.81359838,513474.85127186,   0.1420002499
56500,    0.565000,   98.434708,   -5.540757,505437.61219613,  8037.23882395,513474.85102008,   0.1422520236
56600,    0.566000,   98.429163,   -5.550564,505409.13636409,  8065.71440421,513474.85076831,   0.1425037971
56700,    0.567000,   98.423607,   -5.560371,505380.61017736,  8094.24033917,513474.85051654,   0.1427555707
56800,    0.568000,   98.418042,   -5.570177,505352.03363593,  8122.81662883,513474.85026476,   0.1430073443
56900,    0.569000,   98.412467,   -5.579984,505323.40673981,  8151.44327318,513474.85001299,   0.1432591178
57000,    0.570000,   98.406882,   -5.589790,505294.72948899,  8180.12027223,513474.84976121,   0.1435108915
57100,    0.571000,   98.401287,   -5.599597,505266.00188347,  8208.84762597,513474.84950944,   0.1437626650
57200,    0.572000,   98.395682,   -5.609404,505237.22392326,  8237.62533440,513474.84925767,   0.1440144386
57300,    0.573000,   98.390068,   -5.619210,505208.39560836,  8266.45339754,513474.84900589,   0.1442662121
57400,    0.574000,   98.384444,   -5.629017,505179.51693876,  8295.33181536,513474.84875412,   0.1445179858
57500,    0.575000,   98.378810,   -5.638824,505150.58791446,  8324.26058789,513474.84850235,   0.1447697593
57600,    0.576000,   98.373166,   -5.648630,505121.60853547,  8353.23971511,513474.84825057,   0.1450215329
57700,    0.577000,   98.367513,   -5.658437,505092.57880178,  8382.26919702,513474.84799880,   0.1452733066
57800,    0.578000,   98.361849,   -5.668244,505063.49871340,  8411.34903363,513474.84774703,   0.1455250800
57900,    0.579000,   98.356176,   -5.678050,505034.36827032,  8440.47922493,513474.84749525,   0.1457768537
58000,    0.580000,   98.350493,   -5.687857,505005.18747254,  8469.65977093,513474.84724348,   0.1460286272
58100,    0.581000,   98.344800,   -5.697664,504975.95632007,  8498.89067163,513474.84699170,   0.1462804008
58200,    0.582000,   98.339098,   -5.707470,504946.67481291,  8528.17192702,513474.84673993,   0.1465321743
58300,    0.583000,   98.333385,   -5.717277,504917.34295105,  8557.50353711,513474.84648816,   0.1467839479
58400,    0.584000,   98.327663,   -5.727084,504887.96073449,  8586.88550189,513474.84623638,   0.1470357216
58500,    0.585000,   98.321931,   -5.736890,504858.52816324,  8616.31782137,513474.84598461,   0.1472874951
58600,    0.586000,   98.316189,   -5.746697,504829.04523730,  8645.80049554,513474.84573284,   0.1475392687
58700,    0.587000,   98.310437,   -5.756504,504799.51195666,  8675.33352441,513474.84548106,   0.1477910423
58800,    0.588000,   98.304676,   -5.766310,504769.92832132,  8704.91690797,513474.84522929,   0.1480428158
58900,    0.589000,   98.298905,   -5.776117,504740.29433129,  8734.55064623,513474.84497752,   0.1482945894
59000,    0.590000,   98.293124,   -5.785923,504710.60998656,  8764.23473919,513474.84472574,   0.1485463631
59100,    0.591000,   98.287333,   -5.795730,504680.87528713,  8793.96918684,513474.84447397,   0.1487981366
59200,    0.592000,   98.281532,   -5.805537,504651.09023302,  8823.75398918,513474.84422220,   0.1490499101
59300,    0.593000,   98.275722,   -5.815343,504621.25482420,  8853.58914622,513474.84397042,   0.1493016837
59400,    0.594000,   98.269901,   -5.825150,504591.36906069,  8883.47465796,513474.84371865,   0.1495534574
59500,    0.595000,   98.264071,   -5.834957,504561.43294249,  8913.41052439,513474.84346687,   0.1498052308
59600,    0.596000,   98.258231,   -5.844763,504531.44646958,  8943.39674552,513474.84321510,   0.1500570044
59700,    0.597000,   98.252382,   -5.854570,504501.40964199,  8973.43332134,513474.84296333,   0.1503087781
59800,    0.598000,   98.246522,   -5.864377,504471.32245970,  9003.52025186,513474.84271155,   0.1505605517
59900,    0.599000,   98.240653,   -5.874183,504441.18492271,  9033.65753707,513474.84245978,   0.1508123252
60000,    0.600000,   98.234774,   -5.883990,504410.99703103,  9063.84517698,513474.84220801,   0.1510640989
60100,    0.601000,   98.228885,   -5.893797,504380.75878465,  9094.08317158,513474.84195623,   0.1513158725
60200,    0.602000,   98.222986,   -5.903603,504350.47018358,  9124.37152088,513474.84170446,   0.1515676459
60300,    0.603000,   98.217077,   -5.913410,504320.13122781,  9154.71022488,513474.84145269,   0.1518194195
60400,    0.604000,   98.211159,   -5.923217,504289.74191734,  9185.09928357,513474.84120091,   0.1520711932
60500,    0.605000,   98.205231,   -5.933023,504259.30225218,  9215.53869695,513474.84094914,   0.1523229667
60600,    0.606000,   98.199293,   -5.942830,504228.81223233,  9246.02846504,513474.84069737,   0.1525747403
60700,    0.607000,   98.193345,   -5.952637,504198.27185778,  9276.56858781,513474.84044559,   0.1528265139
60800,    0.608000,   98.187387,   -5.962443,504167.68112853,  9307.15906528,513474.84019382,   0.1530782874
60900,    0.609000,   98.181420,   -5.972250,504137.04004459,  9337.79989745,513474.83994204,   0.1533300609
61000,    0.610000,   98.175443,   -5.982056,504106.34860596,  9368.49108432,513474.83969027,   0.1535818346
61100,    0.611000,   98.169456,   -5.991863,504075.60681262,  9399.23262587,513474.83943850,   0.1538336083
61200,    0.612000,   98.163459,   -6.001670,504044.81466460,  9430.02452213,513474.83918672,   0.1540853818
61300,    0.613000,   98.157452,   -6.011476,504013.97216187,  9460.86677308,513474.83893495,   0.1543371553
61400,    0.614000,   98.151436,   -6.021283,503983.07930445,  9491.75937872,513474.83868318,   0.1545889291
61500,    0.615000,   98.145410,   -6.031090,503952.13609234,  9522.70233906,513474.83843140,   0.1548407025
61600,    0.616000,   98.139374,   -6.040896,503921.14252553,  9553.69565410,513474.83817963,   0.1550924761
61700,    0.617000,   98.133328,   -6.050703,503890.09860403,  9584.73932383,513474.83792786,   0.1553442497
61800,    0.618000,   98.127272,   -6.060510,503859.00432783,  9615.83334826,513474.83767608,   0.1555960234
61900,    0.619000,   98.121207,   -6.070316,503827.85969693,  9646.97772738,513474.83742431,   0.1558477968
62000,    0.620000,   98.115131,   -6.080123,503796.66471134,  9678.17246119,513474.83717254,   0.1560995704
62100,    0.621000,   98.109046,   -6.089930,503765.41937105,  9709.41754971,513474.83692076,   0.1563513441
62200,    0.622000,   98.102952,   -6.099736,503734.12367607,  9740.71299292,513474.83666899,   0.1566031175
62300,    0.623000,   98.096847,   -6.109543,503702.77762640,  9772.05879082,513474.83641721,   0.1568548912
62400,    0.624000,   98.090732,   -6.119350,503671.38122202,  9803.45494342,513474.83616544,   0.1571066648
62500,    0.625000,   98.084608,   -6.129156,503639.93446295,  9834.90145071,513474.83591367,   0.1573584385
62600,    0.626000,   98.078474,   -6.138963,503608.43734919,  9866.39831270,513474.83566189,   0.1576102119
62700,    0.627000,   98.072330,   -6.148770,503576.88988073,  9897.94552939,513474.83541012,   0.1578619856
62800,    0.628000,   98.066176,   -6.158576,503545.29205758,  9929.54310077,513474.83515835,   0.1581137593
62900,    0.629000,   98.060013,   -6.168383,503513.64387973,  9961.19102684,513474.83490657,   0.1583655327
63000,    0.630000,   98.053839,   -6.178189,503481.94534718,  9992.88930762,513474.83465480,   0.1586173063
63100,    0.631000,   98.047656,   -6.187996,503450.19645994, 10024.63794308,513474.83440303,   0.1588690800
63200,    0.632000,   98.041463,   -6.197803,503418.39721801, 10056.43693325,513474.83415125,   0.1591208536
63300,    0.633000,   98.035261,   -6.207609,503386.54762137, 10088.28627810,513474.83389948,   0.1593726270
63400,    0.634000,   98.029048,   -6.217416,503354.64767005, 10120.18597766,513474.83364771,   0.1596244007
63500,    0.635000,   98.022826,   -6.227223,503322.69736403, 10152.13603191,513474.83339593,   0.1598761743
63600,    0.636000,   98.016593,   -6.237029,503290.69670331, 10184.13644085,513474.83314416,   0.1601279479
63700,    0.637000,   98.010351,   -6.246836,503258.64568789, 10216.18720449,513474.83289238,   0.1603797214
63800,    0.638000,   98.004100,   -6.256643,503226.54431779, 10248.28832282,513474.83264061,   0.1606314951
63900,    0.639000,   97.997838,   -6.266449,503194.39259298, 10280.43979586,513474.83238884,   0.1608832686
64000,    0.640000,   97.991567,   -6.276256,503162.19051348, 10312.64162358,513474.83213706,   0.1611350422
64100,    0.641000,   97.985285,   -6.286063,503129.93807929, 10344.89380600,513474.83188529,   0.1613868158
64200,    0.642000,   97.978994,   -6.295869,503097.63529040, 10377.19634312,513474.83163352,   0.1616385894
64300,    0.643000,   97.972694,   -6.305676,503065.28214681, 10409.54923493,513474.83138174,   0.1618903629
64400,    0.644000,   97.966383,   -6.315483,503032.87864853, 10441.95248144,513474.83112997,   0.1621421365
64500,    0.645000,   97.960063,   -6.325289,503000.42479555, 10474.40608264,513474.83087820,   0.1623939102
64600,    0.646000,   97.953732,   -6.335096,502967.92058788, 10506.91003854,513474.83062642,   0.1626456837
64700,    0.647000,   97.947392,   -6.344903,502935.36602551, 10539.46434913,513474.83037465,   0.1628974574
64800,    0.648000,   97.941042,   -6.354709,502902.76110845, 10572.06901442,513474.83012287,   0.1631492310
64900,    0.649000,   97.934683,   -6.364516,502870.10583669, 10604.72403441,513474.82987110,   0.1634010045
65000,    0.650000,   97.928313,   -6.374322,502837.40021024, 10637.42940909,513474.82961933,   0.1636527781
65100,    0.651000,   97.921934,   -6.384129,502804.64422909, 10670.18513846,513474.82936755,   0.1639045517
65200,    0.652000,   97.915545,   -6.393936,502771.83789325, 10702.99122254,513474.82911578,   0.1641563255
65300,    0.653000,   97.909146,   -6.403742,502738.98120271, 10735.84766130,513474.82886401,   0.1644080988
65400,    0.654000,   97.902737,   -6.413549,502706.07415747, 10768.75445476,513474.82861223,   0.1646598725
65500,    0.655000,   97.896319,   -6.423356,502673.11675754, 10801.71160292,513474.82836046,   0.1649116462
65600,    0.656000,   97.889891,   -6.433162,502640.10900291, 10834.71910577,513474.82810869,   0.1651634196
65700,    0.657000,   97.883452,   -6.442969,502607.05089359, 10867.77696332,513474.82785691,   0.1654151932
65800,    0.658000,   97.877005,   -6.452776,502573.94242957, 10900.88517557,513474.82760514,   0.1656669669
65900,    0.659000,   97.870547,   -6.462582,502540.78361086, 10934.04374250,513474.82735337,   0.1659187404
66000,    0.660000,   97.864079,   -6.472389,502507.57443745, 10967.25266414,513474.82710159,   0.1661705140
66100,    0.661000,   97.857602,   -6.482196,502474.31490935, 11000.51194047,513474.82684982,   0.1664222876
66200,    0.662000,   97.851115,   -6.492002,502441.00502655, 11033.82157149,513474.82659804,   0.1666740612
66300,    0.663000,   97.844618,   -6.501809,502407.64478906, 11067.18155721,513474.82634627,   0.1669258348
66400,    0.664000,   97.838111,   -6.511616,502374.23419687, 11100.59189763,513474.82609450,   0.1671776084
66500,    0.665000,   97.831594,   -6.521422,502340.77324998, 11134.05259274,513474.82584272,   0.1674293821
66600,    0.666000,   97.825068,   -6.531229,502307.26194840, 11167.56364255,513474.82559095,   0.1676811556
66700,    0.667000,   97.818532,   -6.541036,502273.70029212, 11201.12504705,513474.82533918,   0.1679329291
66800,    0.668000,   97.811986,   -6.550842,502240.08828115, 11234.73680625,513474.82508740,   0.1681847028
66900,    0.669000,   97.805430,   -6.560649,502206.42591549, 11268.39892014,513474.82483563,   0.1684364763
67000,    0.670000,   97.798865,   -6.570455,502172.71319512, 11302.11138873,513474.82458386,   0.1686882499
67100,    0.671000,   97.792289,   -6.580262,502138.95012007, 11335.87421202,513474.82433208,   0.1689400236
67200,    0.672000,   97.785704,   -6.590069,502105.13669031, 11369.68739000,513474.82408031,   0.1691917972
67300,    0.673000,   97.779109,   -6.599875,502071.27290586, 11403.55092267,513474.82382854,   0.1694435707
67400,    0.674000,   97.772504,   -6.609682,502037.35876672, 11437.46481004,513474.82357676,   0.1696953443
67500,    0.675000,   97.765889,   -6.619489,502003.39427288, 11471.42905211,513474.82332499,   0.1699471179
67600,    0.676000,   97.759265,   -6.629295,501969.37942435, 11505.44364887,513474.82307321,   0.1701988916
67700,    0.677000,   97.752631,   -6.639102,501935.31422112, 11539.50860032,513474.82282144,   0.1704506651
67800,    0.678000,   97.745987,   -6.648909,501901.19866319, 11573.62390648,513474.82256967,   0.1707024387
67900,    0.679000,   97.739333,   -6.658715,501867.03275057, 11607.78956732,513474.82231789,   0.1709542124
68000,    0.680000,   97.732669,   -6.668522,501832.81648325, 11642.00558287,513474.82206612,   0.1712059859
68100,    0.681000,   97.725996,   -6.678329,501798.54986124, 11676.27195311,513474.82181435,   0.1714577595
68200,    0.682000,   97.719312,   -6.688135,501764.23288453, 11710.58867804,513474.82156257,   0.1717095331
68300,    0.683000,   97.712619,   -6.697942,501729.86555313, 11744.95575767,513474.82131080,   0.1719613067
68400,    0.684000,   97.705916,   -6.707749,501695.44786703, 11779.37319199,513474.82105903,   0.1722130802
68500,    0.685000,   97.699204,   -6.717555,501660.97982624, 11813.84098101,513474.82080725,   0.1724648539
68600,    0.686000,   97.692481,   -6.727362,501626.46143075, 11848.35912473,513474.82055548,   0.1727166275
68700,    0.687000,   97.685749,   -6.737169,501591.89268056, 11882.92762314,513474.82030370,   0.1729684010
68800,    0.688000,   97.679007,   -6.746975,501557.27357568, 11917.54647625,513474.82005193,   0.1732201747
68900,    0.689000,   97.672255,   -6.756782,501522.60411611, 11952.21568405,513474.81980016,   0.1734719484
69000,    0.690000,   97.665493,   -6.766588,501487.88430184, 11986.93524655,513474.81954838,   0.1737237219
69100,    0.691000,   97.658722,   -6.776395,501453.11413287, 12021.70516374,513474.81929661,   0.1739754954
69200,    0.692000,   97.651940,   -6.786202,501418.29360921, 12056.52543563,513474.81904484,   0.1742272692
69300,    0.693000,   97.645149,   -6.796008,501383.42273085, 12091.39606221,513474.81879306,   0.1744790426
69400,    0.694000,   97.638348,   -6.805815,501348.50149780, 12126.31704349,513474.81854129,   0.1747308163
69500,    0.695000,   97.631537,   -6.815622,501313.52991005, 12161.28837946,513474.81828952,   0.1749825898
69600,    0.696000,   97.624717,   -6.825428,501278.50796761, 12196.31007013,513474.81803774,   0.1752343635
69700,    0.697000,   97.617886,   -6.835235,501243.43567047, 12231.38211550,513474.81778597,   0.1754861370
69800,    0.698000,   97.611046,   -6.845042,501208.31301864, 12266.50451556,513474.81753420,   0.1757379107
69900,    0.699000,   97.604196,   -6.854848,501173.14001211, 12301.67727032,513474.81728242,   0.1759896844
70000,    0.700000,   97.597336,   -6.864655,501137.91665088, 12336.90037977,513474.81703065,   0.1762414579
70100,    0.701000,   97.590467,   -6.874462,501102.64293496, 12372.17384391,513474.81677887,   0.1764932314
70200,    0.702000,   97.583587,   -6.884268,501067.31886434, 12407.49766276,513474.81652710,   0.1767450051
70300,    0.703000,   97.576698,   -6.894075,501031.94443903, 12442.87183629,513474.81627533,   0.1769967787
70400,    0.704000,   97.569799,   -6.903882,500996.51965903, 12478.29636453,513474.81602355,   0.1772485522
70500,    0.705000,   97.562890,   -6.913688,500961.04452432, 12513.77124746,513474.81577178,   0.1775003260
70600,    0.706000,   97.555972,   -6.923495,500925.51903493, 12549.29648508,513474.81552001,   0.1777520995
70700,    0.707000,   97.549043,   -6.933302,500889.94319083, 12584.87207740,513474.81526823,   0.1780038731
70800,    0.708000,   97.542105,   -6.943108,500854.31699204, 12620.49802441,513474.81501646,   0.1782556467
70900,    0.709000,   97.535157,   -6.952915,500818.64043856, 12656.17432612,513474.81476469,   0.1785074203
71000,    0.710000,   97.528199,   -6.962721,500782.91353038, 12691.90098253,513474.81451291,   0.1787591939
71100,    0.711000,   97.521231,   -6.972528,500747.13626751, 12727.67799363,513474.81426114,   0.1790109674
71200,    0.712000,   97.514254,   -6.982335,500711.30864994, 12763.50535943,513474.81400936,   0.1792627411
71300,    0.713000,   97.507267,   -6.992141,500675.43067767, 12799.38307992,513474.81375759,   0.1795145147
71400,    0.714000,   97.500270,   -7.001948,500639.50235071, 12835.31115511,513474.81350582,   0.1797662882
71500,    0.715000,   97.493263,   -7.011755,500603.52366905, 12871.28958499,513474.81325404,   0.1800180618
71600,    0.716000,   97.486246,   -7.021561,500567.49463270, 12907.31836957,513474.81300227,   0.1802698356
71700,    0.717000,   97.479219,   -7.031368,500531.41524165, 12943.39750884,513474.81275050,   0.1805216091
71800,    0.718000,   97.472183,   -7.041175,500495.28549591, 12979.52700281,513474.81249872,   0.1807733827
71900,    0.719000,   97.465137,   -7.050981,500459.10539547, 13015.70685148,513474.81224695,   0.1810251563
72000,    0.720000,   97.458081,   -7.060788,500422.87494034, 13051.93705484,513474.81199518,   0.1812769300
72100,    0.721000,   97.451015,   -7.070595,500386.59413051, 13088.21761289,513474.81174340,   0.1815287035
72200,    0.722000,   97.443940,   -7.080401,500350.26296599, 13124.54852564,513474.81149163,   0.1817804771
72300,    0.723000,   97.436854,   -7.090208,500313.88144676, 13160.92979309,513474.81123985,   0.1820322508
72400,    0.724000,   97.429759,   -7.100015,500277.44957285, 13197.36141523,513474.81098808,   0.1822840243
72500,    0.725000,   97.422654,   -7.109821,500240.96734424, 13233.84339207,513474.81073631,   0.1825357979
72600,    0.726000,   97.415539,   -7.119628,500204.43476093, 13270.37572360,513474.81048453,   0.1827875715
72700,    0.727000,   97.408415,   -7.129435,500167.85182293, 13306.95840983,513474.81023276,   0.1830393451
72800,    0.728000,   97.401281,   -7.139241,500131.21853023, 13343.59145075,513474.80998099,   0.1832911187
72900,    0.729000,   97.394136,   -7.149048,500094.53488284, 13380.27484637,513474.80972921,   0.1835428924
73000,    0.730000,   97.386982,   -7.158854,500057.80088075, 13417.00859669,513474.80947744,   0.1837946660
73100,    0.731000,   97.379819,   -7.168661,500021.01652397, 13453.79270170,513474.80922567,   0.1840464395
73200,    0.732000,   97.372645,   -7.178468,499984.18181249, 13490.62716140,513474.80897389,   0.1842982132
73300,    0.733000,   97.365461,   -7.188274,499947.29674632, 13527.51197580,513474.80872212,   0.1845499869
73400,    0.734000,   97.358268,   -7.198081,499910.36132545, 13564.44714490,513474.80847035,   0.1848017604
73500,    0.735000,   97.351065,   -7.207888,499873.37554988, 13601.43266869,513474.80821857,   0.1850535338
73600,    0.736000,   97.343852,   -7.217694,499836.33941962, 13638.46854718,513474.80796680,   0.1853053076
73700,    0.737000,   97.336630,   -7.227501,499799.25293467, 13675.55478036,513474.80771502,   0.1855570812
73800,    0.738000,   97.329397,   -7.237308,499762.11609501, 13712.69136824,513474.80746325,   0.1858088548
73900,    0.739000,   97.322155,   -7.247114,499724.92890067, 13749.87831081,513474.80721148,   0.1860606284
74000,    0.740000,   97.314903,   -7.256921,499687.69135163, 13787.11560808,513474.80695970,   0.1863124020
74100,    0.741000,   97.307641,   -7.266728,499650.40344789, 13824.40326004,513474.80670793,   0.1865641756
74200,    0.742000,   97.300369,   -7.276534,499613.06518945, 13861.74126670,513474.80645616,   0.1868159492
74300,    0.743000,   97.293088,   -7.286341,499575.67657633, 13899.12962806,513474.80620438,   0.1870677228
74400,    0.744000,   97.285797,   -7.296148,499538.23760850, 13936.56834411,513474.80595261,   0.1873194965
74500,    0.745000,   97.278496,   -7.305954,499500.74828598, 13974.05741485,513474.80570084,   0.1875712700
74600,    0.746000,   97.271185,   -7.315761,499463.20860877, 14011.59684029,513474.80544906,   0.1878230436
74700,    0.747000,   97.263864,   -7.325568,499425.61857686, 14049.18662043,513474.80519729,   0.1880748173
74800,    0.748000,   97.256533,   -7.335374,499387.97819025, 14086.82675526,513474.80494552,   0.1883265908
74900,    0.749000,   97.249193,   -7.345181,499350.28744895, 14124.51724479,513474.80469374,   0.1885783644
75000,    0.750000,   97.241843,   -7.354987,499312.54635295, 14162.25808901,513474.80444197,   0.1888301381
75100,    0.751000,   97.234483,   -7.364794,499274.75490226, 14200.04928793,513474.80419019,   0.1890819117
75200,    0.752000,   97.227113,   -7.374601,499236.91309688, 14237.89084155,513474.80393842,   0.1893336853
75300,    0.753000,   97.219734,   -7.384407,499199.02093679, 14275.78274985,513474.80368665,   0.1895854589
75400,    0.754000,   97.212344,   -7.394214,499161.07842201, 14313.72501286,513474.80343487,   0.1898372325
75500,    0.755000,   97.204945,   -7.404021,499123.08555254, 14351.71763056,513474.80318310,   0.1900890061
75600,    0.756000,   97.197536,   -7.413827,499085.04232837, 14389.76060295,513474.80293133,   0.1903407798
75700,    0.757000,   97.190117,   -7.423634,499046.94874951, 14427.85393005,513474.80267955,   0.1905925534
75800,    0.758000,   97.182689,   -7.433441,499008.80481595, 14465.99761183,513474.80242778,   0.1908443270
75900,    0.759000,   97.175250,   -7.443247,498970.61052769, 14504.19164831,513474.80217601,   0.1910961005
76000,    0.760000,   97.167802,   -7.453054,498932.36588474, 14542.43603949,513474.80192423,   0.1913478742
76100,    0.761000,   97.160344,   -7.462861,498894.07088709, 14580.73078536,513474.80167246,   0.1915996477
76200,    0.762000,   97.152876,   -7.472667,498855.72553475, 14619.07588593,513474.80142068,   0.1918514213
76300,    0.763000,   97.145399,   -7.482474,498817.32982772, 14657.47134119,513474.80116891,   0.1921031951
76400,    0.764000,   97.137911,   -7.492281,498778.88376598, 14695.91715115,513474.80091714,   0.1923549686
76500,    0.765000,   97.130414,   -7.502087,498740.38734956, 14734.41331581,513474.80066536,   0.1926067423
76600,    0.766000,   97.122907,   -7.511894,498701.84057843, 14772.95983516,513474.80041359,   0.1928585158
76700,    0.767000,   97.115390,   -7.521701,498663.24345261, 14811.55670920,513474.80016182,   0.1931102895
76800,    0.768000,   97.107864,   -7.531507,498624.59597210, 14850.20393794,513474.79991004,   0.1933620631
76900,    0.769000,   97.100327,   -7.541314,498585.89813689, 14888.90152138,513474.79965827,   0.1936138367
77000,    0.770000,   97.092781,   -7.551120,498547.14994698, 14927.64945951,513474.79940650,   0.1938656103
77100,    0.771000,   97.085225,   -7.560927,498508.35140238, 14966.44775234,513474.79915472,   0.1941173839
77200,    0.772000,   97.077659,   -7.570734,498469.50250309, 15005.29639986,513474.79890295,   0.1943691575
77300,    0.773000,   97.070083,   -7.580540,498430.60324910, 15044.19540208,513474.79865117,   0.1946209311
77400,    0.774000,   97.062498,   -7.590347,498391.65364041, 15083.14475899,513474.79839940,   0.1948727047
77500,    0.775000,   97.054902,   -7.600154,498352.65367703, 15122.14447060,513474.79814763,   0.1951244783
77600,    0.776000,   97.047297,   -7.609960,498313.60335895, 15161.19453690,513474.79789585,   0.1953762520
77700,    0.777000,   97.039682,   -7.619767,498274.50268618, 15200.29495790,513474.79764408,   0.1956280256
77800,    0.778000,   97.032058,   -7.629574,498235.35165871, 15239.44573360,513474.79739231,   0.1958797992
77900,    0.779000,   97.024423,   -7.639380,498196.15027654, 15278.64686399,513474.79714053,   0.1961315728
78000,    0.780000,   97.016779,   -7.649187,498156.89853969, 15317.89834907,513474.79688876,   0.1963833465
78100,    0.781000,   97.009125,   -7.658994,498117.59644813, 15357.20018886,513474.79663699,   0.1966351201
78200,    0.782000,   97.001461,   -7.668800,498078.24400188, 15396.55238333,513474.79638521,   0.1968868936
78300,    0.783000,   96.993787,   -7.678607,498038.84120093, 15435.95493250,513474.79613344,   0.1971386673
78400,    0.784000,   96.986103,   -7.688414,497999.38804529, 15475.40783637,513474.79588166,   0.1973904409
78500,    0.785000,   96.978410,   -7.698220,497959.88453496, 15514.91109493,513474.79562989,   0.1976422145
78600,    0.786000,   96.970707,   -7.708027,497920.33066993, 15554.46470819,513474.79537812,   0.1978939881
78700,    0.787000,   96.962994,   -7.717834,497880.72645020, 15594.06867615,513474.79512634,   0.1981457618
78800,    0.788000,   96.955271,   -7.727640,497841.07187578, 15633.72299880,513474.79487457,   0.1983975353
78900,    0.789000,   96.947539,   -7.737447,497801.36694666, 15673.42767614,513474.79462280,   0.1986493089
79000,    0.790000,   96.939796,   -7.747253,497761.61166284, 15713.18270818,513474.79437102,   0.1989010826
79100,    0.791000,   96.932044,   -7.757060,497721.80602433, 15752.98809492,513474.79411925,   0.1991528563
79200,    0.792000,   96.924282,   -7.766867,497681.95003113, 15792.84383635,513474.79386748,   0.1994046298
79300,    0.793000,   96.916510,   -7.776673,497642.04368323, 15832.74993247,513474.79361570,   0.1996564034
79400,    0.794000,   96.908728,   -7.786480,497602.08698063, 15872.70638329,513474.79336393,   0.1999081771
79500,    0.795000,   96.900937,   -7.796287,497562.07992334, 15912.71318881,513474.79311216,   0.2001599506
79600,    0.796000,   96.893136,   -7.806093,497522.02251136, 15952.77034902,513474.79286038,   0.2004117243
79700,    0.797000,   96.885325,   -7.815900,497481.91474468, 15992.87786393,513474.79260861,   0.2006634979
79800,    0.798000,   96.877504,   -7.825707,497441.75662330, 16033.03573354,513474.79235683,   0.2009152715
79900,    0.799000,   96.869673,   -7.835513,497401.54814723, 16073.24395783,513474.79210506,   0.2011670450
80000,    0.800000,   96.861833,   -7.845320,497361.28931646, 16113.50253683,513474.79185329,   0.2014188187
80100,    0.801000,   96.853983,   -7.855127,497320.98013100, 16153.81147052,513474.79160151,   0.2016705924
80200,    0.802000,   96.846122,   -7.864933,497280.62059084, 16194.17075890,513474.79134974,   0.2019223660
80300,    0.803000,   96.838253,   -7.874740,497240.21069598, 16234.58040198,513474.79109797,   0.2021741396
80400,    0.804000,   96.830373,   -7.884547,497199.75044643, 16275.04039976,513474.79084619,   0.2024259132
80500,    0.805000,   96.822483,   -7.894353,497159.23984219, 16315.55075223,513474.79059442,   0.2026776869
80600,    0.806000,   96.814584,   -7.904160,497118.67888325, 16356.11145940,513474.79034265,   0.2029294603
80700,    0.807000,   96.806675,   -7.913967,497078.06756961, 16396.72252126,513474.79009087,   0.2031812341
80800,    0.808000,   96.798756,   -7.923773,497037.40590128, 16437.38393782,513474.78983910,   0.2034330078
80900,    0.809000,   96.790827,   -7.933580,496996.69387825, 16478.09570907,513474.78958732,   0.2036847813
81000,    0.810000,   96.782889,   -7.943386,496955.93150053, 16518.85783502,513474.78933555,   0.2039365550
81100,    0.811000,   96.774940,   -7.953193,496915.11876811, 16559.67031566,513474.78908378,   0.2041883286
81200,    0.812000,   96.766982,   -7.963000,496874.25568100, 16600.53315100,513474.78883200,   0.2044401022
81300,    0.813000,   96.759014,   -7.972806,496833.34223919, 16641.44634104,513474.78858023,   0.2046918757
81400,    0.814000,   96.751037,   -7.982613,496792.37844269, 16682.40988577,513474.78832846,   0.2049436494
81500,    0.815000,   96.743049,   -7.992420,496751.36429149, 16723.42378519,513474.78807668,   0.2051954230
81600,    0.816000,   96.735052,   -8.002226,496710.29978559, 16764.48803931,513474.78782491,   0.2054471966
81700,    0.817000,   96.727044,   -8.012033,496669.18492500, 16805.60264813,513474.78757314,   0.2056989702
81800,    0.818000,   96.719027,   -8.021840,496628.01970972, 16846.76761164,513474.78732136,   0.2059507439
81900,    0.819000,   96.711001,   -8.031646,496586.80413974, 16887.98292985,513474.78706959,   0.2062025174
82000,    0.820000,   96.702964,   -8.041453,496545.53821506, 16929.24860275,513474.78681781,   0.2064542911
82100,    0.821000,   96.694918,   -8.051260,496504.22193569, 16970.56463035,513474.78656604,   0.2067060649
82200,    0.822000,   96.686861,   -8.061066,496462.85530162, 17011.93101265,513474.78631427,   0.2069578383
82300,    0.823000,   96.678795,   -8.070873,496421.43831286, 17053.34774963,513474.78606249,   0.2072096120
82400,    0.824000,   96.670720,   -8.080680,496379.97096940, 17094.81484132,513474.78581072,   0.2074613856
82500,    0.825000,   96.662634,   -8.090486,496338.45327125, 17136.33228770,513474.78555895,   0.2077131593
82600,    0.826000,   96.654539,   -8.100293,496296.88521840, 17177.90008877,513474.78530717,   0.2079649327
82700,    0.827000,   96.646433,   -8.110100,496255.26681085, 17219.51824455,513474.78505540,   0.2082167065
82800,    0.828000,   96.638318,   -8.119906,496213.59804861, 17261.18675501,513474.78480363,   0.2084684801
82900,    0.829000,   96.630193,   -8.129713,496171.87893168, 17302.90562017,513474.78455185,   0.2087202537
83000,    0.830000,   96.622059,   -8.139519,496130.10946005, 17344.67484003,513474.78430008,   0.2089720274
83100,    0.831000,   96.613914,   -8.149326,496088.28963372, 17386.49441458,513474.78404830,   0.2092238010
83200,    0.832000,   96.605760,   -8.159133,496046.41945270, 17428.36434383,513474.78379653,   0.2094755746
83300,    0.833000,   96.597596,   -8.168939,496004.49891698, 17470.28462777,513474.78354476,   0.2097273481
83400,    0.834000,   96.589422,   -8.178746,495962.52802657, 17512.25526641,513474.78329298,   0.2099791219
83500,    0.835000,   96.581238,   -8.188553,495920.50678146, 17554.27625975,513474.78304121,   0.2102308955
83600,    0.836000,   96.573045,   -8.198359,495878.43518166, 17596.34760778,513474.78278944,   0.2104826691
83700,    0.837000,   96.564841,   -8.208166,495836.31322716, 17638.46931050,513474.78253766,   0.2107344427
83800,    0.838000,   96.556628,   -8.217973,495794.14091797, 17680.64136792,513474.78228589,   0.2109862164
83900,    0.839000,   96.548405,   -8.227779,495751.91825408, 17722.86378004,513474.78203412,   0.2112379899
84000,    0.840000,   96.540173,   -8.237586,495709.64523549, 17765.13654685,513474.78178234,   0.2114897635
84100,    0.841000,   96.531930,   -8.247393,495667.32186221, 17807.45966836,513474.78153057,   0.2117415371
84200,    0.842000,   96.523678,   -8.257199,495624.94813424, 17849.83314456,513474.78127879,   0.2119933109
84300,    0.843000,   96.515416,   -8.267006,495582.52405157, 17892.25697546,513474.78102702,   0.2122450844
84400,    0.844000,   96.507144,   -8.276813,495540.04961420, 17934.73116105,513474.78077525,   0.2124968580
84500,    0.845000,   96.498862,   -8.286619,495497.52482214, 17977.25570134,513474.78052347,   0.2127486318
84600,    0.846000,   96.490570,   -8.296426,495454.94967538, 18019.83059632,513474.78027170,   0.2130004053
84700,    0.847000,   96.482269,   -8.306233,495412.32417393, 18062.45584600,513474.78001993,   0.2132521790
84800,    0.848000,   96.473958,   -8.316039,495369.64831778, 18105.13145038,513474.77976815,   0.2135039526
84900,    0.849000,   96.465637,   -8.325846,495326.92210693, 18147.85740945,513474.77951638,   0.2137557263
85000,    0.850000,   96.457306,   -8.335652,495284.14554139, 18190.63372321,513474.77926461,   0.2140074999
85100,    0.851000,   96.448965,   -8.345459,495241.31862116, 18233.46039167,513474.77901283,   0.2142592735
85200,    0.852000,   96.440615,   -8.355266,495198.44134623, 18276.33741483,513474.77876106,   0.2145110471
85300,    0.853000,   96.432255,   -8.365072,495155.51371660, 18319.26479268,513474.77850929,   0.2147628207
85400,    0.854000,   96.423885,   -8.374879,495112.53573228, 18362.24252523,513474.77825751,   0.2150145943
85500,    0.855000,   96.415505,   -8.384686,495069.50739327, 18405.27061247,513474.77800574,   0.2152663681
85600,    0.856000,   96.407115,   -8.394492,495026.42869955, 18448.34905441,513474.77775396,   0.2155181416
85700,    0.857000,   96.398716,   -8.404299,494983.29965115, 18491.47785104,513474.77750219,   0.2157699152
85800,    0.858000,   96.390307,   -8.414106,494940.12024804, 18534.65700237,513474.77725042,   0.2160216889
85900,    0.859000,   96.381888,   -8.423912,494896.89049025, 18577.88650840,513474.77699864,   0.2162734625
86000,    0.860000,   96.373459,   -8.433719,494853.61037775, 18621.16636912,513474.77674687,   0.2165252361
86100,    0.861000,   96.365020,   -8.443526,494810.27991056, 18664.49658453,513474.77649510,   0.2167770098
86200,    0.862000,   96.356572,   -8.453332,494766.89908868, 18707.87715464,513474.77624332,   0.2170287835
86300,    0.863000,   96.348113,   -8.463139,494723.46791210, 18751.30807945,513474.77599155,   0.2172805570
86400,    0.864000,   96.339645,   -8.472946,494679.98638082, 18794.78935895,513474.77573978,   0.2175323306
86500,    0.865000,   96.331167,   -8.482752,494636.45449485, 18838.32099315,513474.77548800,   0.2177841043
86600,    0.866000,   96.322680,   -8.492559,494592.87225419, 18881.90298204,513474.77523623,   0.2180358779
86700,    0.867000,   96.314182,   -8.502366,494549.23965883, 18925.53532563,513474.77498445,   0.2182876515
86800,    0.868000,   96.305675,   -8.512172,494505.55670877, 18969.21802391,513474.77473268,   0.2185394252
86900,    0.869000,   96.297158,   -8.521979,494461.82340402, 19012.95107689,513474.77448091,   0.2187911989
87000,    0.870000,   96.288631,   -8.531785,494418.03974457, 19056.73448456,513474.77422913,   0.2190429724
87100,    0.871000,   96.280094,   -8.541592,494374.20573043, 19100.56824693,513474.77397736,   0.2192947461
87200,    0.872000,   96.271547,   -8.551399,494330.32136159, 19144.45236400,513474.77372559,   0.2195465197
87300,    0.873000,   96.262991,   -8.561205,494286.38663805, 19188.38683576,513474.77347381,   0.2197982933
87400,    0.874000,   96.254425,   -8.571012,494242.40155982, 19232.37166222,513474.77322204,   0.2200500669
87500,    0.875000,   96.245849,   -8.580819,494198.36612690, 19276.40684337,513474.77297027,   0.2203018406
87600,    0.876000,   96.237263,   -8.590625,494154.28033928, 19320.49237921,513474.77271849,   0.2205536143
87700,    0.877000,   96.228668,   -8.600432,494110.14419696, 19364.62826976,513474.77246672,   0.2208053878
87800,    0.878000,   96.220062,   -8.610239,494065.95769995, 19408.81451499,513474.77221494,   0.2210571615
87900,    0.879000,   96.211447,   -8.620045,494021.72084824, 19453.05111493,513474.77196317,   0.2213089351
88000,    0.880000,   96.202822,   -8.629852,493977.43364184, 19497.33806955,513474.77171140,   0.2215607087
88100,    0.881000,   96.194187,   -8.639659,493933.09608074, 19541.67537888,513474.77145962,   0.2218124823
88200,    0.882000,   96.185543,   -8.649465,493888.70816495, 19586.06304290,513474.77120785,   0.2220642561
88300,    0.883000,   96.176888,   -8.659272,493844.26989446, 19630.50106161,513474.77095608,   0.2223160297
88400,    0.884000,   96.168224,   -8.669079,493799.78126928, 19674.98943502,513474.77070430,   0.2225678032
88500,    0.885000,   96.159550,   -8.678885,493755.24228940, 19719.52816313,513474.77045253,   0.2228195769
88600,    0.886000,   96.150866,   -8.688692,493710.65295483, 19764.11724593,513474.77020076,   0.2230713506
88700,    0.887000,   96.142172,   -8.698499,493666.01326556, 19808.75668343,513474.76994898,   0.2233231241
88800,    0.888000,   96.133469,   -8.708305,493621.32322159, 19853.44647562,513474.76969721,   0.2235748977
88900,    0.889000,   96.124756,   -8.718112,493576.58282293, 19898.18662250,513474.76944543,   0.2238266715
89000,    0.890000,   96.116033,   -8.727918,493531.79206957, 19942.97712409,513474.76919366,   0.2240784451
89100,    0.891000,   96.107300,   -8.737725,493486.95096152, 19987.81798037,513474.76894189,   0.2243302187
89200,    0.892000,   96.098557,   -8.747532,493442.05949877, 20032.70919134,513474.76869011,   0.2245819924
89300,    0.893000,   96.089805,   -8.757338,493397.11768133, 20077.65075701,513474.76843834,   0.2248337660
89400,    0.894000,   96.081042,   -8.767145,493352.12550919, 20122.64267737,513474.76818657,   0.2250855396
89500,    0.895000,   96.072270,   -8.776952,493307.08298236, 20167.68495243,513474.76793479,   0.2253373131
89600,    0.896000,   96.063488,   -8.786758,493261.99010083, 20212.77758219,513474.76768302,   0.2255890870
89700,    0.897000,   96.054697,   -8.796565,493216.84686461, 20257.92056664,513474.76743125,   0.2258408605
89800,    0.898000,   96.045895,   -8.806372,493171.65327369, 20303.11390578,513474.76717947,   0.2260926341
89900,    0.899000,   96.037084,   -8.816178,493126.40932807, 20348.35759963,513474.76692770,   0.2263444078
90000,    0.900000,   96.028263,   -8.825985,493081.11502776, 20393.65164816,513474.76667592,   0.2265961814
90100,    0.901000,   96.019432,   -8.835792,493035.77037275, 20438.99605140,513474.76642415,   0.2268479551
90200,    0.902000,   96.010591,   -8.845598,492990.37536305, 20484.39080932,513474.76617238,   0.2270997287
90300,    0.903000,   96.001740,   -8.855405,492944.92999866, 20529.83592195,513474.76592060,   0.2273515023
90400,    0.904000,   95.992880,   -8.865212,492899.43427956, 20575.33138927,513474.76566883,   0.2276032760
90500,    0.905000,   95.984010,   -8.875018,492853.88820578, 20620.87721128,513474.76541706,   0.2278550496
90600,    0.906000,   95.975130,   -8.884825,492808.29177729, 20666.47338799,513474.76516528,   0.2281068233
90700,    0.907000,   95.966240,   -8.894632,492762.64499411, 20712.11991939,513474.76491351,   0.2283585969
90800,    0.908000,   95.957341,   -8.904438,492716.94785624, 20757.81680549,513474.76466174,   0.2286103704
90900,    0.909000,   95.948431,   -8.914245,492671.20036367, 20803.56404629,513474.76440996,   0.2288621442
91000,    0.910000,   95.939512,   -8.924051,492625.40251641, 20849.36164178,513474.76415819,   0.2291139178
91100,    0.911000,   95.930583,   -8.933858,492579.55431445, 20895.20959197,513474.76390641,   0.2293656914
91200,    0.912000,   95.921644,   -8.943665,492533.65575779, 20941.10789685,513474.76365464,   0.2296174651
91300,    0.913000,   95.912696,   -8.953471,492487.70684644, 20987.05655643,513474.76340287,   0.2298692387
91400,    0.914000,   95.903737,   -8.963278,492441.70758039, 21033.05557070,513474.76315109,   0.2301210123
91500,    0.915000,   95.894769,   -8.973085,492395.65795965, 21079.10493967,513474.76289932,   0.2303727859
91600,    0.916000,   95.885791,   -8.982891,492349.55798421, 21125.20466333,513474.76264755,   0.2306245597
91700,    0.917000,   95.876803,   -8.992698,492303.40765408, 21171.35474169,513474.76239577,   0.2308763332
91800,    0.918000,   95.867805,   -9.002505,492257.20696925, 21217.55517475,513474.76214400,   0.2311281068
91900,    0.919000,   95.858798,   -9.012311,492210.95592973, 21263.80596250,513474.76189223,   0.2313798805
92000,    0.920000,   95.849781,   -9.022118,492164.65453551, 21310.10710494,513474.76164045,   0.2316316542
92100,    0.921000,   95.840754,   -9.031925,492118.30278659, 21356.45860208,513474.76138868,   0.2318834278
92200,    0.922000,   95.831717,   -9.041731,492071.90068298, 21402.86045392,513474.76113690,   0.2321352014
92300,    0.923000,   95.822670,   -9.051538,492025.44822468, 21449.31266045,513474.76088513,   0.2323869751
92400,    0.924000,   95.813613,   -9.061345,491978.94541168, 21495.81522168,513474.76063336,   0.2326387487
92500,    0.925000,   95.804547,   -9.071151,491932.39224398, 21542.36813760,513474.76038158,   0.2328905223
92600,    0.926000,   95.795471,   -9.080958,491885.78872159, 21588.97140822,513474.76012981,   0.2331422960
92700,    0.927000,   95.786385,   -9.090765,491839.13484450, 21635.62503353,513474.75987804,   0.2333940697
92800,    0.928000,   95.777289,   -9.100571,491792.43061272, 21682.32901354,513474.75962626,   0.2336458432
92900,    0.929000,   95.768184,   -9.110378,491745.67602624, 21729.08334825,513474.75937449,   0.2338976170
93000,    0.930000,   95.759069,   -9.120184,491698.87108507, 21775.88803765,513474.75912272,   0.2341493907
93100,    0.931000,   95.749943,   -9.129991,491652.01578920, 21822.74308174,513474.75887094,   0.2344011642
93200,    0.932000,   95.740809,   -9.139798,491605.11013863, 21869.64848053,513474.75861917,   0.2346529378
93300,    0.933000,   95.731664,   -9.149604,491558.15413337, 21916.60423402,513474.75836739,   0.2349047115
93400,    0.934000,   95.722509,   -9.159411,491511.14777342, 21963.61034220,513474.75811562,   0.2351564851
93500,    0.935000,   95.713345,   -9.169218,491464.09105877, 22010.66680508,513474.75786385,   0.2354082587
93600,    0.936000,   95.704171,   -9.179024,491416.98398942, 22057.77362265,513474.75761207,   0.2356600324
93700,    0.937000,   95.694987,   -9.188831,491369.82656538, 22104.93079492,513474.75736030,   0.2359118060
93800,    0.938000,   95.685793,   -9.198638,491322.61878664, 22152.13832188,513474.75710853,   0.2361635797
93900,    0.939000,   95.676589,   -9.208444,491275.36065321, 22199.39620354,513474.75685675,   0.2364153533
94000,    0.940000,   95.667376,   -9.218251,491228.05216508, 22246.70443989,513474.75660498,   0.2366671271
94100,    0.941000,   95.658153,   -9.228058,491180.69332226, 22294.06303094,513474.75635321,   0.2369189006
94200,    0.942000,   95.648920,   -9.237864,491133.28412474, 22341.47197669,513474.75610143,   0.2371706742
94300,    0.943000,   95.639677,   -9.247671,491085.82457253, 22388.93127713,513474.75584966,   0.2374224479
94400,    0.944000,   95.630424,   -9.257478,491038.31466562, 22436.44093226,513474.75559788,   0.2376742216
94500,    0.945000,   95.621162,   -9.267284,490990.75440401, 22484.00094210,513474.75534611,   0.2379259952
94600,    0.946000,   95.611890,   -9.277091,490943.14378771, 22531.61130662,513474.75509434,   0.2381777688
94700,    0.947000,   95.602608,   -9.286898,490895.48281672, 22579.27202584,513474.75484256,   0.2384295426
94800,    0.948000,   95.593316,   -9.296704,490847.77149103, 22626.98309976,513474.75459079,   0.2386813161
94900,    0.949000,   95.584014,   -9.306511,490800.00981064, 22674.74452838,513474.75433902,   0.2389330898
95000,    0.950000,   95.574703,   -9.316317,490752.19777556, 22722.55631168,513474.75408724,   0.2391848635
95100,    0.951000,   95.565381,   -9.326124,490704.33538578, 22770.41844969,513474.75383547,   0.2394366371
95200,    0.952000,   95.556050,   -9.335931,490656.42264131, 22818.33094239,513474.75358370,   0.2396884107
95300,    0.953000,   95.546709,   -9.345737,490608.45954214, 22866.29378978,513474.75333192,   0.2399401845
95400,    0.954000,   95.537359,   -9.355544,490560.44608828, 22914.30699187,513474.75308015,   0.2401919581
95500,    0.955000,   95.527998,   -9.365351,490512.38227972, 22962.37054866,513474.75282837,   0.2404437316
95600,    0.956000,   95.518628,   -9.375157,490464.26811646, 23010.48446014,513474.75257660,   0.2406955053
95700,    0.957000,   95.509248,   -9.384964,490416.10359851, 23058.64872631,513474.75232483,   0.2409472790
95800,    0.958000,   95.499858,   -9.394771,490367.88872587, 23106.86334719,513474.75207305,   0.2411990526
95900,    0.959000,   95.490458,   -9.404577,490319.62349853, 23155.12832275,513474.75182128,   0.2414508262
96000,    0.960000,   95.481049,   -9.414384,490271.30791649, 23203.44365302,513474.75156951,   0.2417025999
96100,    0.961000,   95.471629,   -9.424191,490222.94197976, 23251.80933797,513474.75131773,   0.2419543735
96200,    0.962000,   95.462200,   -9.433997,490174.52568833, 23300.22537763,513474.75106596,   0.2422061472
96300,    0.963000,   95.452761,   -9.443804,490126.05904221, 23348.69177198,513474.75081418,   0.2424579209
96400,    0.964000,   95.443312,   -9.453611,490077.54204139, 23397.20852102,513474.75056241,   0.2427096945
96500,    0.965000,   95.433854,   -9.463417,490028.97468588, 23445.77562476,513474.75031064,   0.2429614681
96600,    0.966000,   95.424385,   -9.473224,489980.35697567, 23494.39308320,513474.75005886,   0.2432132418
96700,    0.967000,   95.414907,   -9.483031,489931.68891076, 23543.06089633,513474.74980709,   0.2434650155
96800,    0.968000,   95.405419,   -9.492837,489882.97049116, 23591.77906415,513474.74955532,   0.2437167891
96900,    0.969000,   95.395922,   -9.502644,489834.20171687, 23640.54758667,513474.74930354,   0.2439685627
97000,    0.970000,   95.386414,   -9.512450,489785.38258788, 23689.36646389,513474.74905177,   0.2442203364
97100,    0.971000,   95.376897,   -9.522257,489736.51310419, 23738.23569580,513474.74880000,   0.2444721100
97200,    0.972000,   95.367369,   -9.532064,489687.59326581, 23787.15528241,513474.74854822,   0.2447238836
97300,    0.973000,   95.357832,   -9.541870,489638.62307273, 23836.12522371,513474.74829645,   0.2449756573
97400,    0.974000,   95.348285,   -9.551677,489589.60252496, 23885.14551971,513474.74804467,   0.2452274311
97500,    0.975000,   95.338729,   -9.561484,489540.53162249, 23934.21617041,513474.74779290,   0.2454792046
97600,    0.976000,   95.329162,   -9.571290,489491.41036533, 23983.33717580,513474.74754113,   0.2457309783
97700,    0.977000,   95.319586,   -9.581097,489442.23875347, 24032.50853588,513474.74728935,   0.2459827519
97800,    0.978000,   95.310000,   -9.590904,489393.01678692, 24081.73025066,513474.74703758,   0.2462345256
97900,    0.979000,   95.300404,   -9.600710,489343.74446567, 24131.00232014,513474.74678581,   0.2464862991
98000,    0.980000,   95.290799,   -9.610517,489294.42178972, 24180.32474431,513474.74653403,   0.2467380728
98100,    0.981000,   95.281183,   -9.620324,489245.04875908, 24229.69752318,513474.74628226,   0.2469898466
98200,    0.982000,   95.271558,   -9.630130,489195.62537375, 24279.12065674,513474.74603049,   0.2472416201
98300,    0.983000,   95.261923,   -9.639937,489146.15163372, 24328.59414499,513474.74577871,   0.2474933938
98400,    0.984000,   95.252278,   -9.649744,489096.62753899, 24378.11798795,513474.74552694,   0.2477451675
98500,    0.985000,   95.242623,   -9.659550,489047.05308957, 24427.69218560,513474.74527516,   0.2479969412
98600,    0.986000,   95.232959,   -9.669357,488997.42828545, 24477.31673794,513474.74502339,   0.2482487147
98700,    0.987000,   95.223284,   -9.679164,488947.75312664, 24526.99164498,513474.74477162,   0.2485004884
98800,    0.988000,   95.213600,   -9.688970,488898.02761313, 24576.71690671,513474.74451984,   0.2487522620
98900,    0.989000,   95.203906,   -9.698777,488848.25174493, 24626.49252314,513474.74426807,   0.2490040357
99000,    0.990000,   95.194203,   -9.708583,488798.42552203, 24676.31849427,513474.74401630,   0.2492558093
99100,    0.991000,   95.184489,   -9.718390,488748.54894443, 24726.19482009,513474.74376452,   0.2495075832
99200,    0.992000,   95.174766,   -9.728197,488698.62201214, 24776.12150061,513474.74351275,   0.2497593567
99300,    0.993000,   95.165033,   -9.738003,488648.64472516, 24826.09853582,513474.74326098,   0.2500111303
99400,    0.994000,   95.155290,   -9.747810,488598.61708348, 24876.12592573,513474.74300920,   0.2502629041
99500,    0.995000,   95.145537,   -9.757617,488548.53908710, 24926.20367033,513474.74275743,   0.2505146776
99600,    0.996000,   95.135774,   -9.767423,488498.41073603, 24976.33176963,513474.74250565,   0.2507664512
99700,    0.997000,   95.126002,   -9.777230,488448.23203026, 25026.51022362,513474.74225388,   0.2510182249
99800,    0.998000,   95.116220,   -9.787037,488398.00296980, 25076.73903231,513474.74200211,   0.2512699986
99900,    0.999000,   95.106428,   -9.796843,488347.72355464, 25127.01819569,513474.74175033,   0.2515217722
100000,    1.000000,   95.096626,   -9.806650,488297.39378479, 25177.34771377,513474.74149856,   0.2517735459
100100,    1.001000,   95.086814,   -9.816457,488247.01366024, 25227.72758655,513474.74124679,   0.2520253196
100200,    1.002000,   95.076993,   -9.826263,488196.58318099, 25278.15781402,513474.74099501,   0.2522770932
100300,    1.003000,   95.067162,   -9.836070,488146.10234705, 25328.63839618,513474.74074324,   0.2525288668
100400,    1.004000,   95.057321,   -9.845877,488095.57115842, 25379.16933305,513474.74049147,   0.2527806406
100500,    1.005000,   95.047470,   -9.855683,488044.98961509, 25429.75062460,513474.74023969,   0.2530324142
100600,    1.006000,   95.037609,   -9.865490,487994.35771706, 25480.38227085,513474.73998792,   0.2532841878
100700,    1.007000,   95.027739,   -9.875297,487943.67546434, 25531.06427180,513474.73973614,   0.2535359616
100800,    1.008000,   95.017859,   -9.885103,487892.94285692, 25581.79662745,513474.73948437,   0.2537877352
100900,    1.009000,   95.007969,   -9.894910,487842.15989481, 25632.57933778,513474.73923260,   0.2540395088
101000,    1.010000,   94.998069,   -9.904716,487791.32657801, 25683.41240282,513474.73898082,   0.2542912824
101100,    1.011000,   94.988159,   -9.914523,487740.44290650, 25734.29582255,513474.73872905,   0.2545430561
101200,    1.012000,   94.978239,   -9.924330,487689.50888030, 25785.22959697,513474.73847728,   0.2547948298
101300,    1.013000,   94.968310,   -9.934136,487638.52449941, 25836.21372609,513474.73822550,   0.2550466034
101400,    1.014000,   94.958371,   -9.943943,487587.48976382, 25887.24820991,513474.73797373,   0.2552983771
101500,    1.015000,   94.948422,   -9.953750,487536.40467354, 25938.33304842,513474.73772196,   0.2555501507
101600,    1.016000,   94.938464,   -9.963556,487485.26922856, 25989.46824163,513474.73747018,   0.2558019243
101700,    1.017000,   94.928495,   -9.973363,487434.08342888, 26040.65378953,513474.73721841,   0.2560536980
101800,    1.018000,   94.918517,   -9.983170,487382.84727451, 26091.88969213,513474.73696663,   0.2563054718
101900,    1.019000,   94.908529,   -9.992976,487331.56076544, 26143.17594942,513474.73671486,   0.2565572453
102000,    1.020000,   94.898531,  -10.002783,487280.22390168, 26194.51256141,513474.73646309,   0.2568090190
102100,    1.021000,   94.888523,  -10.012590,487228.83668322, 26245.89952809,513474.73621131,   0.2570607926
102200,    1.022000,   94.878505,  -10.022396,487177.39911007, 26297.33684947,513474.73595954,   0.2573125664
102300,    1.023000,   94.868478,  -10.032203,487125.91118222, 26348.82452554,513474.73570777,   0.2575643399
102400,    1.024000,   94.858441,  -10.042010,487074.37289968, 26400.36255631,513474.73545599,   0.2578161136
102500,    1.025000,   94.848394,  -10.051816,487022.78426244, 26451.95094178,513474.73520422,   0.2580678874
102600,    1.026000,   94.838337,  -10.061623,486971.14527050, 26503.58968194,513474.73495244,   0.2583196609
102700,    1.027000,   94.828271,  -10.071430,486919.45592387, 26555.27877680,513474.73470067,   0.2585714346
102800,    1.028000,   94.818194,  -10.081236,486867.71622255, 26607.01822635,513474.73444890,   0.2588232083
102900,    1.029000,   94.808108,  -10.091043,486815.92616653, 26658.80803060,513474.73419712,   0.2590749819
103000,    1.030000,   94.798012,  -10.100849,486764.08575581, 26710.64818954,513474.73394535,   0.2593267555
103100,    1.031000,   94.787906,  -10.110656,486712.19499040, 26762.53870318,513474.73369358,   0.2595785293
103200,    1.032000,   94.777791,  -10.120463,486660.25387029, 26814.47957151,513474.73344180,   0.2598303029
103300,    1.033000,   94.767665,  -10.130269,486608.26239549, 26866.47079454,513474.73319003,   0.2600820767
103400,    1.034000,   94.757530,  -10.140076,486556.22056599, 26918.51237226,513474.73293826,   0.2603338502
103500,    1.035000,   94.747385,  -10.149883,486504.12838180, 26970.60430468,513474.73268648,   0.2605856239
103600,    1.036000,   94.737230,  -10.159689,486451.98584291, 27022.74659180,513474.73243471,   0.2608373975
103700,    1.037000,   94.727065,  -10.169496,486399.79294933, 27074.93923361,513474.73218293,   0.2610891712
103800,    1.038000,   94.716891,  -10.179303,486347.54970105, 27127.18223011,513474.73193116,   0.2613409449
103900,    1.039000,   94.706707,  -10.189109,486295.25609807, 27179.47558132,513474.73167939,   0.2615927185
104000,    1.040000,   94.696513,  -10.198916,486242.91214040, 27231.81928721,513474.73142761,   0.2618444921
104100,    1.041000,   94.686309,  -10.208723,486190.51782804, 27284.21334780,513474.73117584,   0.2620962659
104200,    1.042000,   94.676095,  -10.218529,486138.07316097, 27336.65776309,513474.73092407,   0.2623480395
104300,    1.043000,   94.665872,  -10.228336,486085.57813922, 27389.15253308,513474.73067229,   0.2625998131
104400,    1.044000,   94.655638,  -10.238143,486033.03276276, 27441.69765775,513474.73042052,   0.2628515868
104500,    1.045000,   94.645395,  -10.247949,485980.43703162, 27494.29313713,513474.73016875,   0.2631033606
104600,    1.046000,   94.635142,  -10.257756,485927.79094577, 27546.93897120,513474.72991697,   0.2633551342
104700,    1.047000,   94.624880,  -10.267563,485875.09450524, 27599.63515996,513474.72966520,   0.2636069078
104800,    1.048000,   94.614607,  -10.277369,485822.34771000, 27652.38170342,513474.72941342,   0.2638586815
104900,    1.049000,   94.604325,  -10.287176,485769.55056007, 27705.17860158,513474.72916165,   0.2641104552
105000,    1.050000,   94.594033,  -10.296982,485716.70305545, 27758.02585443,513474.72890988,   0.2643622287
105100,    1.051000,   94.583731,  -10.306789,485663.80519613, 27810.92346198,513474.72865810,   0.2646140024
105200,    1.052000,   94.573419,  -10.316596,485610.85698211, 27863.87142422,513474.72840633,   0.2648657762
105300,    1.053000,   94.563097,  -10.326402,485557.85841340, 27916.86974116,513474.72815456,   0.2651175497
105400,    1.054000,   94.552766,  -10.336209,485504.80948999, 27969.91841279,513474.72790278,   0.2653693235
105500,    1.055000,   94.542425,  -10.346016,485451.71021189, 28023.01743912,513474.72765101,   0.2656210971
105600,    1.056000,   94.532074,  -10.355822,485398.56057909, 28076.16682014,513474.72739923,   0.2658728708
105700,    1.057000,   94.521713,  -10.365629,485345.36059160, 28129.36655586,513474.72714746,   0.2661246444
105800,    1.058000,   94.511343,  -10.375436,485292.11024941, 28182.61664627,513474.72689569,   0.2663764181
105900,    1.059000,   94.500962,  -10.385242,485238.80955253, 28235.91709138,513474.72664391,   0.2666281919
106000,    1.060000,   94.490572,  -10.395049,485185.45850095, 28289.26789119,513474.72639214,   0.2668799654
106100,    1.061000,   94.480172,  -10.404856,485132.05709468, 28342.66904569,513474.72614037,   0.2671317391
106200,    1.062000,   94.469762,  -10.414662,485078.60533371, 28396.12055489,513474.72588859,   0.2673835129
106300,    1.063000,   94.459343,  -10.424469,485025.10321804, 28449.62241878,513474.72563682,   0.2676352864
106400,    1.064000,   94.448913,  -10.434276,484971.55074768, 28503.17463736,513474.72538505,   0.2678870601
106500,    1.065000,   94.438474,  -10.444082,484917.94792262, 28556.77721065,513474.72513327,   0.2681388338
106600,    1.066000,   94.428025,  -10.453889,484864.29474287, 28610.43013863,513474.72488150,   0.2683906075
106700,    1.067000,   94.417566,  -10.463696,484810.59120843, 28664.13342130,513474.72462972,   0.2686423811
106800,    1.068000,   94.407097,  -10.473502,484756.83731928, 28717.88705867,513474.72437795,   0.2688941547
106900,    1.069000,   94.396619,  -10.483309,484703.03307545, 28771.69105073,513474.72412618,   0.2691459285
107000,    1.070000,   94.386131,  -10.493115,484649.17847691, 28825.54539749,513474.72387440,   0.2693977020
107100,    1.071000,   94.375633,  -10.502922,484595.27352368, 28879.45009895,513474.72362263,   0.2696494757
107200,    1.072000,   94.365125,  -10.512729,484541.31821576, 28933.40515510,513474.72337086,   0.2699012494
107300,    1.073000,   94.354607,  -10.522535,484487.31255314, 28987.41056594,513474.72311908,   0.2701530230
107400,    1.074000,   94.344080,  -10.532342,484433.25653582, 29041.46633148,513474.72286731,   0.2704047967
107500,    1.075000,   94.333542,  -10.542149,484379.15016381, 29095.57245172,513474.72261554,   0.2706565704
107600,    1.076000,   94.322995,  -10.551955,484324.99343711, 29149.72892665,513474.72236376,   0.2709083441
107700,    1.077000,   94.312438,  -10.561762,484270.78635571, 29203.93575628,513474.72211199,   0.2711601176
107800,    1.078000,   94.301872,  -10.571569,484216.52891961, 29258.19294060,513474.72186021,   0.2714118914
107900,    1.079000,   94.291295,  -10.581375,484162.22112882, 29312.50047962,513474.72160844,   0.2716636651
108000,    1.080000,   94.280709,  -10.591182,484107.86298333, 29366.85837334,513474.72135667,   0.2719154387
108100,    1.081000,   94.270113,  -10.600989,484053.45448315, 29421.26662175,513474.72110489,   0.2721672123
108200,    1.082000,   94.259507,  -10.610795,483998.99562827, 29475.72522485,513474.72085312,   0.2724189860
108300,    1.083000,   94.248891,  -10.620602,483944.48641870, 29530.23418265,513474.72060135,   0.2726707596
108400,    1.084000,   94.238265,  -10.630409,483889.92685443, 29584.79349515,513474.72034957,   0.2729225333
108500,    1.085000,   94.227630,  -10.640215,483835.31693546, 29639.40316234,513474.72009780,   0.2731743070
108600,    1.086000,   94.216985,  -10.650022,483780.65666180, 29694.06318422,513474.71984603,   0.2734260807
108700,    1.087000,   94.206330,  -10.659829,483725.94603345, 29748.77356081,513474.71959425,   0.2736778544
108800,    1.088000,   94.195665,  -10.669635,483671.18505039, 29803.53429208,513474.71934248,   0.2739296280
108900,    1.089000,   94.184991,  -10.679442,483616.37371265, 29858.34537806,513474.71909070,   0.2741814017
109000,    1.090000,   94.174306,  -10.689248,483561.51202021, 29913.20681872,513474.71883893,   0.2744331753
109100,    1.091000,   94.163612,  -10.699055,483506.59997307, 29968.11861409,513474.71858716,   0.2746849490
109200,    1.092000,   94.152908,  -10.708862,483451.63757124, 30023.08076415,513474.71833538,   0.2749367226
109300,    1.093000,   94.142194,  -10.718668,483396.62481471, 30078.09326890,513474.71808361,   0.2751884964
109400,    1.094000,   94.131470,  -10.728475,483341.56170348, 30133.15612835,513474.71783184,   0.2754402700
109500,    1.095000,   94.120737,  -10.738282,483286.44823757, 30188.26934250,513474.71758006,   0.2756920437
109600,    1.096000,   94.109994,  -10.748088,483231.28441695, 30243.43291134,513474.71732829,   0.2759438175
109700,    1.097000,   94.099241,  -10.757895,483176.07024164, 30298.64683487,513474.71707651,   0.2761955910
109800,    1.098000,   94.088478,  -10.767702,483120.80571164, 30353.91111311,513474.71682474,   0.2764473646
109900,    1.099000,   94.077705,  -10.777508,483065.49082693, 30409.22574603,513474.71657297,   0.2766991383
110000,    1.100000,   94.066923,  -10.787315,483010.12558754, 30464.59073366,513474.71632119,   0.2769509120
110100,    1.101000,   94.056131,  -10.797122,482954.70999345, 30520.00607597,513474.71606942,   0.2772026856
110200,    1.102000,   94.045328,  -10.806928,482899.24404466, 30575.47177299,513474.71581765,   0.2774544593
110300,    1.103000,   94.034517,  -10.816735,482843.72774118, 30630.98782470,513474.71556587,   0.2777062330
110400,    1.104000,   94.023695,  -10.826542,482788.16108300, 30686.55423110,513474.71531410,   0.2779580067
110500,    1.105000,   94.012863,  -10.836348,482732.54407013, 30742.17099220,513474.71506233,   0.2782097803
110600,    1.106000,   94.002022,  -10.846155,482676.87670256, 30797.83810799,513474.71481055,   0.2784615540
110700,    1.107000,   93.991171,  -10.855962,482621.15898029, 30853.55557848,513474.71455878,   0.2787133277
110800,    1.108000,   93.980310,  -10.865768,482565.39090333, 30909.32340367,513474.71430700,   0.2789651013
110900,    1.109000,   93.969439,  -10.875575,482509.57247168, 30965.14158355,513474.71405523,   0.2792168750
111000,    1.110000,   93.958559,  -10.885381,482453.70368533, 31021.01011813,513474.71380346,   0.2794686487
111100,    1.111000,   93.947669,  -10.895188,482397.78454428, 31076.92900740,513474.71355168,   0.2797204223
111200,    1.112000,   93.936768,  -10.904995,482341.81504854, 31132.89825137,513474.71329991,   0.2799721959
111300,    1.113000,   93.925858,  -10.914801,482285.79519810, 31188.91785003,513474.71304814,   0.2802239697
111400,    1.114000,   93.914939,  -10.924608,482229.72499297, 31244.98780339,513474.71279636,   0.2804757433
111500,    1.115000,   93.904009,  -10.934415,482173.60443315, 31301.10811144,513474.71254459,   0.2807275169
111600,    1.116000,   93.893070,  -10.944221,482117.43351862, 31357.27877419,513474.71229282,   0.2809792907
111700,    1.117000,   93.882121,  -10.954028,482061.21224940, 31413.49979164,513474.71204104,   0.2812310643
111800,    1.118000,   93.871162,  -10.963835,482004.94062549, 31469.77116378,513474.71178927,   0.2814828380
111900,    1.119000,   93.860193,  -10.973641,481948.61864688, 31526.09289061,513474.71153749,   0.2817346117
112000,    1.120000,   93.849214,  -10.983448,481892.24631358, 31582.46497214,513474.71128572,   0.2819863854
112100,    1.121000,   93.838226,  -10.993255,481835.82362558, 31638.88740837,513474.71103395,   0.2822381589
112200,    1.122000,   93.827228,  -11.003061,481779.35058288, 31695.36019929,513474.71078217,   0.2824899327
112300,    1.123000,   93.816220,  -11.012868,481722.82718549, 31751.88334491,513474.71053040,   0.2827417063
112400,    1.124000,   93.805202,  -11.022675,481666.25343340, 31808.45684522,513474.71027863,   0.2829934800
112500,    1.125000,   93.794174,  -11.032481,481609.62932662, 31865.08070023,513474.71002685,   0.2832452537
112600,    1.126000,   93.783137,  -11.042288,481552.95486514, 31921.75490993,513474.70977508,   0.2834970274
112700,    1.127000,   93.772089,  -11.052095,481496.23004897, 31978.47947433,513474.70952330,   0.2837488011
112800,    1.128000,   93.761032,  -11.061901,481439.45487810, 32035.25439343,513474.70927153,   0.2840005747
112900,    1.129000,   93.749966,  -11.071708,481382.62935254, 32092.07966722,513474.70901976,   0.2842523484
113000,    1.130000,   93.738889,  -11.081514,481325.75347228, 32148.95529570,513474.70876798,   0.2845041222
113100,    1.131000,   93.727802,  -11.091321,481268.82723733, 32205.88127888,513474.70851621,   0.2847558957
113200,    1.132000,   93.716706,  -11.101128,481211.85064768, 32262.85761676,513474.70826444,   0.2850076694
113300,    1.133000,   93.705600,  -11.110934,481154.82370333, 32319.88430933,513474.70801266,   0.2852594431
113400,    1.134000,   93.694484,  -11.120741,481097.74640429, 32376.96135660,513474.70776089,   0.2855112167
113500,    1.135000,   93.683358,  -11.130548,481040.61875055, 32434.08875856,513474.70750912,   0.2857629904
113600,    1.136000,   93.672223,  -11.140354,480983.44074212, 32491.26651522,513474.70725734,   0.2860147640
113700,    1.137000,   93.661078,  -11.150161,480926.21237900, 32548.49462657,513474.70700557,   0.2862665377
113800,    1.138000,   93.649923,  -11.159968,480868.93366117, 32605.77309262,513474.70675379,   0.2865183114
113900,    1.139000,   93.638758,  -11.169774,480811.60458866, 32663.10191337,513474.70650202,   0.2867700850
114000,    1.140000,   93.627583,  -11.179581,480754.22516144, 32720.48108880,513474.70625025,   0.2870218589
114100,    1.141000,   93.616398,  -11.189388,480696.79537953, 32777.91061894,513474.70599847,   0.2872736324
114200,    1.142000,   93.605204,  -11.199194,480639.31524293, 32835.39050377,513474.70574670,   0.2875254060
114300,    1.143000,   93.594000,  -11.209001,480581.78475163, 32892.92074330,513474.70549493,   0.2877771797
114400,    1.144000,   93.582786,  -11.218808,480524.20390563, 32950.50133752,513474.70524315,   0.2880289535
114500,    1.145000,   93.571562,  -11.228614,480466.57270494, 33008.13228643,513474.70499138,   0.2882807271
114600,    1.146000,   93.560329,  -11.238421,480408.89114956, 33065.81359005,513474.70473960,   0.2885325009
114700,    1.147000,   93.549085,  -11.248228,480351.15923948, 33123.54524835,513474.70448783,   0.2887842746
114800,    1.148000,   93.537832,  -11.258034,480293.37697470, 33181.32726136,513474.70423606,   0.2890360482
114900,    1.149000,   93.526569,  -11.267841,480235.54435523, 33239.15962906,513474.70398428,   0.2892878218
115000,    1.150000,   93.515296,  -11.277647,480177.66138106, 33297.04235145,513474.70373251,   0.2895395955
115100,    1.151000,   93.504014,  -11.287454,480119.72805220, 33354.97542854,513474.70348074,   0.2897913692
115200,    1.152000,   93.492721,  -11.297261,480061.74436864, 33412.95886032,513474.70322896,   0.2900431428
115300,    1.153000,   93.481419,  -11.307067,480003.71033039, 33470.99264680,513474.70297719,   0.2902949165
115400,    1.154000,   93.470107,  -11.316874,479945.62593744, 33529.07678798,513474.70272542,   0.2905466902
115500,    1.155000,   93.458785,  -11.326681,479887.49118979, 33587.21128385,513474.70247364,   0.2907984639
115600,    1.156000,   93.447454,  -11.336487,479829.30608745, 33645.39613442,513474.70222187,   0.2910502375
115700,    1.157000,   93.436112,  -11.346294,479771.07063042, 33703.63133968,513474.70197009,   0.2913020113
115800,    1.158000,   93.424761,  -11.356101,479712.78481869, 33761.91689964,513474.70171832,   0.2915537850
115900,    1.159000,   93.413400,  -11.365907,479654.44865226, 33820.25281429,513474.70146655,   0.2918055585
116000,    1.160000,   93.402029,  -11.375714,479596.06213114, 33878.63908364,513474.70121477,   0.2920573323
116100,    1.161000,   93.390648,  -11.385521,479537.62525532, 33937.07570768,513474.70096300,   0.2923091060
116200,    1.162000,   93.379258,  -11.395327,479479.13802481, 33995.56268642,513474.70071123,   0.2925608796
116300,    1.163000,   93.367858,  -11.405134,479420.60043960, 34054.10001985,513474.70045945,   0.2928126533
116400,    1.164000,   93.356447,  -11.414941,479362.01249970, 34112.68770798,513474.70020768,   0.2930644270
116500,    1.165000,   93.345028,  -11.424747,479303.37420510, 34171.32575081,513474.69995591,   0.2933162007
116600,    1.166000,   93.333598,  -11.434554,479244.68555580, 34230.01414833,513474.69970413,   0.2935679743
116700,    1.167000,   93.322158,  -11.444361,479185.94655181, 34288.75290054,513474.69945236,   0.2938197481
116800,    1.168000,   93.310709,  -11.454167,479127.15719313, 34347.54200746,513474.69920058,   0.2940715217
116900,    1.169000,   93.299250,  -11.463974,479068.31747975, 34406.38146906,513474.69894881,   0.2943232954
117000,    1.170000,   93.287781,  -11.473780,479009.42741167, 34465.27128537,513474.69869704,   0.2945750691
117100,    1.171000,   93.276302,  -11.483587,478950.48698890, 34524.21145636,513474.69844526,   0.2948268428
117200,    1.172000,   93.264814,  -11.493394,478891.49621143, 34583.20198206,513474.69819349,   0.2950786164
117300,    1.173000,   93.253315,  -11.503200,478832.45507927, 34642.24286245,513474.69794172,   0.2953303902
117400,    1.174000,   93.241807,  -11.513007,478773.36359241, 34701.33409753,513474.69768994,   0.2955821638
117500,    1.175000,   93.230289,  -11.522814,478714.22175086, 34760.47568731,513474.69743817,   0.2958339374
117600,    1.176000,   93.218762,  -11.532620,478655.02955461, 34819.66763178,513474.69718639,   0.2960857110
117700,    1.177000,   93.207224,  -11.542427,478595.78700367, 34878.90993095,513474.69693462,   0.2963374848
117800,    1.178000,   93.195677,  -11.552234,478536.49409803, 34938.20258482,513474.69668285,   0.2965892585
117900,    1.179000,   93.184119,  -11.562040,478477.15083769, 34997.54559338,513474.69643107,   0.2968410321
118000,    1.180000,   93.172552,  -11.571847,478417.75722266, 35056.93895664,513474.69617930,   0.2970928059
118100,    1.181000,   93.160976,  -11.581654,478358.31325294, 35116.38267459,513474.69592753,   0.2973445795
118200,    1.182000,   93.149389,  -11.591460,478298.81892851, 35175.87674724,513474.69567575,   0.2975963532
118300,    1.183000,   93.137793,  -11.601267,478239.27424940, 35235.42117458,513474.69542398,   0.2978481269
118400,    1.184000,   93.126186,  -11.611074,478179.67921559, 35295.01595662,513474.69517221,   0.2980999007
118500,    1.185000,   93.114570,  -11.620880,478120.03382708, 35354.66109335,513474.69492043,   0.2983516743
118600,    1.186000,   93.102945,  -11.630687,478060.33808388, 35414.35658478,513474.69466866,   0.2986034479
118700,    1.187000,   93.091309,  -11.640494,478000.59198598, 35474.10243091,513474.69441688,   0.2988552217
118800,    1.188000,   93.079663,  -11.650300,477940.79553338, 35533.89863173,513474.69416511,   0.2991069953
118900,    1.189000,   93.068008,  -11.660107,477880.94872609, 35593.74518724,513474.69391334,   0.2993587689
119000,    1.190000,   93.056343,  -11.669913,477821.05156411, 35653.64209745,513474.69366156,   0.2996105427
119100,    1.191000,   93.044668,  -11.679720,477761.10404743, 35713.58936236,513474.69340979,   0.2998623165
119200,    1.192000,   93.032984,  -11.689527,477701.10617605, 35773.58698196,513474.69315802,   0.3001140900
119300,    1.193000,   93.021289,  -11.699333,477641.05794998, 35833.63495626,513474.69290624,   0.3003658637
119400,    1.194000,   93.009585,  -11.709140,477580.95936922, 35893.73328525,513474.69265447,   0.3006176373
119500,    1.195000,   92.997871,  -11.718947,477520.81043376, 35953.88196894,513474.69240269,   0.3008694111
119600,    1.196000,   92.986147,  -11.728753,477460.61114360, 36014.08100732,513474.69215092,   0.3011211848
119700,    1.197000,   92.974413,  -11.738560,477400.36149875, 36074.33040040,513474.69189915,   0.3013729585
119800,    1.198000,   92.962670,  -11.748367,477340.06149920, 36134.63014818,513474.69164737,   0.3016247323
119900,    1.199000,   92.950916,  -11.758173,477279.71114495, 36194.98025065,513474.69139560,   0.3018765058
120000,    1.200000,   92.939153,  -11.767980,477219.31043601, 36255.38070781,513474.69114383,   0.3021282795
120100,    1.201000,   92.927380,  -11.777787,477158.85937238, 36315.83151967,513474.69089205,   0.3023800533
120200,    1.202000,   92.915597,  -11.787593,477098.35795405, 36376.33268623,513474.69064028,   0.3026318268
120300,    1.203000,   92.903805,  -11.797400,477037.80618103, 36436.88420748,513474.69038851,   0.3028836005
120400,    1.204000,   92.892003,  -11.807207,476977.20405331, 36497.48608343,513474.69013673,   0.3031353743
120500,    1.205000,   92.880190,  -11.817013,476916.55157089, 36558.13831407,513474.68988496,   0.3033871479
120600,    1.206000,   92.868368,  -11.826820,476855.84873378, 36618.84089941,513474.68963318,   0.3036389216
120700,    1.207000,   92.856537,  -11.836627,476795.09554197, 36679.59383944,513474.68938141,   0.3038906953
120800,    1.208000,   92.844695,  -11.846433,476734.29199547, 36740.39713417,513474.68912964,   0.3041424690
120900,    1.209000,   92.832844,  -11.856240,476673.43809427, 36801.25078359,513474.68887786,   0.3043942427
121000,    1.210000,   92.820983,  -11.866046,476612.53383838, 36862.15478771,513474.68862609,   0.3046460163
121100,    1.211000,   92.809112,  -11.875853,476551.57922779, 36923.10914653,513474.68837432,   0.3048977901
121200,    1.212000,   92.797231,  -11.885660,476490.57426250, 36984.11386004,513474.68812254,   0.3051495638
121300,    1.213000,   92.785340,  -11.895466,476429.51894253, 37045.16892824,513474.68787077,   0.3054013374
121400,    1.214000,   92.773440,  -11.905273,476368.41326785, 37106.27435114,513474.68761899,   0.3056531111
121500,    1.215000,   92.761529,  -11.915080,476307.25723848, 37167.43012874,513474.68736722,   0.3059048849
121600,    1.216000,   92.749609,  -11.924886,476246.05085441, 37228.63626103,513474.68711545,   0.3061566585
121700,    1.217000,   92.737680,  -11.934693,476184.79411565, 37289.89274802,513474.68686367,   0.3064084321
121800,    1.218000,   92.725740,  -11.944500,476123.48702220, 37351.19958970,513474.68661190,   0.3066602059
121900,    1.219000,   92.713791,  -11.954306,476062.12957404, 37412.55678608,513474.68636013,   0.3069119796
122000,    1.220000,   92.701831,  -11.964113,476000.72177120, 37473.96433716,513474.68610835,   0.3071637531
122100,    1.221000,   92.689862,  -11.973920,475939.26361365, 37535.42224292,513474.68585658,   0.3074155269
122200,    1.222000,   92.677883,  -11.983726,475877.75510142, 37596.93050339,513474.68560481,   0.3076673007
122300,    1.223000,   92.665895,  -11.993533,475816.19623448, 37658.48911855,513474.68535303,   0.3079190743
122400,    1.224000,   92.653896,  -12.003340,475754.58701285, 37720.09808840,513474.68510126,   0.3081708480
122500,    1.225000,   92.641888,  -12.013146,475692.92743653, 37781.75741296,513474.68484948,   0.3084226217
122600,    1.226000,   92.629870,  -12.022953,475631.21750551, 37843.46709220,513474.68459771,   0.3086743954
122700,    1.227000,   92.617842,  -12.032760,475569.45721979, 37905.22712614,513474.68434594,   0.3089261691
122800,    1.228000,   92.605804,  -12.042566,475507.64657938, 37967.03751478,513474.68409416,   0.3091779428
122900,    1.229000,   92.593757,  -12.052373,475445.78558428, 38028.89825811,513474.68384239,   0.3094297164
123000,    1.230000,   92.581699,  -12.062179,475383.87423447, 38090.80935614,513474.68359062,   0.3096814901
123100,    1.231000,   92.569632,  -12.071986,475321.91252998, 38152.77080887,513474.68333884,   0.3099332638
123200,    1.232000,   92.557555,  -12.081793,475259.90047078, 38214.78261628,513474.68308707,   0.3101850376
123300,    1.233000,   92.545468,  -12.091599,475197.83805690, 38276.84477840,513474.68283529,   0.3104368112
123400,    1.234000,   92.533372,  -12.101406,475135.72528831, 38338.95729521,513474.68258352,   0.3106885848
123500,    1.235000,   92.521266,  -12.111213,475073.56216503, 38401.12016671,513474.68233175,   0.3109403587
123600,    1.236000,   92.509149,  -12.121019,475011.34868706, 38463.33339291,513474.68207997,   0.3111921323
123700,    1.237000,   92.497023,  -12.130826,474949.08485439, 38525.59697381,513474.68182820,   0.3114439059
123800,    1.238000,   92.484888,  -12.140633,474886.77066702, 38587.91090940,513474.68157643,   0.3116956797
123900,    1.239000,   92.472742,  -12.150439,474824.40612496, 38650.27519969,513474.68132465,   0.3119474534
124000,    1.240000,   92.460587,  -12.160246,474761.99122821, 38712.68984467,513474.68107288,   0.3121992270
124100,    1.241000,   92.448421,  -12.170053,474699.52597676, 38775.15484435,513474.68082111,   0.3124510007
124200,    1.242000,   92.436246,  -12.179859,474637.01037061, 38837.67019872,513474.68056933,   0.3127027745
124300,    1.243000,   92.424062,  -12.189666,474574.44440977, 38900.23590779,513474.68031756,   0.3129545481
124400,    1.244000,   92.411867,  -12.199473,474511.82809423, 38962.85197155,513474.68006578,   0.3132063218
124500,    1.245000,   92.399663,  -12.209279,474449.16142400, 39025.51839001,513474.67981401,   0.3134580955
124600,    1.246000,   92.387448,  -12.219086,474386.44439907, 39088.23516317,513474.67956224,   0.3137098692
124700,    1.247000,   92.375224,  -12.228893,474323.67701944, 39151.00229102,513474.67931046,   0.3139616429
124800,    1.248000,   92.362991,  -12.238699,474260.85928512, 39213.81977356,513474.67905869,   0.3142134166
124900,    1.249000,   92.350747,  -12.248506,474197.99119611, 39276.68761081,513474.67880692,   0.3144651903
125000,    1.250000,   92.338493,  -12.258312,474135.07275240, 39339.60580274,513474.67855514,   0.3147169639
125100,    1.251000,   92.326230,  -12.268119,474072.10395399, 39402.57434937,513474.67830337,   0.3149687377
125200,    1.252000,   92.313957,  -12.277926,474009.08480089, 39465.59325070,513474.67805159,   0.3152205114
125300,    1.253000,   92.301674,  -12.287732,473946.01529310, 39528.66250672,513474.67779982,   0.3154722851
125400,    1.254000,   92.289381,  -12.297539,473882.89543060, 39591.78211744,513474.67754805,   0.3157240587
125500,    1.255000,   92.277079,  -12.307346,473819.72521342, 39654.95208286,513474.67729627,   0.3159758325
125600,    1.256000,   92.264767,  -12.317152,473756.50464153, 39718.17240297,513474.67704450,   0.3162276061
125700,    1.257000,   92.252445,  -12.326959,473693.23371496, 39781.44307777,513474.67679273,   0.3164793798
125800,    1.258000,   92.240113,  -12.336766,473629.91243368, 39844.76410727,513474.67654095,   0.3167311535
125900,    1.259000,   92.227771,  -12.346572,473566.54079771, 39908.13549147,513474.67628918,   0.3169829273
126000,    1.260000,   92.215419,  -12.356379,473503.11880705, 39971.55723036,513474.67603740,   0.3172347008
126100,    1.261000,   92.203058,  -12.366186,473439.64646169, 40035.02932394,513474.67578563,   0.3174864745
126200,    1.262000,   92.190687,  -12.375992,473376.12376163, 40098.55177222,513474.67553386,   0.3177382484
126300,    1.263000,   92.178306,  -12.385799,473312.55070688, 40162.12457520,513474.67528208,   0.3179900220
126400,    1.264000,   92.165915,  -12.395606,473248.92729744, 40225.74773287,513474.67503031,   0.3182417957
126500,    1.265000,   92.153515,  -12.405412,473185.25353329, 40289.42124524,513474.67477854,   0.3184935694
126600,    1.266000,   92.141104,  -12.415219,473121.52941446, 40353.14511231,513474.67452676,   0.3187453431
126700,    1.267000,   92.128684,  -12.425026,473057.75494092, 40416.91933406,513474.67427499,   0.3189971167
126800,    1.268000,   92.116254,  -12.434832,472993.93011270, 40480.74391052,513474.67402322,   0.3192488904
126900,    1.269000,   92.103814,  -12.444639,472930.05492977, 40544.61884167,513474.67377144,   0.3195006642
127000,    1.270000,   92.091365,  -12.454445,472866.12939215, 40608.54412751,513474.67351967,   0.3197524378
127100,    1.271000,   92.078905,  -12.464252,472802.15349984, 40672.51976805,513474.67326789,   0.3200042116
127200,    1.272000,   92.066436,  -12.474059,472738.12725283, 40736.54576329,513474.67301612,   0.3202559853
127300,    1.273000,   92.053957,  -12.483865,472674.05065113, 40800.62211322,513474.67276435,   0.3205077589
127400,    1.274000,   92.041468,  -12.493672,472609.92369472, 40864.74881785,513474.67251257,   0.3207595326
127500,    1.275000,   92.028970,  -12.503479,472545.74638363, 40928.92587717,513474.67226080,   0.3210113064
127600,    1.276000,   92.016461,  -12.513285,472481.51871784, 40993.15329119,513474.67200903,   0.3212630802
127700,    1.277000,   92.003943,  -12.523092,472417.24069735, 41057.43105990,513474.67175725,   0.3215148538
127800,    1.278000,   91.991415,  -12.532899,472352.91232217, 41121.75918331,513474.67150548,   0.3217666274
127900,    1.279000,   91.978877,  -12.542705,472288.53359229, 41186.13766141,513474.67125370,   0.3220184012
128000,    1.280000,   91.966330,  -12.552512,472224.10450772, 41250.56649421,513474.67100193,   0.3222701749
128100,    1.281000,   91.953772,  -12.562319,472159.62506845, 41315.04568171,513474.67075016,   0.3225219485
128200,    1.282000,   91.941205,  -12.572125,472095.09527448, 41379.57522390,513474.67049838,   0.3227737223
128300,    1.283000,   91.928628,  -12.581932,472030.51512583, 41444.15512078,513474.67024661,   0.3230254959
128400,    1.284000,   91.916041,  -12.591739,471965.88462247, 41508.78537237,513474.66999484,   0.3232772696
128500,    1.285000,   91.903444,  -12.601545,471901.20376442, 41573.46597864,513474.66974306,   0.3235290433
128600,    1.286000,   91.890838,  -12.611352,471836.47255167, 41638.19693961,513474.66949129,   0.3237808171
128700,    1.287000,   91.878221,  -12.621159,471771.69098423, 41702.97825528,513474.66923952,   0.3240325907
128800,    1.288000,   91.865595,  -12.630965,471706.85906210, 41767.80992564,513474.66898774,   0.3242843645
128900,    1.289000,   91.852959,  -12.640772,471641.97678527, 41832.69195070,513474.66873597,   0.3245361382
129000,    1.290000,   91.840314,  -12.650578,471577.04415374, 41897.62433046,513474.66848419,   0.3247879119
129100,    1.291000,   91.827658,  -12.660385,471512.06116752, 41962.60706491,513474.66823242,   0.3250396855
129200,    1.292000,   91.814993,  -12.670192,471447.02782660, 42027.64015405,513474.66798065,   0.3252914592
129300,    1.293000,   91.802318,  -12.679998,471381.94413098, 42092.72359789,513474.66772887,   0.3255432330
129400,    1.294000,   91.789633,  -12.689805,471316.81008067, 42157.85739643,513474.66747710,   0.3257950065
129500,    1.295000,   91.776938,  -12.699612,471251.62567567, 42223.04154966,513474.66722533,   0.3260467803
129600,    1.296000,   91.764233,  -12.709418,471186.39091597, 42288.27605758,513474.66697355,   0.3262985541
129700,    1.297000,   91.751519,  -12.719225,471121.10580157, 42353.56092020,513474.66672178,   0.3265503278
129800,    1.298000,   91.738795,  -12.729032,471055.77033248, 42418.89613752,513474.66647000,   0.3268021015
129900,    1.299000,   91.726061,  -12.738838,470990.38450870, 42484.28170953,513474.66621823,   0.3270538751
130000,    1.300000,   91.713317,  -12.748645,470924.94833022, 42549.71763624,513474.66596646,   0.3273056489
130100,    1.301000,   91.700563,  -12.758452,470859.46179704, 42615.20391764,513474.66571468,   0.3275574225
130200,    1.302000,   91.687800,  -12.768258,470793.92490917, 42680.74055374,513474.66546291,   0.3278091963
130300,    1.303000,   91.675027,  -12.778065,470728.33766660, 42746.32754454,513474.66521114,   0.3280609701
130400,    1.304000,   91.662244,  -12.787872,470662.70006933, 42811.96489003,513474.66495936,   0.3283127437
130500,    1.305000,   91.649451,  -12.797678,470597.01211738, 42877.65259021,513474.66470759,   0.3285645173
130600,    1.306000,   91.636648,  -12.807485,470531.27381072, 42943.39064509,513474.66445581,   0.3288162911
130700,    1.307000,   91.623836,  -12.817292,470465.48514937, 43009.17905467,513474.66420404,   0.3290680647
130800,    1.308000,   91.611014,  -12.827098,470399.64613333, 43075.01781894,513474.66395227,   0.3293198384
130900,    1.309000,   91.598182,  -12.836905,470333.75676259, 43140.90693791,513474.66370049,   0.3295716122
131000,    1.310000,   91.585340,  -12.846711,470267.81703715, 43206.84641157,513474.66344872,   0.3298233859
131100,    1.311000,   91.572488,  -12.856518,470201.82695702, 43272.83623993,513474.66319695,   0.3300751596
131200,    1.312000,   91.559627,  -12.866325,470135.78652219, 43338.87642298,513474.66294517,   0.3303269332
131300,    1.313000,   91.546755,  -12.876131,470069.69573267, 43404.96696073,513474.66269340,   0.3305787071
131400,    1.314000,   91.533874,  -12.885938,470003.55458845, 43471.10785317,513474.66244163,   0.3308304807
131500,    1.315000,   91.520983,  -12.895745,469937.36308954, 43537.29910031,513474.66218985,   0.3310822544
131600,    1.316000,   91.508083,  -12.905551,469871.12123593, 43603.54070215,513474.66193808,   0.3313340281
131700,    1.317000,   91.495172,  -12.915358,469804.82902763, 43669.83265868,513474.66168630,   0.3315858019
131800,    1.318000,   91.482252,  -12.925165,469738.48646463, 43736.17496990,513474.66143453,   0.3318375755
131900,    1.319000,   91.469322,  -12.934971,469672.09354693, 43802.56763582,513474.66118276,   0.3320893492
132000,    1.320000,   91.456382,  -12.944778,469605.65027454, 43869.01065644,513474.66093098,   0.3323411230
132100,    1.321000,   91.443432,  -12.954585,469539.15664746, 43935.50403175,513474.66067921,   0.3325928966
132200,    1.322000,   91.430473,  -12.964391,469472.61266568, 44002.04776176,513474.66042744,   0.3328446703
132300,    1.323000,   91.417503,  -12.974198,469406.01832920, 44068.64184646,513474.66017566,   0.3330964441
132400,    1.324000,   91.404524,  -12.984005,469339.37363803, 44135.28628586,513474.65992389,   0.3333482178
132500,    1.325000,   91.391535,  -12.993811,469272.67859216, 44201.98107995,513474.65967211,   0.3335999913
132600,    1.326000,   91.378536,  -13.003618,469205.93319160, 44268.72622874,513474.65942034,   0.3338517651
132700,    1.327000,   91.365528,  -13.013425,469139.13743634, 44335.52173223,513474.65916857,   0.3341035389
132800,    1.328000,   91.352509,  -13.023231,469072.29132639, 44402.36759041,513474.65891679,   0.3343553126
132900,    1.329000,   91.339481,  -13.033038,469005.39486174, 44469.26380328,513474.65866502,   0.3346070863
133000,    1.330000,   91.326443,  -13.042844,468938.44804239, 44536.21037085,513474.65841325,   0.3348588601
133100,    1.331000,   91.313395,  -13.052651,468871.45086835, 44603.20729312,513474.65816147,   0.3351106338
133200,    1.332000,   91.300338,  -13.062458,468804.40333962, 44670.25457008,513474.65790970,   0.3353624074
133300,    1.333000,   91.287270,  -13.072264,468737.30545619, 44737.35220174,513474.65765792,   0.3356141811
133400,    1.334000,   91.274193,  -13.082071,468670.15721806, 44804.50018809,513474.65740615,   0.3358659549
133500,    1.335000,   91.261106,  -13.091878,468602.95862524, 44871.69852914,513474.65715438,   0.3361177286
133600,    1.336000,   91.248009,  -13.101684,468535.70967772, 44938.94722488,513474.65690260,   0.3363695022
133700,    1.337000,   91.234903,  -13.111491,468468.41037551, 45006.24627532,513474.65665083,   0.3366212760
133800,    1.338000,   91.221786,  -13.121298,468401.06071860, 45073.59568046,513474.65639906,   0.3368730496
133900,    1.339000,   91.208660,  -13.131104,468333.66070700, 45140.99544028,513474.65614728,   0.3371248234
134000,    1.340000,   91.195524,  -13.140911,468266.21034070, 45208.44555481,513474.65589551,   0.3373765971
134100,    1.341000,   91.182378,  -13.150718,468198.70961970, 45275.94602403,513474.65564373,   0.3376283708
134200,    1.342000,   91.169222,  -13.160524,468131.15854401, 45343.49684795,513474.65539196,   0.3378801445
134300,    1.343000,   91.156057,  -13.170331,468063.55711363, 45411.09802656,513474.65514019,   0.3381319182
134400,    1.344000,   91.142882,  -13.180138,467995.90532855, 45478.74955986,513474.65488841,   0.3383836920
134500,    1.345000,   91.129697,  -13.189944,467928.20318877, 45546.45144787,513474.65463664,   0.3386354656
134600,    1.346000,   91.116502,  -13.199751,467860.45069430, 45614.20369056,513474.65438487,   0.3388872393
134700,    1.347000,   91.103297,  -13.209558,467792.64784514, 45682.00628796,513474.65413309,   0.3391390131
134800,    1.348000,   91.090082,  -13.219364,467724.79464127, 45749.85924005,513474.65388132,   0.3393907868
134900,    1.349000,   91.076858,  -13.229171,467656.89108272, 45817.76254683,513474.65362955,   0.3396425605
135000,    1.350000,   91.063624,  -13.238977,467588.93716946, 45885.71620831,513474.65337777,   0.3398943343
135100,    1.351000,   91.050380,  -13.248784,467520.93290151, 45953.72022448,513474.65312600,   0.3401461079
135200,    1.352000,   91.037126,  -13.258591,467452.87827887, 46021.77459535,513474.65287422,   0.3403978816
135300,    1.353000,   91.023863,  -13.268397,467384.77330153, 46089.87932092,513474.65262245,   0.3406496553
135400,    1.354000,   91.010589,  -13.278204,467316.61796950, 46158.03440118,513474.65237068,   0.3409014291
135500,    1.355000,   90.997306,  -13.288011,467248.41228277, 46226.23983614,513474.65211890,   0.3411532028
135600,    1.356000,   90.984013,  -13.297817,467180.15624134, 46294.49562579,513474.65186713,   0.3414049765
135700,    1.357000,   90.970711,  -13.307624,467111.84984522, 46362.80177014,513474.65161536,   0.3416567502
135800,    1.358000,   90.957398,  -13.317431,467043.49309440, 46431.15826918,513474.65136358,   0.3419085240
135900,    1.359000,   90.944076,  -13.327237,466975.08598889, 46499.56512292,513474.65111181,   0.3421602976
136000,    1.360000,   90.930743,  -13.337044,466906.62852868, 46568.02233135,513474.65086003,   0.3424120713
136100,    1.361000,   90.917401,  -13.346851,466838.12071378, 46636.52989448,513474.65060826,   0.3426638451
136200,    1.362000,   90.904050,  -13.356657,466769.56254418, 46705.08781230,513474.65035649,   0.3429156187
136300,    1.363000,   90.890688,  -13.366464,466700.95401989, 46773.69608482,513474.65010471,   0.3431673924
136400,    1.364000,   90.877317,  -13.376271,466632.29514090, 46842.35471204,513474.64985294,   0.3434191663
136500,    1.365000,   90.863935,  -13.386077,466563.58590722, 46911.06369395,513474.64960117,   0.3436709398
136600,    1.366000,   90.850544,  -13.395884,466494.82631884, 46979.82303056,513474.64934939,   0.3439227136
136700,    1.367000,   90.837143,  -13.405691,466426.01637576, 47048.63272186,513474.64909762,   0.3441744873
136800,    1.368000,   90.823733,  -13.415497,466357.15607799, 47117.49276785,513474.64884584,   0.3444262611
136900,    1.369000,   90.810312,  -13.425304,466288.24542552, 47186.40316855,513474.64859407,   0.3446780348
137000,    1.370000,   90.796882,  -13.435110,466219.28441836, 47255.36392394,513474.64834230,   0.3449298085
137100,    1.371000,   90.783442,  -13.444917,466150.27305651, 47324.37503402,513474.64809052,   0.3451815823
137200,    1.372000,   90.769992,  -13.454724,466081.21133995, 47393.43649880,513474.64783875,   0.3454333559
137300,    1.373000,   90.756533,  -13.464530,466012.09926870, 47462.54831827,513474.64758698,   0.3456851296
137400,    1.374000,   90.743063,  -13.474337,465942.93684276, 47531.71049244,513474.64733520,   0.3459369034
137500,    1.375000,   90.729584,  -13.484144,465873.72406212, 47600.92302131,513474.64708343,   0.3461886771
137600,    1.376000,   90.716095,  -13.493950,465804.46092679, 47670.18590487,513474.64683166,   0.3464404507
137700,    1.377000,   90.702596,  -13.503757,465735.14743676, 47739.49914312,513474.64657988,   0.3466922245
137800,    1.378000,   90.689087,  -13.513564,465665.78359203, 47808.86273607,513474.64632811,   0.3469439982
137900,    1.379000,   90.675569,  -13.523370,465596.36939261, 47878.27668372,513474.64607633,   0.3471957719
138000,    1.380000,   90.662040,  -13.533177,465526.90483850, 47947.74098606,513474.64582456,   0.3474475457
138100,    1.381000,   90.648502,  -13.542984,465457.38992969, 48017.25564310,513474.64557279,   0.3476993194
138200,    1.382000,   90.634954,  -13.552790,465387.82466618, 48086.82065483,513474.64532101,   0.3479510931
138300,    1.383000,   90.621396,  -13.562597,465318.20904798, 48156.43602126,513474.64506924,   0.3482028668
138400,    1.384000,   90.607829,  -13.572404,465248.54307508, 48226.10174239,513474.64481747,   0.3484546405
138500,    1.385000,   90.594251,  -13.582210,465178.82674749, 48295.81781820,513474.64456569,   0.3487064142
138600,    1.386000,   90.580664,  -13.592017,465109.06006520, 48365.58424872,513474.64431392,   0.3489581879
138700,    1.387000,   90.567067,  -13.601824,465039.24302821, 48435.40103393,513474.64406214,   0.3492099617
138800,    1.388000,   90.553461,  -13.611630,464969.37563654, 48505.26817383,513474.64381037,   0.3494617355
138900,    1.389000,   90.539844,  -13.621437,464899.45789016, 48575.18566844,513474.64355860,   0.3497135090
139000,    1.390000,   90.526218,  -13.631243,464829.48978909, 48645.15351773,513474.64330682,   0.3499652828
139100,    1.391000,   90.512581,  -13.641050,464759.47133332, 48715.17172172,513474.64305505,   0.3502170566
139200,    1.392000,   90.498935,  -13.650857,464689.40252286, 48785.24028041,513474.64280328,   0.3504688302
139300,    1.393000,   90.485280,  -13.660663,464619.28335771, 48855.35919379,513474.64255150,   0.3507206040
139400,    1.394000,   90.471614,  -13.670470,464549.11383786, 48925.52846187,513474.64229973,   0.3509723777
139500,    1.395000,   90.457939,  -13.680277,464478.89396331, 48995.74808465,513474.64204795,   0.3512241515
139600,    1.396000,   90.444253,  -13.690083,464408.62373407, 49066.01806211,513474.64179618,   0.3514759251
139700,    1.397000,   90.430558,  -13.699890,464338.30315013, 49136.33839428,513474.64154441,   0.3517276989
139800,    1.398000,   90.416853,  -13.709697,464267.93221149, 49206.70908114,513474.64129263,   0.3519794726
139900,    1.399000,   90.403139,  -13.719503,464197.51091817, 49277.13012269,513474.64104086,   0.3522312462
140000,    1.400000,   90.389414,  -13.729310,464127.03927014, 49347.60151895,513474.64078909,   0.3524830199
140100,    1.401000,   90.375680,  -13.739117,464056.51726742, 49418.12326989,513474.64053731,   0.3527347937
140200,    1.402000,   90.361936,  -13.748923,463985.94491001, 49488.69537553,513474.64028554,   0.3529865674
140300,    1.403000,   90.348182,  -13.758730,463915.32219789, 49559.31783587,513474.64003376,   0.3532383412
140400,    1.404000,   90.334418,  -13.768537,463844.64913109, 49629.99065090,513474.63978199,   0.3534901149
140500,    1.405000,   90.320645,  -13.778343,463773.92570959, 49700.71382063,513474.63953022,   0.3537418886
140600,    1.406000,   90.306862,  -13.788150,463703.15193339, 49771.48734505,513474.63927844,   0.3539936624
140700,    1.407000,   90.293069,  -13.797957,463632.32780250, 49842.31122417,513474.63902667,   0.3542454360
140800,    1.408000,   90.279266,  -13.807763,463561.45331691, 49913.18545799,513474.63877490,   0.3544972099
140900,    1.409000,   90.265453,  -13.817570,463490.52847663, 49984.11004650,513474.63852312,   0.3547489835
141000,    1.410000,   90.251630,  -13.827376,463419.55328165, 50055.08498970,513474.63827135,   0.3550007572
141100,    1.411000,   90.237798,  -13.837183,463348.52773197, 50126.11028760,513474.63801957,   0.3552525309
141200,    1.412000,   90.223956,  -13.846990,463277.45182760, 50197.18594020,513474.63776780,   0.3555043047
141300,    1.413000,   90.210104,  -13.856796,463206.32556854, 50268.31194749,513474.63751603,   0.3557560784
141400,    1.414000,   90.196242,  -13.866603,463135.14895478, 50339.48830947,513474.63726425,   0.3560078521
141500,    1.415000,   90.182371,  -13.876410,463063.92198632, 50410.71502616,513474.63701248,   0.3562596259
141600,    1.416000,   90.168489,  -13.886216,462992.64466317, 50481.99209753,513474.63676071,   0.3565113996
141700,    1.417000,   90.154598,  -13.896023,462921.31698533, 50553.31952361,513474.63650893,   0.3567631733
141800,    1.418000,   90.140697,  -13.905830,462849.93895278, 50624.69730438,513474.63625716,   0.3570149470
141900,    1.419000,   90.126786,  -13.915636,462778.51056555, 50696.12543984,513474.63600538,   0.3572667208
142000,    1.420000,   90.112866,  -13.925443,462707.03182361, 50767.60393000,513474.63575361,   0.3575184944
142100,    1.421000,   90.098935,  -13.935250,462635.50272698, 50839.13277485,513474.63550184,   0.3577702682
142200,    1.422000,   90.084995,  -13.945056,462563.92327566, 50910.71197440,513474.63525006,   0.3580220420
142300,    1.423000,   90.071045,  -13.954863,462492.29346964, 50982.34152865,513474.63499829,   0.3582738156
142400,    1.424000,   90.057085,  -13.964670,462420.61330893, 51054.02143759,513474.63474652,   0.3585255893
142500,    1.425000,   90.043116,  -13.974476,462348.88279352, 51125.75170123,513474.63449474,   0.3587773631
142600,    1.426000,   90.029136,  -13.984283,462277.10192341, 51197.53231956,513474.63424297,   0.3590291368
142700,    1.427000,   90.015147,  -13.994090,462205.27069861, 51269.36329259,513474.63399120,   0.3592809105
142800,    1.428000,   90.001148,  -14.003896,462133.38911911, 51341.24462031,513474.63373942,   0.3595326843
142900,    1.429000,   89.987139,  -14.013703,462061.45718492, 51413.17630273,513474.63348765,   0.3597844580
143000,    1.430000,   89.973121,  -14.023509,461989.47489603, 51485.15833984,513474.63323587,   0.3600362316
143100,    1.431000,   89.959092,  -14.033316,461917.44225245, 51557.19073165,513474.63298410,   0.3602880054
143200,    1.432000,   89.945054,  -14.043123,461845.35925417, 51629.27347815,513474.63273233,   0.3605397792
143300,    1.433000,   89.931006,  -14.052929,461773.22590120, 51701.40657935,513474.63248055,   0.3607915529
143400,    1.434000,   89.916948,  -14.062736,461701.04219353, 51773.59003525,513474.63222878,   0.3610433266
143500,    1.435000,   89.902880,  -14.072543,461628.80813117, 51845.82384584,513474.63197701,   0.3612951004
143600,    1.436000,   89.888803,  -14.082349,461556.52371411, 51918.10801112,513474.63172523,   0.3615468740
143700,    1.437000,   89.874715,  -14.092156,461484.18894235, 51990.44253111,513474.63147346,   0.3617986477
143800,    1.438000,   89.860618,  -14.101963,461411.80381590, 52062.82740578,513474.63122168,   0.3620504215
143900,    1.439000,   89.846511,  -14.111769,461339.36833476, 52135.26263516,513474.63096991,   0.3623021953
144000,    1.440000,   89.832395,  -14.121576,461266.88249891, 52207.74821922,513474.63071814,   0.3625539689
144100,    1.441000,   89.818268,  -14.131383,461194.34630838, 52280.28415799,513474.63046636,   0.3628057427
144200,    1.442000,   89.804132,  -14.141189,461121.75976314, 52352.87045145,513474.63021459,   0.3630575165
144300,    1.443000,   89.789986,  -14.150996,461049.12286322, 52425.50709960,513474.62996282,   0.3633092901
144400,    1.444000,   89.775830,  -14.160803,460976.43560859, 52498.19410245,513474.62971104,   0.3635610638
144500,    1.445000,   89.761664,  -14.170609,460903.69799927, 52570.93145999,513474.62945927,   0.3638128376
144600,    1.446000,   89.747488,  -14.180416,460830.91003526, 52643.71917223,513474.62920749,   0.3640646113
144700,    1.447000,   89.733303,  -14.190223,460758.07171655, 52716.55723917,513474.62895572,   0.3643163850
144800,    1.448000,   89.719108,  -14.200029,460685.18304315, 52789.44566080,513474.62870395,   0.3645681588
144900,    1.449000,   89.704903,  -14.209836,460612.24401505, 52862.38443713,513474.62845217,   0.3648199326
145000,    1.450000,   89.690688,  -14.219642,460539.25463225, 52935.37356815,513474.62820040,   0.3650717062
145100,    1.451000,   89.676463,  -14.229449,460466.21489476, 53008.41305387,513474.62794863,   0.3653234799
145200,    1.452000,   89.662229,  -14.239256,460393.12480257, 53081.50289428,513474.62769685,   0.3655752537
145300,    1.453000,   89.647985,  -14.249062,460319.98435569, 53154.64308939,513474.62744508,   0.3658270275
145400,    1.454000,   89.633731,  -14.258869,460246.79355411, 53227.83363919,513474.62719330,   0.3660788010
145500,    1.455000,   89.619467,  -14.268676,460173.55239784, 53301.07454369,513474.62694153,   0.3663305749
145600,    1.456000,   89.605193,  -14.278482,460100.26088687, 53374.36580289,513474.62668976,   0.3665823487
145700,    1.457000,   89.590910,  -14.288289,460026.91902121, 53447.70741678,513474.62643798,   0.3668341223
145800,    1.458000,   89.576617,  -14.298096,459953.52680085, 53521.09938536,513474.62618621,   0.3670858960
145900,    1.459000,   89.562314,  -14.307902,459880.08422579, 53594.54170864,513474.62593444,   0.3673376699
146000,    1.460000,   89.548001,  -14.317709,459806.59129604, 53668.03438662,513474.62568266,   0.3675894436
146100,    1.461000,   89.533678,  -14.327516,459733.04801160, 53741.57741929,513474.62543089,   0.3678412173
146200,    1.462000,   89.519346,  -14.337322,459659.45437246, 53815.17080666,513474.62517911,   0.3680929911
146300,    1.463000,   89.505003,  -14.347129,459585.81037862, 53888.81454872,513474.62492734,   0.3683447647
146400,    1.464000,   89.490651,  -14.356936,459512.11603009, 53962.50864548,513474.62467557,   0.3685965384
146500,    1.465000,   89.476289,  -14.366742,459438.37132686, 54036.25309693,513474.62442379,   0.3688483122
146600,    1.466000,   89.461918,  -14.376549,459364.57626894, 54110.04790308,513474.62417202,   0.3691000860
146700,    1.467000,   89.447536,  -14.386356,459290.73085632, 54183.89306392,513474.62392025,   0.3693518596
146800,    1.468000,   89.433145,  -14.396162,459216.83508901, 54257.78857946,513474.62366847,   0.3696036334
146900,    1.469000,   89.418744,  -14.405969,459142.88896700, 54331.73444970,513474.62341670,   0.3698554072
147000,    1.470000,   89.404333,  -14.415775,459068.89249029, 54405.73067463,513474.62316492,   0.3701071809
147100,    1.471000,   89.389912,  -14.425582,458994.84565889, 54479.77725426,513474.62291315,   0.3703589546
147200,    1.472000,   89.375482,  -14.435389,458920.74847280, 54553.87418858,513474.62266138,   0.3706107283
147300,    1.473000,   89.361041,  -14.445195,458846.60093201, 54628.02147759,513474.62240960,   0.3708625021
147400,    1.474000,   89.346591,  -14.455002,458772.40303652, 54702.21912131,513474.62215783,   0.3711142758
147500,    1.475000,   89.332131,  -14.464809,458698.15478634, 54776.46711971,513474.62190606,   0.3713660496
147600,    1.476000,   89.317661,  -14.474615,458623.85618146, 54850.76547282,513474.62165428,   0.3716178234
147700,    1.477000,   89.303182,  -14.484422,458549.50722189, 54925.11418062,513474.62140251,   0.3718695970
147800,    1.478000,   89.288693,  -14.494229,458475.10790762, 54999.51324311,513474.62115074,   0.3721213707
147900,    1.479000,   89.274193,  -14.504035,458400.65823866, 55073.96266030,513474.62089896,   0.3723731445
148000,    1.480000,   89.259684,  -14.513842,458326.15821500, 55148.46243219,513474.62064719,   0.3726249182
148100,    1.481000,   89.245166,  -14.523649,458251.60783665, 55223.01255877,513474.62039541,   0.3728766919
148200,    1.482000,   89.230637,  -14.533455,458177.00710360, 55297.61304004,513474.62014364,   0.3731284657
148300,    1.483000,   89.216099,  -14.543262,458102.35601585, 55372.26387601,513474.61989187,   0.3733802395
148400,    1.484000,   89.201550,  -14.553069,458027.65457341, 55446.96506668,513474.61964009,   0.3736320132
148500,    1.485000,   89.186992,  -14.562875,457952.90277628, 55521.71661204,513474.61938832,   0.3738837868
148600,    1.486000,   89.172424,  -14.572682,457878.10062445, 55596.51851210,513474.61913655,   0.3741355607
148700,    1.487000,   89.157847,  -14.582489,457803.24811792, 55671.37076685,513474.61888477,   0.3743873343
148800,    1.488000,   89.143259,  -14.592295,457728.34525670, 55746.27337630,513474.61863300,   0.3746391081
148900,    1.489000,   89.128662,  -14.602102,457653.39204078, 55821.22634044,513474.61838122,   0.3748908818
149000,    1.490000,   89.114055,  -14.611908,457578.38847017, 55896.22965928,513474.61812945,   0.3751426556
149100,    1.491000,   89.099438,  -14.621715,457503.33454486, 55971.28333282,513474.61787768,   0.3753944293
149200,    1.492000,   89.084812,  -14.631522,457428.23026486, 56046.38736105,513474.61762590,   0.3756462030
149300,    1.493000,   89.070175,  -14.641328,457353.07563016, 56121.54174397,513474.61737413,   0.3758979769
149400,    1.494000,   89.055529,  -14.651135,457277.87064076, 56196.74648159,513474.61712236,   0.3761497505
149500,    1.495000,   89.040873,  -14.660942,457202.61529667, 56272.00157391,513474.61687058,   0.3764015243
149600,    1.496000,   89.026207,  -14.670748,457127.30959789, 56347.30702092,513474.61661881,   0.3766532980
149700,    1.497000,   89.011531,  -14.680555,457051.95354441, 56422.66282263,513474.61636703,   0.3769050718
149800,    1.498000,   88.996846,  -14.690362,456976.54713623, 56498.06897903,513474.61611526,   0.3771568455
149900,    1.499000,   88.982150,  -14.700168,456901.09037336, 56573.52549013,513474.61586349,   0.3774086192
150000,    1.500000,   88.967445,  -14.709975,456825.58325579, 56649.03235592,513474.61561171,   0.3776603930
150100,    1.501000,   88.952730,  -14.719782,456750.02578353, 56724.58957641,513474.61535994,   0.3779121667
150200,    1.502000,   88.938006,  -14.729588,456674.41795657, 56800.19715160,513474.61510817,   0.3781639404
150300,    1.503000,   88.923271,  -14.739395,456598.75977492, 56875.85508148,513474.61485639,   0.3784157143
150400,    1.504000,   88.908527,  -14.749202,456523.05123857, 56951.56336605,513474.61460462,   0.3786674879
150500,    1.505000,   88.893772,  -14.759008,456447.29234752, 57027.32200532,513474.61435284,   0.3789192616
150600,    1.506000,   88.879009,  -14.768815,456371.48310178, 57103.13099929,513474.61410107,   0.3791710354
150700,    1.507000,   88.864235,  -14.778622,456295.62350135, 57178.99034795,513474.61384930,   0.3794228091
150800,    1.508000,   88.849451,  -14.788428,456219.71354622, 57254.90005131,513474.61359752,   0.3796745829
150900,    1.509000,   88.834658,  -14.798235,456143.75323639, 57330.86010936,513474.61334575,   0.3799263565
151000,    1.510000,   88.819855,  -14.808041,456067.74257187, 57406.87052211,513474.61309398,   0.3801781305
151100,    1.511000,   88.805042,  -14.817848,455991.68155265, 57482.93128955,513474.61284220,   0.3804299040
151200,    1.512000,   88.790219,  -14.827655,455915.57017874, 57559.04241169,513474.61259043,   0.3806816778
151300,    1.513000,   88.775386,  -14.837461,455839.40845013, 57635.20388852,513474.61233865,   0.3809334516
151400,    1.514000,   88.760544,  -14.847268,455763.19636683, 57711.41572005,513474.61208688,   0.3811852253
151500,    1.515000,   88.745692,  -14.857075,455686.93392883, 57787.67790628,513474.61183511,   0.3814369990
151600,    1.516000,   88.730830,  -14.866881,455610.62113614, 57863.99044720,513474.61158333,   0.3816887728
151700,    1.517000,   88.715958,  -14.876688,455534.25798875, 57940.35334281,513474.61133156,   0.3819405466
151800,    1.518000,   88.701076,  -14.886495,455457.84448666, 58016.76659312,513474.61107979,   0.3821923202
151900,    1.519000,   88.686185,  -14.896301,455381.38062988, 58093.23019813,513474.61082801,   0.3824440940
152000,    1.520000,   88.671283,  -14.906108,455304.86641841, 58169.74415783,513474.61057624,   0.3826958679
152100,    1.521000,   88.656372,  -14.915915,455228.30185224, 58246.30847223,513474.61032446,   0.3829476416
152200,    1.522000,   88.641451,  -14.925721,455151.68693137, 58322.92314132,513474.61007269,   0.3831994152
152300,    1.523000,   88.626521,  -14.935528,455075.02165581, 58399.58816511,513474.60982092,   0.3834511890
152400,    1.524000,   88.611580,  -14.945335,454998.30602555, 58476.30354359,513474.60956914,   0.3837029628
152500,    1.525000,   88.596630,  -14.955141,454921.54004060, 58553.06927677,513474.60931737,   0.3839547365
152600,    1.526000,   88.581670,  -14.964948,454844.72370095, 58629.88536465,513474.60906560,   0.3842065102
152700,    1.527000,   88.566700,  -14.974755,454767.85700661, 58706.75180722,513474.60881382,   0.3844582840
152800,    1.528000,   88.551720,  -14.984561,454690.93995757, 58783.66860448,513474.60856205,   0.3847100577
152900,    1.529000,   88.536731,  -14.994368,454613.97255383, 58860.63575644,513474.60831027,   0.3849618314
153000,    1.530000,   88.521731,  -15.004174,454536.95479540, 58937.65326310,513474.60805850,   0.3852136052
153100,    1.531000,   88.506722,  -15.013981,454459.88668228, 59014.72112445,513474.60780673,   0.3854653789
153200,    1.532000,   88.491703,  -15.023788,454382.76821446, 59091.83934050,513474.60755495,   0.3857171527
153300,    1.533000,   88.476675,  -15.033594,454305.59939194, 59169.00791124,513474.60730318,   0.3859689264
153400,    1.534000,   88.461636,  -15.043401,454228.38021473, 59246.22683668,513474.60705141,   0.3862207002
153500,    1.535000,   88.446588,  -15.053208,454151.11068282, 59323.49611681,513474.60679963,   0.3864724739
153600,    1.536000,   88.431530,  -15.063014,454073.79079622, 59400.81575164,513474.60654786,   0.3867242476
153700,    1.537000,   88.416462,  -15.072821,453996.42055492, 59478.18574116,513474.60629608,   0.3869760215
153800,    1.538000,   88.401384,  -15.082628,453918.99995893, 59555.60608538,513474.60604431,   0.3872277951
153900,    1.539000,   88.386296,  -15.092434,453841.52900824, 59633.07678430,513474.60579254,   0.3874795689
154000,    1.540000,   88.371199,  -15.102241,453764.00770285, 59710.59783791,513474.60554076,   0.3877313426
154100,    1.541000,   88.356092,  -15.112048,453686.43604277, 59788.16924622,513474.60528899,   0.3879831164
154200,    1.542000,   88.340975,  -15.121854,453608.81402800, 59865.79100922,513474.60503722,   0.3882348901
154300,    1.543000,   88.325848,  -15.131661,453531.14165853, 59943.46312691,513474.60478544,   0.3884866639
154400,    1.544000,   88.310711,  -15.141468,453453.41893436, 60021.18559931,513474.60453367,   0.3887384377
154500,    1.545000,   88.295565,  -15.151274,453375.64585550, 60098.95842639,513474.60428189,   0.3889902114
154600,    1.546000,   88.280409,  -15.161081,453297.82242194, 60176.78160818,513474.60403012,   0.3892419851
154700,    1.547000,   88.265243,  -15.170888,453219.94863369, 60254.65514466,513474.60377835,   0.3894937589
154800,    1.548000,   88.250067,  -15.180694,453142.02449074, 60332.57903583,513474.60352657,   0.3897455326
154900,    1.549000,   88.234881,  -15.190501,453064.04999310, 60410.55328170,513474.60327480,   0.3899973063
155000,    1.550000,   88.219686,  -15.200307,452986.02514076, 60488.57788226,513474.60302303,   0.3902490801
155100,    1.551000,   88.204480,  -15.210114,452907.94993373, 60566.65283752,513474.60277125,   0.3905008539
155200,    1.552000,   88.189265,  -15.219921,452829.82437200, 60644.77814748,513474.60251948,   0.3907526276
155300,    1.553000,   88.174040,  -15.229727,452751.64845557, 60722.95381213,513474.60226770,   0.3910044014
155400,    1.554000,   88.158806,  -15.239534,452673.42218445, 60801.17983148,513474.60201593,   0.3912561752
155500,    1.555000,   88.143561,  -15.249341,452595.14555864, 60879.45620552,513474.60176416,   0.3915079489
155600,    1.556000,   88.128307,  -15.259147,452516.81857813, 60957.78293426,513474.60151238,   0.3917597226
155700,    1.557000,   88.113043,  -15.268954,452438.44124292, 61036.16001769,513474.60126061,   0.3920114964
155800,    1.558000,   88.097769,  -15.278761,452360.01355302, 61114.58745582,513474.60100884,   0.3922632701
155900,    1.559000,   88.082485,  -15.288567,452281.53550842, 61193.06524864,513474.60075706,   0.3925150438
156000,    1.560000,   88.067192,  -15.298374,452203.00710913, 61271.59339616,513474.60050529,   0.3927668175
156100,    1.561000,   88.051888,  -15.308181,452124.42835514, 61350.17189837,513474.60025351,   0.3930185915
156200,    1.562000,   88.036575,  -15.317987,452045.79924646, 61428.80075528,513474.60000174,   0.3932703650
156300,    1.563000,   88.021252,  -15.327794,451967.11978308, 61507.47996689,513474.59974997,   0.3935221388
156400,    1.564000,   88.005920,  -15.337601,451888.38996500, 61586.20953319,513474.59949819,   0.3937739126
156500,    1.565000,   87.990577,  -15.347407,451809.60979223, 61664.98945419,513474.59924642,   0.3940256864
156600,    1.566000,   87.975225,  -15.357214,451730.77926477, 61743.81972988,513474.59899465,   0.3942774601
156700,    1.567000,   87.959863,  -15.367021,451651.89838261, 61822.70036027,513474.59874287,   0.3945292338
156800,    1.568000,   87.944491,  -15.376827,451572.96714575, 61901.63134535,513474.59849110,   0.3947810077
156900,    1.569000,   87.929109,  -15.386634,451493.98555420, 61980.61268513,513474.59823932,   0.3950327813
157000,    1.570000,   87.913717,  -15.396440,451414.95360795, 62059.64437960,513474.59798755,   0.3952845550
157100,    1.571000,   87.898316,  -15.406247,451335.87130701, 62138.72642877,513474.59773578,   0.3955363289
157200,    1.572000,   87.882905,  -15.416054,451256.73865137, 62217.85883263,513474.59748400,   0.3957881026
157300,    1.573000,   87.867484,  -15.425860,451177.55564104, 62297.04159119,513474.59723223,   0.3960398763
157400,    1.574000,   87.852053,  -15.435667,451098.32227601, 62376.27470445,513474.59698046,   0.3962916501
157500,    1.575000,   87.836612,  -15.445474,451019.03855628, 62455.55817240,513474.59672868,   0.3965434238
157600,    1.576000,   87.821162,  -15.455280,450939.70448186, 62534.89199504,513474.59647691,   0.3967951976
157700,    1.577000,   87.805702,  -15.465087,450860.32005275, 62614.27617238,513474.59622513,   0.3970469714
157800,    1.578000,   87.790231,  -15.474894,450780.88526894, 62693.71070442,513474.59597336,   0.3972987452
157900,    1.579000,   87.774752,  -15.484700,450701.40013043, 62773.19559115,513474.59572159,   0.3975505189
158000,    1.580000,   87.759262,  -15.494507,450621.86463723, 62852.73083258,513474.59546981,   0.3978022925
158100,    1.581000,   87.743763,  -15.504314,450542.27878933, 62932.31642870,513474.59521804,   0.3980540664
158200,    1.582000,   87.728253,  -15.514120,450462.64258674, 63011.95237952,513474.59496627,   0.3983058400
158300,    1.583000,   87.712734,  -15.523927,450382.95602946, 63091.63868504,513474.59471449,   0.3985576138
158400,    1.584000,   87.697205,  -15.533734,450303.21911747, 63171.37534525,513474.59446272,   0.3988093876
158500,    1.585000,   87.681667,  -15.543540,450223.43185079, 63251.16236015,513474.59421094,   0.3990611614
158600,    1.586000,   87.666118,  -15.553347,450143.59422942, 63330.99972975,513474.59395917,   0.3993129351
158700,    1.587000,   87.650560,  -15.563154,450063.70625335, 63410.88745405,513474.59370740,   0.3995647089
158800,    1.588000,   87.634992,  -15.572960,449983.76792259, 63490.82553304,513474.59345562,   0.3998164827
158900,    1.589000,   87.619414,  -15.582767,449903.77923713, 63570.81396672,513474.59320385,   0.4000682564
159000,    1.590000,   87.603826,  -15.592573,449823.74019697, 63650.85275511,513474.59295208,   0.4003200302
159100,    1.591000,   87.588229,  -15.602380,449743.65080212, 63730.94189818,513474.59270030,   0.4005718039
159200,    1.592000,   87.572621,  -15.612187,449663.51105257, 63811.08139596,513474.59244853,   0.4008235778
159300,    1.593000,   87.557004,  -15.621993,449583.32094833, 63891.27124842,513474.59219675,   0.4010753513
159400,    1.594000,   87.541377,  -15.631800,449503.08048939, 63971.51145559,513474.59194498,   0.4013271252
159500,    1.595000,   87.525740,  -15.641607,449422.78967576, 64051.80201745,513474.59169321,   0.4015788989
159600,    1.596000,   87.510094,  -15.651413,449342.44850743, 64132.14293400,513474.59144143,   0.4018306726
159700,    1.597000,   87.494437,  -15.661220,449262.05698441, 64212.53420525,513474.59118966,   0.4020824464
159800,    1.598000,   87.478771,  -15.671027,449181.61510669, 64292.97583120,513474.59093789,   0.4023342203
159900,    1.599000,   87.463095,  -15.680833,449101.12287427, 64373.46781184,513474.59068611,   0.4025859939
160000,    1.600000,   87.447410,  -15.690640,449020.58028716, 64454.01014717,513474.59043434,   0.4028377677
160100,    1.601000,   87.431714,  -15.700447,448939.98734536, 64534.60283721,513474.59018256,   0.4030895415
160200,    1.602000,   87.416009,  -15.710253,448859.34404886, 64615.24588193,513474.58993079,   0.4033413152
160300,    1.603000,   87.400293,  -15.720060,448778.65039766, 64695.93928135,513474.58967902,   0.4035930890
160400,    1.604000,   87.384568,  -15.729867,448697.90639177, 64776.68303547,513474.58942724,   0.4038448628
160500,    1.605000,   87.368834,  -15.739673,448617.11203118, 64857.47714429,513474.58917547,   0.4040966366
160600,    1.606000,   87.353089,  -15.749480,448536.26731590, 64938.32160779,513474.58892370,   0.4043484103
160700,    1.607000,   87.337334,  -15.759287,448455.37224592, 65019.21642600,513474.58867192,   0.4046001840
160800,    1.608000,   87.321570,  -15.769093,448374.42682125, 65100.16159890,513474.58842015,   0.4048519579
160900,    1.609000,   87.305796,  -15.778900,448293.43104188, 65181.15712649,513474.58816837,   0.4051037314
161000,    1.610000,   87.290012,  -15.788706,448212.38490782, 65262.20300878,513474.58791660,   0.4053555052
161100,    1.611000,   87.274219,  -15.798513,448131.28841906, 65343.29924577,513474.58766483,   0.4056072790
161200,    1.612000,   87.258415,  -15.808320,448050.14157560, 65424.44583745,513474.58741305,   0.4058590528
161300,    1.613000,   87.242602,  -15.818126,447968.94437745, 65505.64278383,513474.58716128,   0.4061108265
161400,    1.614000,   87.226779,  -15.827933,447887.69682461, 65586.89008490,513474.58690951,   0.4063626003
161500,    1.615000,   87.210946,  -15.837740,447806.39891706, 65668.18774067,513474.58665773,   0.4066143741
161600,    1.616000,   87.195103,  -15.847546,447725.05065483, 65749.53575113,513474.58640596,   0.4068661478
161700,    1.617000,   87.179251,  -15.857353,447643.65203790, 65830.93411629,513474.58615418,   0.4071179216
161800,    1.618000,   87.163388,  -15.867160,447562.20306627, 65912.38283614,513474.58590241,   0.4073696954
161900,    1.619000,   87.147516,  -15.876966,447480.70373994, 65993.88191069,513474.58565064,   0.4076214692
162000,    1.620000,   87.131634,  -15.886773,447399.15405893, 66075.43133994,513474.58539886,   0.4078732428
162100,    1.621000,   87.115743,  -15.896580,447317.55402321, 66157.03112388,513474.58514709,   0.4081250167
162200,    1.622000,   87.099841,  -15.906386,447235.90363280, 66238.68126251,513474.58489532,   0.4083767904
162300,    1.623000,   87.083930,  -15.916193,447154.20288770, 66320.38175584,513474.58464354,   0.4086285642
162400,    1.624000,   87.068009,  -15.926000,447072.45178790, 66402.13260387,513474.58439177,   0.4088803379
162500,    1.625000,   87.052078,  -15.935806,446990.65033340, 66483.93380659,513474.58413999,   0.4091321118
162600,    1.626000,   87.036137,  -15.945613,446908.79852421, 66565.78536401,513474.58388822,   0.4093838854
162700,    1.627000,   87.020186,  -15.955420,446826.89636032, 66647.68727612,513474.58363645,   0.4096356591
162800,    1.628000,   87.004226,  -15.965226,446744.94384174, 66729.63954293,513474.58338467,   0.4098874329
162900,    1.629000,   86.988256,  -15.975033,446662.94096847, 66811.64216443,513474.58313290,   0.4101392068
163000,    1.630000,   86.972276,  -15.984839,446580.88774049, 66893.69514063,513474.58288113,   0.4103909805
163100,    1.631000,   86.956286,  -15.994646,446498.78415782, 66975.79847153,513474.58262935,   0.4106427542
163200,    1.632000,   86.940286,  -16.004453,446416.63022046, 67057.95215712,513474.58237758,   0.4108945274
163300,    1.633000,   86.924277,  -16.014259,446334.42592840, 67140.15619740,513474.58212581,   0.4111462996
163400,    1.634000,   86.908258,  -16.024066,446252.17128165, 67222.41059239,513474.58187403,   0.4113980719
163500,    1.635000,   86.892229,  -16.033873,446169.86628020, 67304.71534206,513474.58162226,   0.4116498442
163600,    1.636000,   86.876190,  -16.043679,446087.51092405, 67387.07044644,513474.58137049,   0.4119016164
163700,    1.637000,   86.860141,  -16.053486,446005.10521321, 67469.47590551,513474.58111872,   0.4121533887
163800,    1.638000,   86.844083,  -16.063293,445922.64914768, 67551.93171927,513474.58086694,   0.4124051610
163900,    1.639000,   86.828015,  -16.073099,445840.14272744, 67634.43788773,513474.58061517,   0.4126569334
164000,    1.640000,   86.811937,  -16.082906,445757.58595252, 67716.99441088,513474.58036340,   0.4129087054
164100,    1.641000,   86.795849,  -16.092713,445674.97882289, 67799.60128873,513474.58011163,   0.4131604777
164200,    1.642000,   86.779751,  -16.102519,445592.32133858, 67882.25852128,513474.57985986,   0.4134122500
164300,    1.643000,   86.763644,  -16.112326,445509.61349956, 67964.96610852,513474.57960808,   0.4136640222
164400,    1.644000,   86.747526,  -16.122133,445426.85530585, 68047.72405046,513474.57935631,   0.4139157944
164500,    1.645000,   86.731399,  -16.131939,445344.04675745, 68130.53234709,513474.57910454,   0.4141675668
164600,    1.646000,   86.715262,  -16.141746,445261.18785435, 68213.39099842,513474.57885277,   0.4144193390
164700,    1.647000,   86.699116,  -16.151553,445178.27859656, 68296.30000444,513474.57860099,   0.4146711112
164800,    1.648000,   86.682959,  -16.161359,445095.31898407, 68379.25936516,513474.57834922,   0.4149228836
164900,    1.649000,   86.666793,  -16.171166,445012.30901688, 68462.26908057,513474.57809745,   0.4151746558
165000,    1.650000,   86.650617,  -16.180972,444929.24869500, 68545.32915068,513474.57784568,   0.4154264281
165100,    1.651000,   86.634431,  -16.190779,444846.13801842, 68628.43957548,513474.57759391,   0.4156782003
165200,    1.652000,   86.618235,  -16.200586,444762.97698715, 68711.60035498,513474.57734213,   0.4159299725
165300,    1.653000,   86.602030,  -16.210392,444679.76560118, 68794.81148918,513474.57709036,   0.4161817449
165400,    1.654000,   86.585814,  -16.220199,444596.50386052, 68878.07297807,513474.57683859,   0.4164335170
165500,    1.655000,   86.569589,  -16.230006,444513.19176516, 68961.38482166,513474.57658682,   0.4166852893
165600,    1.656000,   86.553354,  -16.239812,444429.82931511, 69044.74701994,513474.57633504,   0.4169370616
165700,    1.657000,   86.537109,  -16.249619,444346.41651036, 69128.15957291,513474.57608327,   0.4171888338
165800,    1.658000,   86.520855,  -16.259426,444262.95335091, 69211.62248059,513474.57583150,   0.4174406060
165900,    1.659000,   86.504590,  -16.269232,444179.43983677, 69295.13574296,513474.57557973,   0.4176923784
166000,    1.660000,   86.488316,  -16.279039,444095.87596794, 69378.69936002,513474.57532796,   0.4179441505
166100,    1.661000,   86.472032,  -16.288846,444012.26174441, 69462.31333178,513474.57507618,   0.4181959229
166200,    1.662000,   86.455738,  -16.298652,443928.59716618, 69545.97765823,513474.57482441,   0.4184476950
166300,    1.663000,   86.439435,  -16.308459,443844.88223326, 69629.69233938,513474.57457264,   0.4186994674
166400,    1.664000,   86.423121,  -16.318266,443761.11694564, 69713.45737523,513474.57432087,   0.4189512396
166500,    1.665000,   86.406798,  -16.328072,443677.30130333, 69797.27276577,513474.57406909,   0.4192030118
166600,    1.666000,   86.390465,  -16.337879,443593.43530632, 69881.13851100,513474.57381732,   0.4194547842
166700,    1.667000,   86.374122,  -16.347686,443509.51895462, 69965.05461093,513474.57356555,   0.4197065563
166800,    1.668000,   86.357770,  -16.357492,443425.55224822, 70049.02106556,513474.57331378,   0.4199583285
166900,    1.669000,   86.341407,  -16.367299,443341.53518712, 70133.03787488,513474.57306200,   0.4202101008
167000,    1.670000,   86.325035,  -16.377105,443257.46777133, 70217.10503890,513474.57281023,   0.4204618731
167100,    1.671000,   86.308653,  -16.386912,443173.35000085, 70301.22255761,513474.57255846,   0.4207136452
167200,    1.672000,   86.292261,  -16.396719,443089.18187567, 70385.39043102,513474.57230669,   0.4209654176
167300,    1.673000,   86.275859,  -16.406525,443004.96339579, 70469.60865913,513474.57205492,   0.4212171898
167400,    1.674000,   86.259448,  -16.416332,442920.69456122, 70553.87724193,513474.57180314,   0.4214689620
167500,    1.675000,   86.243027,  -16.426139,442836.37537195, 70638.19617942,513474.57155137,   0.4217207343
167600,    1.676000,   86.226596,  -16.435945,442752.00582799, 70722.56547161,513474.57129960,   0.4219725066
167700,    1.677000,   86.210155,  -16.445752,442667.58592933, 70806.98511850,513474.57104783,   0.4222242787
167800,    1.678000,   86.193704,  -16.455559,442583.11567598, 70891.45512008,513474.57079605,   0.4224760509
167900,    1.679000,   86.177243,  -16.465365,442498.59506793, 70975.97547635,513474.57054428,   0.4227278232
168000,    1.680000,   86.160773,  -16.475172,442414.02410518, 71060.54618733,513474.57029251,   0.4229795955
168100,    1.681000,   86.144293,  -16.484979,442329.40278774, 71145.16725299,513474.57004074,   0.4232313677
168200,    1.682000,   86.127803,  -16.494785,442244.73111561, 71229.83867336,513474.56978897,   0.4234831398
168300,    1.683000,   86.111303,  -16.504592,442160.00908878, 71314.56044841,513474.56953719,   0.4237349122
168400,    1.684000,   86.094794,  -16.514399,442075.23670725, 71399.33257817,513474.56928542,   0.4239866844
168500,    1.685000,   86.078274,  -16.524205,441990.41397103, 71484.15506262,513474.56903365,   0.4242384566
168600,    1.686000,   86.061745,  -16.534012,441905.54088012, 71569.02790176,513474.56878188,   0.4244902288
168700,    1.687000,   86.045206,  -16.543819,441820.61743450, 71653.95109560,513474.56853010,   0.4247420011
168800,    1.688000,   86.028658,  -16.553625,441735.64363420, 71738.92464414,513474.56827833,   0.4249937733
168900,    1.689000,   86.012099,  -16.563432,441650.61947919, 71823.94854737,513474.56802656,   0.4252455455
169000,    1.690000,   85.995531,  -16.573238,441565.54496949, 71909.02280529,513474.56777479,   0.4254973179
169100,    1.691000,   85.978952,  -16.583045,441480.42010510, 71994.14741792,513474.56752302,   0.4257490900
169200,    1.692000,   85.962364,  -16.592852,441395.24488601, 72079.32238523,513474.56727124,   0.4260008622
169300,    1.693000,   85.945767,  -16.602658,441310.01931223, 72164.54770725,513474.56701947,   0.4262526344
169400,    1.694000,   85.929159,  -16.612465,441224.74338375, 72249.82338395,513474.56676770,   0.4265044067
169500,    1.695000,   85.912542,  -16.622272,441139.41710057, 72335.14941536,513474.56651593,   0.4267561789
169600,    1.696000,   85.895914,  -16.632078,441054.04046270, 72420.52580146,513474.56626415,   0.4270079511
169700,    1.697000,   85.879277,  -16.641885,440968.61347013, 72505.95254225,513474.56601238,   0.4272597234
169800,    1.698000,   85.862630,  -16.651692,440883.13612287, 72591.42963774,513474.56576061,   0.4275114957
169900,    1.699000,   85.845974,  -16.661498,440797.60842091, 72676.95708792,513474.56550884,   0.4277632679
170000,    1.700000,   85.829307,  -16.671305,440712.03036426, 72762.53489280,513474.56525707,   0.4280150401
170100,    1.701000,   85.812631,  -16.681112,440626.40195291, 72848.16305238,513474.56500529,   0.4282668123
170200,    1.702000,   85.795945,  -16.690918,440540.72318687, 72933.84156665,513474.56475352,   0.4285185845
170300,    1.703000,   85.779249,  -16.700725,440454.99406613, 73019.57043562,513474.56450175,   0.4287703568
170400,    1.704000,   85.762544,  -16.710532,440369.21459070, 73105.34965928,513474.56424998,   0.4290221290
170500,    1.705000,   85.745828,  -16.720338,440283.38476057, 73191.17923764,513474.56399820,   0.4292739012
170600,    1.706000,   85.729103,  -16.730145,440197.50457574, 73277.05917069,513474.56374643,   0.4295256734
170700,    1.707000,   85.712368,  -16.739952,440111.57403622, 73362.98945844,513474.56349466,   0.4297774457
170800,    1.708000,   85.695623,  -16.749758,440025.59314200, 73448.97010088,513474.56324289,   0.4300292179
170900,    1.709000,   85.678868,  -16.759565,439939.56189309, 73535.00109802,513474.56299112,   0.4302809900
171000,    1.710000,   85.662104,  -16.769371,439853.48028949, 73621.08244986,513474.56273934,   0.4305327624
171100,    1.711000,   85.645329,  -16.779178,439767.34833118, 73707.21415639,513474.56248757,   0.4307845345
171200,    1.712000,   85.628545,  -16.788985,439681.16601818, 73793.39621761,513474.56223580,   0.4310363067
171300,    1.713000,   85.611751,  -16.798791,439594.93335049, 73879.62863354,513474.56198403,   0.4312880789
171400,    1.714000,   85.594947,  -16.808598,439508.65032810, 73965.91140415,513474.56173225,   0.4315398512
171500,    1.715000,   85.578134,  -16.818405,439422.31695102, 74052.24452946,513474.56148048,   0.4317916234
171600,    1.716000,   85.561310,  -16.828211,439335.93321924, 74138.62800947,513474.56122871,   0.4320433955
171700,    1.717000,   85.544477,  -16.838018,439249.49913276, 74225.06184417,513474.56097694,   0.4322951679
171800,    1.718000,   85.527634,  -16.847825,439163.01469159, 74311.54603357,513474.56072517,   0.4325469400
171900,    1.719000,   85.510782,  -16.857631,439076.47989573, 74398.08057767,513474.56047339,   0.4327987122
172000,    1.720000,   85.493919,  -16.867438,438989.89474517, 74484.66547646,513474.56022162,   0.4330504845
172100,    1.721000,   85.477047,  -16.877245,438903.25923991, 74571.30072994,513474.55996985,   0.4333022567
172200,    1.722000,   85.460164,  -16.887051,438816.57337996, 74657.98633812,513474.55971808,   0.4335540288
172300,    1.723000,   85.443272,  -16.896858,438729.83716531, 74744.72230099,513474.55946630,   0.4338058011
172400,    1.724000,   85.426371,  -16.906665,438643.05059597, 74831.50861857,513474.55921453,   0.4340575733
172500,    1.725000,   85.409459,  -16.916471,438556.21367193, 74918.34529083,513474.55896276,   0.4343093455
172600,    1.726000,   85.392538,  -16.926278,438469.32639319, 75005.23231779,513474.55871099,   0.4345611177
172700,    1.727000,   85.375606,  -16.936085,438382.38875977, 75092.16969945,513474.55845922,   0.4348128900
172800,    1.728000,   85.358665,  -16.945891,438295.40077164, 75179.15743580,513474.55820744,   0.4350646621
172900,    1.729000,   85.341714,  -16.955698,438208.36242882, 75266.19552685,513474.55795567,   0.4353164343
173000,    1.730000,   85.324754,  -16.965504,438121.27373130, 75353.28397259,513474.55770390,   0.4355682065
173100,    1.731000,   85.307783,  -16.975311,438034.13467909, 75440.42277303,513474.55745213,   0.4358199788
173200,    1.732000,   85.290803,  -16.985118,437946.94527219, 75527.61192817,513474.55720035,   0.4360717509
173300,    1.733000,   85.273813,  -16.994924,437859.70551059, 75614.85143800,513474.55694858,   0.4363235231
173400,    1.734000,   85.256813,  -17.004731,437772.41539429, 75702.14130252,513474.55669681,   0.4365752955
173500,    1.735000,   85.239803,  -17.014538,437685.07492330, 75789.48152174,513474.55644504,   0.4368270676
173600,    1.736000,   85.222784,  -17.024344,437597.68409761, 75876.87209566,513474.55619327,   0.4370788398
173700,    1.737000,   85.205755,  -17.034151,437510.24291722, 75964.31302427,513474.55594149,   0.4373306120
173800,    1.738000,   85.188716,  -17.043958,437422.75138214, 76051.80430758,513474.55568972,   0.4375823842
173900,    1.739000,   85.171667,  -17.053764,437335.20949237, 76139.34594558,513474.55543795,   0.4378341563
174000,    1.740000,   85.154608,  -17.063571,437247.61724790, 76226.93793828,513474.55518618,   0.4380859285
174100,    1.741000,   85.137539,  -17.073378,437159.97464873, 76314.58028567,513474.55493440,   0.4383377008
174200,    1.742000,   85.120461,  -17.083184,437072.28169487, 76402.27298776,513474.55468263,   0.4385894729
174300,    1.743000,   85.103373,  -17.092991,436984.53838632, 76490.01604454,513474.55443086,   0.4388412451
174400,    1.744000,   85.086275,  -17.102798,436896.74472307, 76577.80945602,513474.55417909,   0.4390930173
174500,    1.745000,   85.069167,  -17.112604,436808.90070512, 76665.65322220,513474.55392732,   0.4393447895
174600,    1.746000,   85.052050,  -17.122411,436721.00633248, 76753.54734307,513474.55367554,   0.4395965616
174700,    1.747000,   85.034922,  -17.132218,436633.06160514, 76841.49181863,513474.55342377,   0.4398483338
174800,    1.748000,   85.017785,  -17.142024,436545.06652311, 76929.48664889,513474.55317200,   0.4401001061
174900,    1.749000,   85.000638,  -17.151831,436457.02108638, 77017.53183385,513474.55292023,   0.4403518782
175000,    1.750000,   84.983481,  -17.161637,436368.92529495, 77105.62737350,513474.55266846,   0.4406036503
175100,    1.751000,   84.966315,  -17.171444,436280.77914883, 77193.77326785,513474.55241668,   0.4408554226
175200,    1.752000,   84.949138,  -17.181251,436192.58264802, 77281.96951689,513474.55216491,   0.4411071948
175300,    1.753000,   84.931952,  -17.191057,436104.33579251, 77370.21612063,513474.55191314,   0.4413589669
175400,    1.754000,   84.914756,  -17.200864,436016.03858230, 77458.51307906,513474.55166137,   0.4416107391
175500,    1.755000,   84.897550,  -17.210671,435927.69101740, 77546.86039219,513474.55140959,   0.4418625113
175600,    1.756000,   84.880335,  -17.220477,435839.29309780, 77635.25806002,513474.55115782,   0.4421142834
175700,    1.757000,   84.863109,  -17.230284,435750.84482351, 77723.70608254,513474.55090605,   0.4423660556
175800,    1.758000,   84.845874,  -17.240091,435662.34619452, 77812.20445975,513474.55065428,   0.4426178279
175900,    1.759000,   84.828629,  -17.249897,435573.79721084, 77900.75319166,513474.55040251,   0.4428696000
176000,    1.760000,   84.811374,  -17.259704,435485.19787246, 77989.35227827,513474.55015073,   0.4431213721
176100,    1.761000,   84.794110,  -17.269511,435396.54817939, 78078.00171957,513474.54989896,   0.4433731444
176200,    1.762000,   84.776835,  -17.279317,435307.84813162, 78166.70151557,513474.54964719,   0.4436249165
176300,    1.763000,   84.759551,  -17.289124,435219.09772915, 78255.45166626,513474.54939542,   0.4438766887
176400,    1.764000,   84.742257,  -17.298931,435130.29697199, 78344.25217165,513474.54914364,   0.4441284608
176500,    1.765000,   84.724953,  -17.308737,435041.44586014, 78433.10303173,513474.54889187,   0.4443802331
176600,    1.766000,   84.707639,  -17.318544,434952.54439359, 78522.00424651,513474.54864010,   0.4446320052
176700,    1.767000,   84.690316,  -17.328351,434863.59257234, 78610.95581599,513474.54838833,   0.4448837774
176800,    1.768000,   84.672982,  -17.338157,434774.59039640, 78699.95774016,513474.54813656,   0.4451355496
176900,    1.769000,   84.655639,  -17.347964,434685.53786576, 78789.01001902,513474.54788478,   0.4453873217
177000,    1.770000,   84.638286,  -17.357770,434596.43498043, 78878.11265258,513474.54763301,   0.4456390938
177100,    1.771000,   84.620924,  -17.367577,434507.28174040, 78967.26564084,513474.54738124,   0.4458908661
177200,    1.772000,   84.603551,  -17.377384,434418.07814568, 79056.46898379,513474.54712947,   0.4461426383
177300,    1.773000,   84.586169,  -17.387190,434328.82419626, 79145.72268144,513474.54687770,   0.4463944103
177400,    1.774000,   84.568777,  -17.396997,434239.51989214, 79235.02673378,513474.54662592,   0.4466461825
177500,    1.775000,   84.551375,  -17.406804,434150.16523333, 79324.38114082,513474.54637415,   0.4468979548
177600,    1.776000,   84.533963,  -17.416610,434060.76021983, 79413.78590255,513474.54612238,   0.4471497269
177700,    1.777000,   84.516541,  -17.426417,433971.30485163, 79503.24101898,513474.54587061,   0.4474014990
177800,    1.778000,   84.499110,  -17.436224,433881.79912873, 79592.74649010,513474.54561883,   0.4476532712
177900,    1.779000,   84.481669,  -17.446030,433792.24305114, 79682.30231592,513474.54536706,   0.4479050434
178000,    1.780000,   84.464218,  -17.455837,433702.63661885, 79771.90849644,513474.54511529,   0.4481568155
178100,    1.781000,   84.446757,  -17.465644,433612.97983187, 79861.56503165,513474.54486352,   0.4484085877
178200,    1.782000,   84.429286,  -17.475450,433523.27269019, 79951.27192155,513474.54461175,   0.4486603600
178300,    1.783000,   84.411806,  -17.485257,433433.51519382, 80041.02916615,513474.54435997,   0.4489121320
178400,    1.784000,   84.394316,  -17.495064,433343.70734275, 80130.83676545,513474.54410820,   0.4491639041
178500,    1.785000,   84.376816,  -17.504870,433253.84913699, 80220.69471944,513474.54385643,   0.4494156764
178600,    1.786000,   84.359306,  -17.514677,433163.94057653, 80310.60302813,513474.54360466,   0.4496674485
178700,    1.787000,   84.341786,  -17.524484,433073.98166137, 80400.56169151,513474.54335289,   0.4499192206
178800,    1.788000,   84.324257,  -17.534290,432983.97239152, 80490.57070959,513474.54310111,   0.4501709928
178900,    1.789000,   84.306718,  -17.544097,432893.91276698, 80580.63008236,513474.54284934,   0.4504227650
179000,    1.790000,   84.289169,  -17.553903,432803.80278774, 80670.73980983,513474.54259757,   0.4506745371
179100,    1.791000,   84.271610,  -17.563710,432713.64245380, 80760.89989200,513474.54234580,   0.4509263093
179200,    1.792000,   84.254041,  -17.573517,432623.43176517, 80851.11032886,513474.54209402,   0.4511780815
179300,    1.793000,   84.236463,  -17.583323,432533.17072184, 80941.37112041,513474.54184225,   0.4514298536
179400,    1.794000,   84.218874,  -17.593130,432442.85932382, 81031.68226666,513474.54159048,   0.4516816257
179500,    1.795000,   84.201276,  -17.602937,432352.49757110, 81122.04376761,513474.54133871,   0.4519333979
179600,    1.796000,   84.183668,  -17.612743,432262.08546368, 81212.45562325,513474.54108694,   0.4521851701
179700,    1.797000,   84.166051,  -17.622550,432171.62300157, 81302.91783359,513474.54083516,   0.4524369421
179800,    1.798000,   84.148423,  -17.632357,432081.11018477, 81393.43039862,513474.54058339,   0.4526887143
179900,    1.799000,   84.130786,  -17.642163,431990.54701327, 81483.99331835,513474.54033162,   0.4529404865
180000,    1.800000,   84.113139,  -17.651970,431899.93348707, 81574.60659277,513474.54007985,   0.4531922585
180100,    1.801000,   84.095482,  -17.661777,431809.26960618, 81665.27022189,513474.53982807,   0.4534440308
180200,    1.802000,   84.077815,  -17.671583,431718.55537060, 81755.98420571,513474.53957630,   0.4536958030
180300,    1.803000,   84.060139,  -17.681390,431627.79078031, 81846.74854422,513474.53932453,   0.4539475751
180400,    1.804000,   84.042452,  -17.691197,431536.97583534, 81937.56323742,513474.53907276,   0.4541993472
180500,    1.805000,   84.024756,  -17.701003,431446.11053566, 82028.42828532,513474.53882099,   0.4544511194
180600,    1.806000,   84.007050,  -17.710810,431355.19488130, 82119.34368792,513474.53856921,   0.4547028916
180700,    1.807000,   83.989334,  -17.720617,431264.22887223, 82210.30944521,513474.53831744,   0.4549546637
180800,    1.808000,   83.971609,  -17.730423,431173.21250847, 82301.32555720,513474.53806567,   0.4552064358
180900,    1.809000,   83.953873,  -17.740230,431082.14579002, 82392.39202388,513474.53781390,   0.4554582081
181000,    1.810000,   83.936128,  -17.750036,430991.02871687, 82483.50884526,513474.53756213,   0.4557099801
181100,    1.811000,   83.918373,  -17.759843,430899.86128902, 82574.67602133,513474.53731035,   0.4559617522
181200,    1.812000,   83.900608,  -17.769650,430808.64350648, 82665.89355210,513474.53705858,   0.4562135244
181300,    1.813000,   83.882834,  -17.779456,430717.37536925, 82757.16143756,513474.53680681,   0.4564652966
181400,    1.814000,   83.865049,  -17.789263,430626.05687732, 82848.47967772,513474.53655504,   0.4567170686
181500,    1.815000,   83.847255,  -17.799070,430534.68803069, 82939.84827258,513474.53630326,   0.4569688408
181600,    1.816000,   83.829451,  -17.808876,430443.26882937, 83031.26722213,513474.53605149,   0.4572206130
181700,    1.817000,   83.811637,  -17.818683,430351.79927335, 83122.73652637,513474.53579972,   0.4574723851
181800,    1.818000,   83.793814,  -17.828490,430260.27936263, 83214.25618531,513474.53554795,   0.4577241573
181900,    1.819000,   83.775980,  -17.838296,430168.70909723, 83305.82619895,513474.53529618,   0.4579759294
182000,    1.820000,   83.758137,  -17.848103,430077.08847712, 83397.44656728,513474.53504440,   0.4582277015
182100,    1.821000,   83.740284,  -17.857910,429985.41750232, 83489.11729031,513474.53479263,   0.4584794737
182200,    1.822000,   83.722421,  -17.867716,429893.69617283, 83580.83836803,513474.53454086,   0.4587312458
182300,    1.823000,   83.704548,  -17.877523,429801.92448864, 83672.60980045,513474.53428909,   0.4589830179
182400,    1.824000,   83.686666,  -17.887330,429710.10244975, 83764.43158756,513474.53403732,   0.4592347899
182500,    1.825000,   83.668774,  -17.897136,429618.23005617, 83856.30372937,513474.53378554,   0.4594865622
182600,    1.826000,   83.650872,  -17.906943,429526.30730789, 83948.22622588,513474.53353377,   0.4597383344
182700,    1.827000,   83.632960,  -17.916750,429434.33420492, 84040.19907708,513474.53328200,   0.4599901064
182800,    1.828000,   83.615038,  -17.926556,429342.31074725, 84132.22228297,513474.53303023,   0.4602418786
182900,    1.829000,   83.597106,  -17.936363,429250.23693489, 84224.29584356,513474.53277845,   0.4604936508
183000,    1.830000,   83.579165,  -17.946169,429158.11276783, 84316.41975885,513474.53252668,   0.4607454229
183100,    1.831000,   83.561214,  -17.955976,429065.93824608, 84408.59402883,513474.53227491,   0.4609971949
183200,    1.832000,   83.543253,  -17.965783,428973.71336963, 84500.81865351,513474.53202314,   0.4612489671
183300,    1.833000,   83.525282,  -17.975589,428881.43813848, 84593.09363288,513474.53177137,   0.4615007393
183400,    1.834000,   83.507302,  -17.985396,428789.11255264, 84685.41896695,513474.53151959,   0.4617525114
183500,    1.835000,   83.489312,  -17.995203,428696.73661211, 84777.79465571,513474.53126782,   0.4620042835
183600,    1.836000,   83.471311,  -18.005009,428604.31031688, 84870.22069917,513474.53101605,   0.4622560557
183700,    1.837000,   83.453301,  -18.014816,428511.83366695, 84962.69709733,513474.53076428,   0.4625078277
183800,    1.838000,   83.435282,  -18.024623,428419.30666233, 85055.22385018,513474.53051251,   0.4627595998
183900,    1.839000,   83.417252,  -18.034429,428326.72930301, 85147.80095772,513474.53026073,   0.4630113720
184000,    1.840000,   83.399213,  -18.044236,428234.10158900, 85240.42841996,513474.53000896,   0.4632631442
184100,    1.841000,   83.381163,  -18.054043,428141.42352029, 85333.10623690,513474.52975719,   0.4635149162
184200,    1.842000,   83.363104,  -18.063849,428048.69509689, 85425.83440853,513474.52950542,   0.4637666884
184300,    1.843000,   83.345036,  -18.073656,427955.91631879, 85518.61293486,513474.52925365,   0.4640184606
184400,    1.844000,   83.326957,  -18.083463,427863.08718599, 85611.44181588,513474.52900187,   0.4642702326
184500,    1.845000,   83.308869,  -18.093269,427770.20769850, 85704.32105160,513474.52875010,   0.4645220048
184600,    1.846000,   83.290770,  -18.103076,427677.27785632, 85797.25064201,513474.52849833,   0.4647737769
184700,    1.847000,   83.272662,  -18.112883,427584.29765944, 85890.23058712,513474.52824656,   0.4650255491
184800,    1.848000,   83.254545,  -18.122689,427491.26710786, 85983.26088692,513474.52799478,   0.4652773211
184900,    1.849000,   83.236417,  -18.132496,427398.18620159, 86076.34154142,513474.52774301,   0.4655290932
185000,    1.850000,   83.218279,  -18.142302,427305.05494062, 86169.47255062,513474.52749124,   0.4657808653
185100,    1.851000,   83.200132,  -18.152109,427211.87332496, 86262.65391451,513474.52723947,   0.4660326374
185200,    1.852000,   83.181975,  -18.161916,427118.64135460, 86355.88563309,513474.52698770,   0.4662844095
185300,    1.853000,   83.163808,  -18.171722,427025.35902955, 86449.16770637,513474.52673592,   0.4665361817
185400,    1.854000,   83.145632,  -18.181529,426932.02634980, 86542.50013435,513474.52648415,   0.4667879538
185500,    1.855000,   83.127445,  -18.191336,426838.64331536, 86635.88291702,513474.52623238,   0.4670397258
185600,    1.856000,   83.109249,  -18.201142,426745.20992622, 86729.31605439,513474.52598061,   0.4672914980
185700,    1.857000,   83.091043,  -18.210949,426651.72618238, 86822.79954645,513474.52572884,   0.4675432701
185800,    1.858000,   83.072827,  -18.220756,426558.19208385, 86916.33339321,513474.52547706,   0.4677950422
185900,    1.859000,   83.054601,  -18.230562,426464.60763063, 87009.91759467,513474.52522529,   0.4680468142
186000,    1.860000,   83.036366,  -18.240369,426370.97282270, 87103.55215082,513474.52497352,   0.4682985865
186100,    1.861000,   83.018120,  -18.250176,426277.28766009, 87197.23706166,513474.52472175,   0.4685503584
186200,    1.862000,   82.999865,  -18.259982,426183.55214278, 87290.97232720,513474.52446998,   0.4688021305
186300,    1.863000,   82.981600,  -18.269789,426089.76627077, 87384.75794744,513474.52421820,   0.4690539027
186400,    1.864000,   82.963326,  -18.279596,425995.93004406, 87478.59392237,513474.52396643,   0.4693056747
186500,    1.865000,   82.945041,  -18.289402,425902.04346267, 87572.48025199,513474.52371466,   0.4695574468
186600,    1.866000,   82.926747,  -18.299209,425808.10652657, 87666.41693631,513474.52346289,   0.4698092189
186700,    1.867000,   82.908442,  -18.309016,425714.11923578, 87760.40397533,513474.52321111,   0.4700609911
186800,    1.868000,   82.890128,  -18.318822,425620.08159030, 87854.44136904,513474.52295934,   0.4703127631
186900,    1.869000,   82.871805,  -18.328629,425525.99359012, 87948.52911745,513474.52270757,   0.4705645352
187000,    1.870000,   82.853471,  -18.338435,425431.85523524, 88042.66722056,513474.52245580,   0.4708163074
187100,    1.871000,   82.835128,  -18.348242,425337.66652567, 88136.85567835,513474.52220403,   0.4710680794
187200,    1.872000,   82.816775,  -18.358049,425243.42746141, 88231.09449085,513474.52195225,   0.4713198515
187300,    1.873000,   82.798412,  -18.367855,425149.13804244, 88325.38365804,513474.52170048,   0.4715716235
187400,    1.874000,   82.780039,  -18.377662,425054.79826879, 88419.72317992,513474.52144871,   0.4718233958
187500,    1.875000,   82.761656,  -18.387469,424960.40814043, 88514.11305650,513474.52119694,   0.4720751678
187600,    1.876000,   82.743264,  -18.397275,424865.96765739, 88608.55328778,513474.52094517,   0.4723269399
187700,    1.877000,   82.724861,  -18.407082,424771.47681964, 88703.04387375,513474.52069339,   0.4725787120
187800,    1.878000,   82.706449,  -18.416889,424676.93562720, 88797.58481442,513474.52044162,   0.4728304840
187900,    1.879000,   82.688028,  -18.426695,424582.34408007, 88892.17610978,513474.52018985,   0.4730822561
188000,    1.880000,   82.669596,  -18.436502,424487.70217824, 88986.81775984,513474.51993808,   0.4733340283
188100,    1.881000,   82.651154,  -18.446309,424393.00992171, 89081.50976459,513474.51968631,   0.4735858004
188200,    1.882000,   82.632703,  -18.456115,424298.26731049, 89176.25212404,513474.51943453,   0.4738375724
188300,    1.883000,   82.614242,  -18.465922,424203.47434458, 89271.04483818,513474.51918276,   0.4740893444
188400,    1.884000,   82.595771,  -18.475729,424108.63102396, 89365.88790702,513474.51893099,   0.4743411166
188500,    1.885000,   82.577291,  -18.485535,424013.73734866, 89460.78133056,513474.51867922,   0.4745928887
188600,    1.886000,   82.558800,  -18.495342,423918.79331866, 89555.72510879,513474.51842745,   0.4748446607
188700,    1.887000,   82.540300,  -18.505149,423823.79893396, 89650.71924172,513474.51817567,   0.4750964329
188800,    1.888000,   82.521790,  -18.514955,423728.75419456, 89745.76372934,513474.51792390,   0.4753482049
188900,    1.889000,   82.503270,  -18.524762,423633.65910048, 89840.85857165,513474.51767213,   0.4755999770
189000,    1.890000,   82.484740,  -18.534568,423538.51365169, 89936.00376867,513474.51742036,   0.4758517491
189100,    1.891000,   82.466201,  -18.544375,423443.31784821, 90031.19932037,513474.51716858,   0.4761035212
189200,    1.892000,   82.447651,  -18.554182,423348.07169004, 90126.44522678,513474.51691681,   0.4763552932
189300,    1.893000,   82.429092,  -18.563988,423252.77517717, 90221.74148787,513474.51666504,   0.4766070654
189400,    1.894000,   82.410523,  -18.573795,423157.42830960, 90317.08810367,513474.51641327,   0.4768588375
189500,    1.895000,   82.391944,  -18.583602,423062.03108734, 90412.48507416,513474.51616150,   0.4771106094
189600,    1.896000,   82.373356,  -18.593408,422966.58351038, 90507.93239934,513474.51590972,   0.4773623816
189700,    1.897000,   82.354758,  -18.603215,422871.08557873, 90603.43007922,513474.51565795,   0.4776141536
189800,    1.898000,   82.336149,  -18.613022,422775.53729238, 90698.97811380,513474.51540618,   0.4778659257
189900,    1.899000,   82.317531,  -18.622828,422679.93865134, 90794.57650307,513474.51515441,   0.4781176977
190000,    1.900000,   82.298904,  -18.632635,422584.28965560, 90890.22524703,513474.51490264,   0.4783694698
190100,    1.901000,   82.280266,  -18.642442,422488.59030517, 90985.92434570,513474.51465086,   0.4786212420
190200,    1.902000,   82.261619,  -18.652248,422392.84060004, 91081.67379905,513474.51439909,   0.4788730140
190300,    1.903000,   82.242961,  -18.662055,422297.04054021, 91177.47360711,513474.51414732,   0.4791247861
190400,    1.904000,   82.224294,  -18.671862,422201.19012569, 91273.32376985,513474.51389555,   0.4793765582
190500,    1.905000,   82.205618,  -18.681668,422105.28935648, 91369.22428730,513474.51364378,   0.4796283302
190600,    1.906000,   82.186931,  -18.691475,422009.33823257, 91465.17515944,513474.51339200,   0.4798801022
190700,    1.907000,   82.168235,  -18.701282,421913.33675396, 91561.17638627,513474.51314023,   0.4801318744
190800,    1.908000,   82.149528,  -18.711088,421817.28492066, 91657.22796780,513474.51288846,   0.4803836464
190900,    1.909000,   82.130812,  -18.720895,421721.18273266, 91753.32990403,513474.51263669,   0.4806354186
191000,    1.910000,   82.112086,  -18.730702,421625.03018997, 91849.48219495,513474.51238492,   0.4808871905
191100,    1.911000,   82.093351,  -18.740508,421528.82729258, 91945.68484056,513474.51213314,   0.4811389627
191200,    1.912000,   82.074605,  -18.750315,421432.57404050, 92041.93784087,513474.51188137,   0.4813907347
191300,    1.913000,   82.055850,  -18.760121,421336.27043372, 92138.24119588,513474.51162960,   0.4816425068
191400,    1.914000,   82.037085,  -18.769928,421239.91647224, 92234.59490558,513474.51137783,   0.4818942789
191500,    1.915000,   82.018310,  -18.779735,421143.51215607, 92330.99896998,513474.51112605,   0.4821460508
191600,    1.916000,   81.999525,  -18.789541,421047.05748521, 92427.45338907,513474.51087428,   0.4823978228
191700,    1.917000,   81.980731,  -18.799348,420950.55245965, 92523.95816286,513474.51062251,   0.4826495950
191800,    1.918000,   81.961927,  -18.809155,420853.99707939, 92620.51329135,513474.51037074,   0.4829013672
191900,    1.919000,   81.943112,  -18.818961,420757.39134444, 92717.11877453,513474.51011897,   0.4831531392
192000,    1.920000,   81.924289,  -18.828768,420660.73525479, 92813.77461240,513474.50986719,   0.4834049112
192100,    1.921000,   81.905455,  -18.838575,420564.02881045, 92910.48080497,513474.50961542,   0.4836566833
192200,    1.922000,   81.886611,  -18.848381,420467.27201141, 93007.23735224,513474.50936365,   0.4839084553
192300,    1.923000,   81.867758,  -18.858188,420370.46485768, 93104.04425420,513474.50911188,   0.4841602274
192400,    1.924000,   81.848895,  -18.867995,420273.60734925, 93200.90151086,513474.50886011,   0.4844119995
192500,    1.925000,   81.830022,  -18.877801,420176.69948613, 93297.80912221,513474.50860833,   0.4846637716
192600,    1.926000,   81.811139,  -18.887608,420079.74126831, 93394.76708826,513474.50835656,   0.4849155435
192700,    1.927000,   81.792247,  -18.897415,419982.73269579, 93491.77540900,513474.50810479,   0.4851673156
192800,    1.928000,   81.773344,  -18.907221,419885.67376858, 93588.83408444,513474.50785302,   0.4854190877
192900,    1.929000,   81.754432,  -18.917028,419788.56448668, 93685.94311457,513474.50760125,   0.4856708598
193000,    1.930000,   81.735510,  -18.926835,419691.40485007, 93783.10249940,513474.50734947,   0.4859226317
193100,    1.931000,   81.716578,  -18.936641,419594.19485878, 93880.31223892,513474.50709770,   0.4861744039
193200,    1.932000,   81.697637,  -18.946448,419496.93451279, 93977.57233314,513474.50684593,   0.4864261760
193300,    1.933000,   81.678685,  -18.956254,419399.62381210, 94074.88278206,513474.50659416,   0.4866779480
193400,    1.934000,   81.659724,  -18.966061,419302.26275671, 94172.24358567,513474.50634239,   0.4869297200
193500,    1.935000,   81.640753,  -18.975868,419204.85134664, 94269.65474398,513474.50609061,   0.4871814921
193600,    1.936000,   81.621772,  -18.985674,419107.38958186, 94367.11625698,513474.50583884,   0.4874332641
193700,    1.937000,   81.602782,  -18.995481,419009.87746239, 94464.62812468,513474.50558707,   0.4876850361
193800,    1.938000,   81.583781,  -19.005288,418912.31498823, 94562.19034707,513474.50533530,   0.4879368083
193900,    1.939000,   81.564771,  -19.015094,418814.70215937, 94659.80292416,513474.50508353,   0.4881885803
194000,    1.940000,   81.545751,  -19.024901,418717.03897581, 94757.46585594,513474.50483175,   0.4884403523
194100,    1.941000,   81.526721,  -19.034708,418619.32543756, 94855.17914242,513474.50457998,   0.4886921244
194200,    1.942000,   81.507681,  -19.044514,418521.56154462, 94952.94278359,513474.50432821,   0.4889438965
194300,    1.943000,   81.488632,  -19.054321,418423.74729697, 95050.75677946,513474.50407644,   0.4891956684
194400,    1.944000,   81.469573,  -19.064128,418325.88269464, 95148.62113003,513474.50382467,   0.4894474404
194500,    1.945000,   81.450504,  -19.073934,418227.96773760, 95246.53583529,513474.50357289,   0.4896992127
194600,    1.946000,   81.431425,  -19.083741,418130.00242588, 95344.50089525,513474.50332112,   0.4899509846
194700,    1.947000,   81.412336,  -19.093548,418031.98675945, 95442.51630990,513474.50306935,   0.4902027567
194800,    1.948000,   81.393237,  -19.103354,417933.92073833, 95540.58207924,513474.50281758,   0.4904545287
194900,    1.949000,   81.374129,  -19.113161,417835.80436252, 95638.69820329,513474.50256580,   0.4907063008
195000,    1.950000,   81.355011,  -19.122968,417737.63763201, 95736.86468202,513474.50231403,   0.4909580728
195100,    1.951000,   81.335883,  -19.132774,417639.42054680, 95835.08151546,513474.50206226,   0.4912098449
195200,    1.952000,   81.316745,  -19.142581,417541.15310690, 95933.34870359,513474.50181049,   0.4914616170
195300,    1.953000,   81.297598,  -19.152387,417442.83531231, 96031.66624641,513474.50155872,   0.4917133889
195400,    1.954000,   81.278441,  -19.162194,417344.46716301, 96130.03414393,513474.50130694,   0.4919651609
195500,    1.955000,   81.259273,  -19.172001,417246.04865903, 96228.45239614,513474.50105517,   0.4922169331
195600,    1.956000,   81.240096,  -19.181807,417147.57980035, 96326.92100306,513474.50080340,   0.4924687051
195700,    1.957000,   81.220910,  -19.191614,417049.06058697, 96425.43996466,513474.50055163,   0.4927204771
195800,    1.958000,   81.201713,  -19.201421,416950.49101889, 96524.00928096,513474.50029986,   0.4929722492
195900,    1.959000,   81.182507,  -19.211227,416851.87109613, 96622.62895196,513474.50004808,   0.4932240212
196000,    1.960000,   81.163291,  -19.221034,416753.20081866, 96721.29897765,513474.49979631,   0.4934757932
196100,    1.961000,   81.144065,  -19.230841,416654.48018650, 96820.01935804,513474.49954454,   0.4937275652
196200,    1.962000,   81.124829,  -19.240647,416555.70919965, 96918.79009312,513474.49929277,   0.4939793373
196300,    1.963000,   81.105583,  -19.250454,416456.88785810, 97017.61118290,513474.49904100,   0.4942311093
196400,    1.964000,   81.086328,  -19.260261,416358.01616185, 97116.48262737,513474.49878922,   0.4944828812
196500,    1.965000,   81.067063,  -19.270067,416259.09411091, 97215.40442654,513474.49853745,   0.4947346533
196600,    1.966000,   81.047788,  -19.279874,416160.12170527, 97314.37658041,513474.49828568,   0.4949864253
196700,    1.967000,   81.028503,  -19.289681,416061.09894494, 97413.39908897,513474.49803391,   0.4952381973
196800,    1.968000,   81.009208,  -19.299487,415962.02582991, 97512.47195222,513474.49778214,   0.4954899693
196900,    1.969000,   80.989904,  -19.309294,415862.90236019, 97611.59517017,513474.49753036,   0.4957417415
197000,    1.970000,   80.970589,  -19.319101,415763.72853577, 97710.76874282,513474.49727859,   0.4959935134
197100,    1.971000,   80.951265,  -19.328907,415664.50435666, 97809.99267016,513474.49702682,   0.4962452854
197200,    1.972000,   80.931931,  -19.338714,415565.22982285, 97909.26695220,513474.49677505,   0.4964970575
197300,    1.973000,   80.912588,  -19.348520,415465.90493434, 98008.59158893,513474.49652328,   0.4967488294
197400,    1.974000,   80.893234,  -19.358327,415366.52969114, 98107.96658036,513474.49627150,   0.4970006015
197500,    1.975000,   80.873871,  -19.368134,415267.10409325, 98207.39192648,513474.49601973,   0.4972523735
197600,    1.976000,   80.854498,  -19.377940,415167.62814066, 98306.86762730,513474.49576796,   0.4975041455
197700,    1.977000,   80.835115,  -19.387747,415068.10183337, 98406.39368282,513474.49551619,   0.4977559174
197800,    1.978000,   80.815722,  -19.397554,414968.52517139, 98505.97009303,513474.49526442,   0.4980076895
197900,    1.979000,   80.796320,  -19.407360,414868.89815471, 98605.59685793,513474.49501264,   0.4982594616
198000,    1.980000,   80.776908,  -19.417167,414769.22078334, 98705.27397753,513474.49476087,   0.4985112335
198100,    1.981000,   80.757485,  -19.426974,414669.49305727, 98805.00145183,513474.49450910,   0.4987630055
198200,    1.982000,   80.738054,  -19.436780,414569.71497651, 98904.77928082,513474.49425733,   0.4990147777
198300,    1.983000,   80.718612,  -19.446587,414469.88654105, 99004.60746451,513474.49400556,   0.4992665496
198400,    1.984000,   80.699160,  -19.456394,414370.00775089, 99104.48600289,513474.49375378,   0.4995183215
198500,    1.985000,   80.679699,  -19.466200,414270.07860604, 99204.41489597,513474.49350201,   0.4997700936
198600,    1.986000,   80.660228,  -19.476007,414170.09910650, 99304.39414374,513474.49325024,   0.5000218657
198700,    1.987000,   80.640747,  -19.485814,414070.06925226, 99404.42374621,513474.49299847,   0.5002736376
198800,    1.988000,   80.621256,  -19.495620,413969.98904332, 99504.50370337,513474.49274670,   0.5005254095
198900,    1.989000,   80.601755,  -19.505427,413869.85847969, 99604.63401523,513474.49249492,   0.5007771817
199000,    1.990000,   80.582245,  -19.515234,413769.67756136, 99704.81468179,513474.49224315,   0.5010289536
199100,    1.991000,   80.562725,  -19.525040,413669.44628834, 99805.04570304,513474.49199138,   0.5012807256
199200,    1.992000,   80.543195,  -19.534847,413569.16466062, 99905.32707899,513474.49173961,   0.5015324976
199300,    1.993000,   80.523655,  -19.544653,413468.83267821,100005.65880963,513474.49148784,   0.5017842697
199400,    1.994000,   80.504106,  -19.554460,413368.45034110,100106.04089496,513474.49123606,   0.5020360416
199500,    1.995000,   80.484546,  -19.564267,413268.01764930,100206.47333500,513474.49098429,   0.5022878136
199600,    1.996000,   80.464977,  -19.574073,413167.53460280,100306.95612972,513474.49073252,   0.5025395858
199700,    1.997000,   80.445398,  -19.583880,413067.00120160,100407.48927915,513474.49048075,   0.5027913576
199800,    1.998000,   80.425809,  -19.593687,412966.41744571,100508.07278326,513474.49022898,   0.5030431297
199900,    1.999000,   80.406210,  -19.603493,412865.78333513,100608.70664208,513474.48997720,   0.5032949016
200000,    2.000000,   80.386602,  -19.613300,412765.09886984,100709.39085559,513474.48972543,   0.5035466737
200100,    2.001000,   80.366984,  -19.623107,412664.36404987,100810.12542379,513474.48947366,   0.5037984456
200200,    2.002000,   80.347356,  -19.632913,412563.57887520,100910.91034669,513474.48922189,   0.5040502177
200300,    2.003000,   80.327718,  -19.642720,412462.74334583,101011.74562429,513474.48897012,   0.5043019897
200400,    2.004000,   80.308070,  -19.652527,412361.85746177,101112.63125658,513474.48871834,   0.5045537616
200500,    2.005000,   80.288413,  -19.662333,412260.92122301,101213.56724357,513474.48846657,   0.5048055336
200600,    2.006000,   80.268745,  -19.672140,412159.93462955,101314.55358525,513474.48821480,   0.5050573057
200700,    2.007000,   80.249068,  -19.681947,412058.89768140,101415.59028162,513474.48796303,   0.5053090777
200800,    2.008000,   80.229381,  -19.691753,411957.81037856,101516.67733270,513474.48771126,   0.5055608496
200900,    2.009000,   80.209685,  -19.701560,411856.67272102,101617.81473847,513474.48745948,   0.5058126217
201000,    2.010000,   80.189978,  -19.711367,411755.48470878,101719.00249893,513474.48720771,   0.5060643937
201100,    2.011000,   80.170262,  -19.721173,411654.24634185,101820.24061409,513474.48695594,   0.5063161656
201200,    2.012000,   80.150536,  -19.730980,411552.95762023,101921.52908394,513474.48670417,   0.5065679377
201300,    2.013000,   80.130800,  -19.740786,411451.61854390,102022.86790849,513474.48645240,   0.5068197097
201400,    2.014000,   80.111054,  -19.750593,411350.22911289,102124.25708774,513474.48620062,   0.5070714816
201500,    2.015000,   80.091298,  -19.760400,411248.78932717,102225.69662168,513474.48594885,   0.5073232535
201600,    2.016000,   80.071533,  -19.770206,411147.29918677,102327.18651031,513474.48569708,   0.5075750256
201700,    2.017000,   80.051758,  -19.780013,411045.75869166,102428.72675365,513474.48544531,   0.5078267975
201800,    2.018000,   80.031973,  -19.789820,410944.16784186,102530.31735167,513474.48519354,   0.5080785695
201900,    2.019000,   80.012178,  -19.799626,410842.52663737,102631.95830440,513474.48494176,   0.5083303415
202000,    2.020000,   79.992374,  -19.809433,410740.83507818,102733.64961181,513474.48468999,   0.5085821137
202100,    2.021000,   79.972559,  -19.819240,410639.09316429,102835.39127393,513474.48443822,   0.5088338855
202200,    2.022000,   79.952735,  -19.829046,410537.30089571,102937.18329073,513474.48418645,   0.5090856575
202300,    2.023000,   79.932901,  -19.838853,410435.45827244,103039.02566224,513474.48393468,   0.5093374295
202400,    2.024000,   79.913057,  -19.848660,410333.56529447,103140.91838844,513474.48368290,   0.5095892015
202500,    2.025000,   79.893204,  -19.858466,410231.62196180,103242.86146933,513474.48343113,   0.5098409735
202600,    2.026000,   79.873340,  -19.868273,410129.62827444,103344.85490492,513474.48317936,   0.5100927455
202700,    2.027000,   79.853467,  -19.878080,410027.58423238,103446.89869521,513474.48292759,   0.5103445175
202800,    2.028000,   79.833584,  -19.887886,409925.48983563,103548.99284019,513474.48267582,   0.5105962894
202900,    2.029000,   79.813691,  -19.897693,409823.34508418,103651.13733987,513474.48242404,   0.5108480614
203000,    2.030000,   79.793788,  -19.907500,409721.14997803,103753.33219424,513474.48217227,   0.5110998335
203100,    2.031000,   79.773876,  -19.917306,409618.90451719,103855.57740331,513474.48192050,   0.5113516054
203200,    2.032000,   79.753954,  -19.927113,409516.60870166,103957.87296707,513474.48166873,   0.5116033773
203300,    2.033000,   79.734022,  -19.936919,409414.26253143,104060.21888553,513474.48141696,   0.5118551494
203400,    2.034000,   79.714080,  -19.946726,409311.86600650,104162.61515868,513474.48116518,   0.5121069213
203500,    2.035000,   79.694128,  -19.956533,409209.41912688,104265.06178653,513474.48091341,   0.5123586932
203600,    2.036000,   79.674167,  -19.966339,409106.92189256,104367.55876908,513474.48066164,   0.5126104653
203700,    2.037000,   79.654195,  -19.976146,409004.37430355,104470.10610632,513474.48040987,   0.5128622372
203800,    2.038000,   79.634214,  -19.985953,408901.77635984,104572.70379825,513474.48015810,   0.5131140092
203900,    2.039000,   79.614223,  -19.995759,408799.12806144,104675.35184488,513474.47990632,   0.5133657812
204000,    2.040000,   79.594223,  -20.005566,408696.42940834,104778.05024621,513474.47965455,   0.5136175532
204100,    2.041000,   79.574212,  -20.015373,408593.68040055,104880.79900223,513474.47940278,   0.5138693251
204200,    2.042000,   79.554192,  -20.025179,408490.88103806,104983.59811295,513474.47915101,   0.5141210971
204300,    2.043000,   79.534162,  -20.034986,408388.03132087,105086.44757836,513474.47889924,   0.5143728691
204400,    2.044000,   79.514122,  -20.044793,408285.13124899,105189.34739847,513474.47864746,   0.5146246411
204500,    2.045000,   79.494072,  -20.054599,408182.18082242,105292.29757327,513474.47839569,   0.5148764130
204600,    2.046000,   79.474012,  -20.064406,408079.18004115,105395.29810277,513474.47814392,   0.5151281850
204700,    2.047000,   79.453943,  -20.074213,407976.12890518,105498.34898697,513474.47789215,   0.5153799572
204800,    2.048000,   79.433864,  -20.084019,407873.02741452,105601.45022586,513474.47764038,   0.5156317289
204900,    2.049000,   79.413775,  -20.093826,407769.87556916,105704.60181944,513474.47738860,   0.5158835009
205000,    2.050000,   79.393676,  -20.103633,407666.67336911,105807.80376772,513474.47713683,   0.5161352729
205100,    2.051000,   79.373568,  -20.113439,407563.42081436,105911.05607070,513474.47688506,   0.5163870449
205200,    2.052000,   79.353449,  -20.123246,407460.11790492,106014.35872837,513474.47663329,   0.5166388168
205300,    2.053000,   79.333321,  -20.133052,407356.76464078,106117.71174074,513474.47638152,   0.5168905888
205400,    2.054000,   79.313183,  -20.142859,407253.36102194,106221.11510780,513474.47612974,   0.5171423608
205500,    2.055000,   79.293035,  -20.152666,407149.90704841,106324.56882956,513474.47587797,   0.5173941327
205600,    2.056000,   79.272878,  -20.162472,407046.40272019,106428.07290601,513474.47562620,   0.5176459047
205700,    2.057000,   79.252710,  -20.172279,406942.84803727,106531.62733716,513474.47537443,   0.5178976767
205800,    2.058000,   79.232533,  -20.182086,406839.24299965,106635.23212300,513474.47512266,   0.5181494486
205900,    2.059000,   79.212346,  -20.191892,406735.58760734,106738.88726354,513474.47487089,   0.5184012204
206000,    2.060000,   79.192149,  -20.201699,406631.88186033,106842.59275878,513474.47461911,   0.5186529926
206100,    2.061000,   79.171942,  -20.211506,406528.12575863,106946.34860871,513474.47436734,   0.5189047646
206200,    2.062000,   79.151726,  -20.221312,406424.31930223,107050.15481334,513474.47411557,   0.5191565364
206300,    2.063000,   79.131500,  -20.231119,406320.46249114,107154.01137266,513474.47386380,   0.5194083084
206400,    2.064000,   79.111264,  -20.240926,406216.55532535,107257.91828667,513474.47361203,   0.5196600805
206500,    2.065000,   79.091018,  -20.250732,406112.59780487,107361.87555539,513474.47336025,   0.5199118523
206600,    2.066000,   79.070762,  -20.260539,406008.58992969,107465.88317879,513474.47310848,   0.5201636244
206700,    2.067000,   79.050497,  -20.270346,405904.53169981,107569.94115690,513474.47285671,   0.5204153963
206800,    2.068000,   79.030221,  -20.280152,405800.42311524,107674.04948969,513474.47260494,   0.5206671683
206900,    2.069000,   79.009936,  -20.289959,405696.26417598,107778.20817719,513474.47235317,   0.5209189402
207000,    2.070000,   78.989641,  -20.299766,405592.05488202,107882.41721938,513474.47210139,   0.5211707121
207100,    2.071000,   78.969336,  -20.309572,405487.79523336,107986.67661626,513474.47184962,   0.5214224841
207200,    2.072000,   78.949022,  -20.319379,405383.48523001,108090.98636784,513474.47159785,   0.5216742560
207300,    2.073000,   78.928698,  -20.329185,405279.12487196,108195.34647412,513474.47134608,   0.5219260280
207400,    2.074000,   78.908363,  -20.338992,405174.71415922,108299.75693509,513474.47109431,   0.5221777999
207500,    2.075000,   78.888020,  -20.348799,405070.25309178,108404.21775076,513474.47084253,   0.5224295718
207600,    2.076000,   78.867666,  -20.358605,404965.74166964,108508.72892112,513474.47059076,   0.5226813438
207700,    2.077000,   78.847302,  -20.368412,404861.17989281,108613.29044618,513474.47033899,   0.5229331157
207800,    2.078000,   78.826929,  -20.378219,404756.56776129,108717.90232593,513474.47008722,   0.5231848877
207900,    2.079000,   78.806546,  -20.388025,404651.90527507,108822.56456038,513474.46983545,   0.5234366595
208000,    2.080000,   78.786153,  -20.397832,404547.19243415,108927.27714952,513474.46958367,   0.5236884315
208100,    2.081000,   78.765750,  -20.407639,404442.42923854,109032.04009336,513474.46933190,   0.5239402035
208200,    2.082000,   78.745337,  -20.417445,404337.61568824,109136.85339189,513474.46908013,   0.5241919754
208300,    2.083000,   78.724915,  -20.427252,404232.75178324,109241.71704512,513474.46882836,   0.5244437473
208400,    2.084000,   78.704483,  -20.437059,404127.83752354,109346.63105305,513474.46857659,   0.5246955192
208500,    2.085000,   78.684041,  -20.446865,404022.87290915,109451.59541567,513474.46832481,   0.5249472912
208600,    2.086000,   78.663589,  -20.456672,403917.85794006,109556.61013299,513474.46807304,   0.5251990631
208700,    2.087000,   78.643127,  -20.466479,403812.79261627,109661.67520500,513474.46782127,   0.5254508351
208800,    2.088000,   78.622656,  -20.476285,403707.67693779,109766.79063170,513474.46756950,   0.5257026071
208900,    2.089000,   78.602175,  -20.486092,403602.51090462,109871.95641311,513474.46731773,   0.5259543789
209000,    2.090000,   78.581684,  -20.495899,403497.29451675,109977.17254920,513474.46706595,   0.5262061508
209100,    2.091000,   78.561183,  -20.505705,403392.02777419,110082.43904000,513474.46681418,   0.5264579228
209200,    2.092000,   78.540672,  -20.515512,403286.71067692,110187.75588549,513474.46656241,   0.5267096947
209300,    2.093000,   78.520152,  -20.525318,403181.34322497,110293.12308567,513474.46631064,   0.5269614666
209400,    2.094000,   78.499621,  -20.535125,403075.92541832,110398.54064055,513474.46605887,   0.5272132386
209500,    2.095000,   78.479081,  -20.544932,402970.45725697,110504.00855013,513474.46580710,   0.5274650106
209600,    2.096000,   78.458531,  -20.554738,402864.93874093,110609.52681440,513474.46555532,   0.5277167824
209700,    2.097000,   78.437972,  -20.564545,402759.36987019,110715.09543336,513474.46530355,   0.5279685543
209800,    2.098000,   78.417402,  -20.574352,402653.75064476,110820.71440702,513474.46505178,   0.5282203263
209900,    2.099000,   78.396823,  -20.584158,402548.08106463,110926.38373538,513474.46480001,   0.5284720981
210000,    2.100000,   78.376234,  -20.593965,402442.36112980,111032.10341843,513474.46454824,   0.5287238701
210100,    2.101000,   78.355635,  -20.603772,402336.59084028,111137.87345618,513474.46429646,   0.5289756421
210200,    2.102000,   78.335026,  -20.613578,402230.77019607,111243.69384862,513474.46404469,   0.5292274141
210300,    2.103000,   78.314408,  -20.623385,402124.89919716,111349.56459576,513474.46379292,   0.5294791859
210400,    2.104000,   78.293779,  -20.633192,402018.97784355,111455.48569760,513474.46354115,   0.5297309578
210500,    2.105000,   78.273141,  -20.642998,401913.00613525,111561.45715412,513474.46328938,   0.5299827298
210600,    2.106000,   78.252493,  -20.652805,401806.98407225,111667.47896535,513474.46303760,   0.5302345016
210700,    2.107000,   78.231835,  -20.662612,401700.91165456,111773.55113127,513474.46278583,   0.5304862736
210800,    2.108000,   78.211168,  -20.672418,401594.78888218,111879.67365189,513474.46253406,   0.5307380455
210900,    2.109000,   78.190490,  -20.682225,401488.61575509,111985.84652720,513474.46228229,   0.5309898175
211000,    2.110000,   78.169803,  -20.692032,401382.39227331,112092.06975720,513474.46203052,   0.5312415892
211100,    2.111000,   78.149106,  -20.701838,401276.11843684,112198.34334190,513474.46177874,   0.5314933613
211200,    2.112000,   78.128400,  -20.711645,401169.79424567,112304.66728130,513474.46152697,   0.5317451332
211300,    2.113000,   78.107683,  -20.721451,401063.41969981,112411.04157539,513474.46127520,   0.5319969051
211400,    2.114000,   78.086957,  -20.731258,400956.99479925,112517.46622418,513474.46102343,   0.5322486770
211500,    2.115000,   78.066220,  -20.741065,400850.51954399,112623.94122767,513474.46077166,   0.5325004490
211600,    2.116000,   78.045474,  -20.750871,400743.99393404,112730.46658585,513474.46051988,   0.5327522208
211700,    2.117000,   78.024718,  -20.760678,400637.41796939,112837.04229872,513474.46026811,   0.5330039928
211800,    2.118000,   78.003953,  -20.770485,400530.79165005,112943.66836629,513474.46001634,   0.5332557647
211900,    2.119000,   77.983177,  -20.780291,400424.11497601,113050.34478856,513474.45976457,   0.5335075366
212000,    2.120000,   77.962392,  -20.790098,400317.38794728,113157.07156552,513474.45951280,   0.5337593085
212100,    2.121000,   77.941597,  -20.799905,400210.61056385,113263.84869717,513474.45926103,   0.5340110804
212200,    2.122000,   77.920792,  -20.809711,400103.78282573,113370.67618352,513474.45900925,   0.5342628525
212300,    2.123000,   77.899978,  -20.819518,399996.90473291,113477.55402457,513474.45875748,   0.5345146242
212400,    2.124000,   77.879153,  -20.829325,399889.97628540,113584.48222031,513474.45850571,   0.5347663961
212500,    2.125000,   77.858319,  -20.839131,399782.99748319,113691.46077075,513474.45825394,   0.5350181682
212600,    2.126000,   77.837475,  -20.848938,399675.96832628,113798.48967588,513474.45800217,   0.5352699399
212700,    2.127000,   77.816621,  -20.858745,399568.88881468,113905.56893571,513474.45775039,   0.5355217119
212800,    2.128000,   77.795757,  -20.868551,399461.75894838,114012.69855024,513474.45749862,   0.5357734838
212900,    2.129000,   77.774884,  -20.878358,399354.57872739,114119.87851946,513474.45724685,   0.5360252557
213000,    2.130000,   77.754000,  -20.888165,399247.34815171,114227.10884337,513474.45699508,   0.5362770275
213100,    2.131000,   77.733107,  -20.897971,399140.06722132,114334.38952198,513474.45674331,   0.5365287995
213200,    2.132000,   77.712204,  -20.907778,399032.73593625,114441.72055529,513474.45649153,   0.5367805714
213300,    2.133000,   77.691292,  -20.917584,398925.35429647,114549.10194329,513474.45623976,   0.5370323433
213400,    2.134000,   77.670369,  -20.927391,398817.92230200,114656.53368599,513474.45598799,   0.5372841152
213500,    2.135000,   77.649437,  -20.937198,398710.43995284,114764.01578338,513474.45573622,   0.5375358872
213600,    2.136000,   77.628495,  -20.947004,398602.90724898,114871.54823547,513474.45548445,   0.5377876590
213700,    2.137000,   77.607543,  -20.956811,398495.32419042,114979.13104225,513474.45523267,   0.5380394309
213800,    2.138000,   77.586581,  -20.966618,398387.69077717,115086.76420373,513474.45498090,   0.5382912029
213900,    2.139000,   77.565609,  -20.976424,398280.00700923,115194.44771990,513474.45472913,   0.5385429748
214000,    2.140000,   77.544628,  -20.986231,398172.27288659,115302.18159077,513474.45447736,   0.5387947466
214100,    2.141000,   77.523637,  -20.996038,398064.48840925,115409.96581634,513474.45422559,   0.5390465185
214200,    2.142000,   77.502636,  -21.005844,397956.65357722,115517.80039660,513474.45397382,   0.5392982905
214300,    2.143000,   77.481625,  -21.015651,397848.76839049,115625.68533155,513474.45372204,   0.5395500623
214400,    2.144000,   77.460604,  -21.025458,397740.83284907,115733.62062120,513474.45347027,   0.5398018342
214500,    2.145000,   77.439574,  -21.035264,397632.84695295,115841.60626555,513474.45321850,   0.5400536061
214600,    2.146000,   77.418534,  -21.045071,397524.81070214,115949.64226459,513474.45296673,   0.5403053781
214700,    2.147000,   77.397484,  -21.054878,397416.72409663,116057.72861833,513474.45271496,   0.5405571499
214800,    2.148000,   77.376424,  -21.064684,397308.58713642,116165.86532676,513474.45246318,   0.5408089217
214900,    2.149000,   77.355354,  -21.074491,397200.39982152,116274.05238989,513474.45221141,   0.5410606937
215000,    2.150000,   77.334275,  -21.084298,397092.16215193,116382.28980771,513474.45195964,   0.5413124655
215100,    2.151000,   77.313186,  -21.094104,396983.87412764,116490.57758023,513474.45170787,   0.5415642374
215200,    2.152000,   77.292086,  -21.103911,396875.53574865,116598.91570745,513474.45145610,   0.5418160094
215300,    2.153000,   77.270978,  -21.113717,396767.14701497,116707.30418936,513474.45120432,   0.5420677813
215400,    2.154000,   77.249859,  -21.123524,396658.70792659,116815.74302596,513474.45095255,   0.5423195531
215500,    2.155000,   77.228730,  -21.133331,396550.21848352,116924.23221726,513474.45070078,   0.5425713250
215600,    2.156000,   77.207592,  -21.143137,396441.67868575,117032.77176326,513474.45044901,   0.5428230970
215700,    2.157000,   77.186444,  -21.152944,396333.08853329,117141.36166395,513474.45019724,   0.5430748688
215800,    2.158000,   77.165286,  -21.162751,396224.44802613,117250.00191934,513474.44994547,   0.5433266407
215900,    2.159000,   77.144118,  -21.172557,396115.75716427,117358.69252942,513474.44969369,   0.5435784126
216000,    2.160000,   77.122941,  -21.182364,396007.01594772,117467.43349420,513474.44944192,   0.5438301846
216100,    2.161000,   77.101754,  -21.192171,395898.22437648,117576.22481367,513474.44919015,   0.5440819563
216200,    2.162000,   77.080557,  -21.201977,395789.38245054,117685.06648784,513474.44893838,   0.5443337283
216300,    2.163000,   77.059350,  -21.211784,395680.49016990,117793.95851671,513474.44868661,   0.5445855002
216400,    2.164000,   77.038133,  -21.221591,395571.54753457,117902.90090027,513474.44843483,   0.5448372720
216500,    2.165000,   77.016906,  -21.231397,395462.55454454,118011.89363852,513474.44818306,   0.5450890439
216600,    2.166000,   76.995670,  -21.241204,395353.51119982,118120.93673147,513474.44793129,   0.5453408159
216700,    2.167000,   76.974424,  -21.251011,395244.41750040,118230.03017912,513474.44767952,   0.5455925877
216800,    2.168000,   76.953168,  -21.260817,395135.27344629,118339.17398146,513474.44742775,   0.5458443596
216900,    2.169000,   76.931902,  -21.270624,395026.07903748,118448.36813849,513474.44717597,   0.5460961315
217000,    2.170000,   76.910627,  -21.280431,394916.83427398,118557.61265023,513474.44692420,   0.5463479033
217100,    2.171000,   76.889341,  -21.290237,394807.53915578,118666.90751665,513474.44667243,   0.5465996753
217200,    2.172000,   76.868046,  -21.300044,394698.19368288,118776.25273778,513474.44642066,   0.5468514471
217300,    2.173000,   76.846741,  -21.309850,394588.79785529,118885.64831360,513474.44616889,   0.5471032191
217400,    2.174000,   76.825426,  -21.319657,394479.35167300,118995.09424411,513474.44591711,   0.5473549908
217500,    2.175000,   76.804102,  -21.329464,394369.85513602,119104.59052932,513474.44566534,   0.5476067627
217600,    2.176000,   76.782767,  -21.339270,394260.30824435,119214.13716922,513474.44541357,   0.5478585346
217700,    2.177000,   76.761423,  -21.349077,394150.71099797,119323.73416382,513474.44516180,   0.5481103066
217800,    2.178000,   76.740069,  -21.358884,394041.06339691,119433.38151312,513474.44491003,   0.5483620784
217900,    2.179000,   76.718705,  -21.368690,393931.36544114,119543.07921711,513474.44465826,   0.5486138503
218000,    2.180000,   76.697331,  -21.378497,393821.61713069,119652.82727580,513474.44440648,   0.5488656221
218100,    2.181000,   76.675948,  -21.388304,393711.81846553,119762.62568918,513474.44415471,   0.5491173940
218200,    2.182000,   76.654555,  -21.398110,393601.96944568,119872.47445726,513474.44390294,   0.5493691659
218300,    2.183000,   76.633152,  -21.407917,393492.07007114,119982.37358003,513474.44365117,   0.5496209378
218400,    2.184000,   76.611739,  -21.417724,393382.12034190,120092.32305750,513474.44339940,   0.5498727097
218500,    2.185000,   76.590316,  -21.427530,393272.12025796,120202.32288966,513474.44314762,   0.5501244814
218600,    2.186000,   76.568884,  -21.437337,393162.06981933,120312.37307652,513474.44289585,   0.5503762534
218700,    2.187000,   76.547441,  -21.447144,393051.96902600,120422.47361808,513474.44264408,   0.5506280253
218800,    2.188000,   76.525989,  -21.456950,392941.81787798,120532.62451433,513474.44239231,   0.5508797970
218900,    2.189000,   76.504527,  -21.466757,392831.61637527,120642.82576527,513474.44214054,   0.5511315689
219000,    2.190000,   76.483056,  -21.476564,392721.36451785,120753.07737091,513474.44188876,   0.5513833408
219100,    2.191000,   76.461574,  -21.486370,392611.06230574,120863.37933125,513474.44163699,   0.5516351126
219200,    2.192000,   76.440083,  -21.496177,392500.70973894,120973.73164628,513474.44138522,   0.5518868844
219300,    2.193000,   76.418582,  -21.505983,392390.30681744,121084.13431601,513474.44113345,   0.5521386564
219400,    2.194000,   76.397071,  -21.515790,392279.85354125,121194.58734043,513474.44088168,   0.5523904281
219500,    2.195000,   76.375550,  -21.525597,392169.34991036,121305.09071955,513474.44062991,   0.5526422000
219600,    2.196000,   76.354019,  -21.535403,392058.79592477,121415.64445336,513474.44037813,   0.5528939719
219700,    2.197000,   76.332479,  -21.545210,391948.19158449,121526.24854187,513474.44012636,   0.5531457438
219800,    2.198000,   76.310929,  -21.555017,391837.53688952,121636.90298507,513474.43987459,   0.5533975156
219900,    2.199000,   76.289369,  -21.564823,391726.83183984,121747.60778297,513474.43962282,   0.5536492874
220000,    2.200000,   76.267799,  -21.574630,391616.07643548,121858.36293557,513474.43937105,   0.5539010594
220100,    2.201000,   76.246220,  -21.584437,391505.27067642,121969.16844286,513474.43911927,   0.5541528311
220200,    2.202000,   76.224630,  -21.594243,391394.41456266,122080.02430485,513474.43886750,   0.5544046030
220300,    2.203000,   76.203031,  -21.604050,391283.50809420,122190.93052153,513474.43861573,   0.5546563748
220400,    2.204000,   76.181422,  -21.613857,391172.55127106,122301.88709290,513474.43836396,   0.5549081467
220500,    2.205000,   76.159803,  -21.623663,391061.54409321,122412.89401898,513474.43811219,   0.5551599185
220600,    2.206000,   76.138175,  -21.633470,390950.48656067,122523.95129974,513474.43786042,   0.5554116904
220700,    2.207000,   76.116536,  -21.643277,390839.37867344,122635.05893521,513474.43760864,   0.5556634623
220800,    2.208000,   76.094888,  -21.653083,390728.22043151,122746.21692537,513474.43735687,   0.5559152341
220900,    2.209000,   76.073230,  -21.662890,390617.01183488,122857.42527022,513474.43710510,   0.5561670059
221000,    2.210000,   76.051562,  -21.672697,390505.75288356,122968.68396977,513474.43685333,   0.5564187778
221100,    2.211000,   76.029884,  -21.682503,390394.44357754,123079.99302401,513474.43660156,   0.5566705496
221200,    2.212000,   76.008197,  -21.692310,390283.08391683,123191.35243295,513474.43634978,   0.5569223214
221300,    2.213000,   75.986500,  -21.702116,390171.67390142,123302.76219659,513474.43609801,   0.5571740933
221400,    2.214000,   75.964793,  -21.711923,390060.21353132,123414.22231492,513474.43584624,   0.5574258651
221500,    2.215000,   75.943076,  -21.721730,389948.70280652,123525.73278795,513474.43559447,   0.5576776369
221600,    2.216000,   75.921349,  -21.731536,389837.14172703,123637.29361567,513474.43534270,   0.5579294088
221700,    2.217000,   75.899613,  -21.741343,389725.53029284,123748.90479809,513474.43509093,   0.5581811807
221800,    2.218000,   75.877866,  -21.751150,389613.86850395,123860.56633520,513474.43483915,   0.5584329525
221900,    2.219000,   75.856110,  -21.760956,389502.15636037,123972.27822701,513474.43458738,   0.5586847243
222000,    2.220000,   75.834344,  -21.770763,389390.39386210,124084.04047351,513474.43433561,   0.5589364962
222100,    2.221000,   75.812569,  -21.780570,389278.58100913,124195.85307471,513474.43408384,   0.5591882680
222200,    2.222000,   75.790783,  -21.790376,389166.71780146,124307.71603060,513474.43383207,   0.5594400399
222300,    2.223000,   75.768988,  -21.800183,389054.80423910,124419.62934119,513474.43358029,   0.5596918116
222400,    2.224000,   75.747183,  -21.809990,388942.84032204,124531.59300648,513474.43332852,   0.5599435836
222500,    2.225000,   75.725368,  -21.819796,388830.82605029,124643.60702646,513474.43307675,   0.5601953553
222600,    2.226000,   75.703543,  -21.829603,388718.76142384,124755.67140114,513474.43282498,   0.5604471271
222700,    2.227000,   75.681708,  -21.839410,388606.64644270,124867.78613051,513474.43257321,   0.5606988990
222800,    2.228000,   75.659864,  -21.849216,388494.48110686,124979.95121458,513474.43232143,   0.5609506709
222900,    2.229000,   75.638010,  -21.859023,388382.26541632,125092.16665334,513474.43206966,   0.5612024427
223000,    2.230000,   75.616146,  -21.868830,388269.99937109,125204.43244680,513474.43181789,   0.5614542146
223100,    2.231000,   75.594272,  -21.878636,388157.68297117,125316.74859495,513474.43156612,   0.5617059863
223200,    2.232000,   75.572388,  -21.888443,388045.31621655,125429.11509780,513474.43131435,   0.5619577582
223300,    2.233000,   75.550495,  -21.898249,387932.89910723,125541.53195534,513474.43106258,   0.5622095300
223400,    2.234000,   75.528592,  -21.908056,387820.43164322,125653.99916758,513474.43081080,   0.5624613019
223500,    2.235000,   75.506679,  -21.917863,387707.91382451,125766.51673452,513474.43055903,   0.5627130737
223600,    2.236000,   75.484756,  -21.927669,387595.34565111,125879.08465615,513474.43030726,   0.5629648454
223700,    2.237000,   75.462823,  -21.937476,387482.72712301,125991.70293247,513474.43005549,   0.5632166173
223800,    2.238000,   75.440881,  -21.947283,387370.05824022,126104.37156350,513474.42980372,   0.5634683892
223900,    2.239000,   75.418929,  -21.957089,387257.33900273,126217.09054921,513474.42955194,   0.5637201609
224000,    2.240000,   75.396967,  -21.966896,387144.56941055,126329.85988963,513474.42930017,   0.5639719327
224100,    2.241000,   75.374995,  -21.976703,387031.74946367,126442.67958473,513474.42904840,   0.5642237047
224200,    2.242000,   75.353013,  -21.986509,386918.87916209,126555.54963454,513474.42879663,   0.5644754764
224300,    2.243000,   75.331022,  -21.996316,386805.95850582,126668.47003903,513474.42854486,   0.5647272482
224400,    2.244000,   75.309020,  -22.006123,386692.98749486,126781.44079823,513474.42829309,   0.5649790202
224500,    2.245000,   75.287009,  -22.015929,386579.96612920,126894.46191212,513474.42804131,   0.5652307919
224600,    2.246000,   75.264988,  -22.025736,386466.89440884,127007.53338070,513474.42778954,   0.5654825637
224700,    2.247000,   75.242958,  -22.035543,386353.77233379,127120.65520398,513474.42753777,   0.5657343356
224800,    2.248000,   75.220917,  -22.045349,386240.59990404,127233.82738196,513474.42728600,   0.5659861074
224900,    2.249000,   75.198867,  -22.055156,386127.37711960,127347.04991463,513474.42703423,   0.5662378792
225000,    2.250000,   75.176807,  -22.064963,386014.10398046,127460.32280200,513474.42678245,   0.5664896510
225100,    2.251000,   75.154737,  -22.074769,385900.78048662,127573.64604406,513474.42653068,   0.5667414229
225200,    2.252000,   75.132657,  -22.084576,385787.40663810,127687.01964082,513474.42627891,   0.5669931946
225300,    2.253000,   75.110568,  -22.094382,385673.98243487,127800.44359227,513474.42602714,   0.5672449665
225400,    2.254000,   75.088468,  -22.104189,385560.50787695,127913.91789842,513474.42577537,   0.5674967382
225500,    2.255000,   75.066359,  -22.113996,385446.98296433,128027.44255926,513474.42552360,   0.5677485101
225600,    2.256000,   75.044240,  -22.123802,385333.40769702,128141.01757480,513474.42527182,   0.5680002819
225700,    2.257000,   75.022112,  -22.133609,385219.78207502,128254.64294503,513474.42502005,   0.5682520538
225800,    2.258000,   74.999973,  -22.143416,385106.10609832,128368.31866996,513474.42476828,   0.5685038256
225900,    2.259000,   74.977825,  -22.153222,384992.37976692,128482.04474959,513474.42451651,   0.5687555973
226000,    2.260000,   74.955666,  -22.163029,384878.60308083,128595.82118391,513474.42426474,   0.5690073692
226100,    2.261000,   74.933498,  -22.172836,384764.77604004,128709.64797293,513474.42401296,   0.5692591410
226200,    2.262000,   74.911321,  -22.182642,384650.89864455,128823.52511664,513474.42376119,   0.5695109129
226300,    2.263000,   74.889133,  -22.192449,384536.97089438,128937.45261505,513474.42350942,   0.5697626845
226400,    2.264000,   74.866936,  -22.202256,384422.99278950,129051.43046815,513474.42325765,   0.5700144564
226500,    2.265000,   74.844728,  -22.212062,384308.96432993,129165.45867595,513474.42300588,   0.5702662283
226600,    2.266000,   74.822511,  -22.221869,384194.88551567,129279.53723844,513474.42275411,   0.5705180000
226700,    2.267000,   74.800285,  -22.231676,384080.75634670,129393.66615563,513474.42250233,   0.5707697718
226800,    2.268000,   74.778048,  -22.241482,383966.57682305,129507.84542751,513474.42225056,   0.5710215438
226900,    2.269000,   74.755802,  -22.251289,383852.34694470,129622.07505409,513474.42199879,   0.5712733154
227000,    2.270000,   74.733545,  -22.261096,383738.06671165,129736.35503537,513474.42174702,   0.5715250872
227100,    2.271000,   74.711279,  -22.270902,383623.73612391,129850.68537134,513474.42149525,   0.5717768591
227200,    2.272000,   74.689003,  -22.280709,383509.35518147,129965.06606200,513474.42124347,   0.5720286308
227300,    2.273000,   74.666718,  -22.290515,383394.92388434,130079.49710737,513474.42099170,   0.5722804026
227400,    2.274000,   74.644422,  -22.300322,383280.44223251,130193.97850742,513474.42073993,   0.5725321744
227500,    2.275000,   74.622117,  -22.310129,383165.91022598,130308.51026218,513474.42048816,   0.5727839464
227600,    2.276000,   74.599802,  -22.319935,383051.32786476,130423.09237162,513474.42023639,   0.5730357180
227700,    2.277000,   74.577477,  -22.329742,382936.69514885,130537.72483577,513474.41998462,   0.5732874899
227800,    2.278000,   74.555142,  -22.339549,382822.01207824,130652.40765460,513474.41973284,   0.5735392617
227900,    2.279000,   74.532798,  -22.349355,382707.27865293,130767.14082814,513474.41948107,   0.5737910335
228000,    2.280000,   74.510444,  -22.359162,382592.49487293,130881.92435637,513474.41922930,   0.5740428052
228100,    2.281000,   74.488079,  -22.368969,382477.66073824,130996.75823929,513474.41897753,   0.5742945771
228200,    2.282000,   74.465705,  -22.378775,382362.77624884,131111.64247691,513474.41872576,   0.5745463490
228300,    2.283000,   74.443322,  -22.388582,382247.84140476,131226.57706923,513474.41847399,   0.5747981206
228400,    2.284000,   74.420928,  -22.398389,382132.85620597,131341.56201624,513474.41822221,   0.5750498925
228500,    2.285000,   74.398525,  -22.408195,382017.82065249,131456.59731795,513474.41797044,   0.5753016642
228600,    2.286000,   74.376112,  -22.418002,381902.73474432,131571.68297435,513474.41771867,   0.5755534361
228700,    2.287000,   74.353689,  -22.427809,381787.59848145,131686.81898545,513474.41746690,   0.5758052078
228800,    2.288000,   74.331256,  -22.437615,381672.41186389,131802.00535124,513474.41721513,   0.5760569797
228900,    2.289000,   74.308813,  -22.447422,381557.17489163,131917.24207173,513474.41696335,   0.5763087515
229000,    2.290000,   74.286361,  -22.457229,381441.88756467,132032.52914691,513474.41671158,   0.5765605232
229100,    2.291000,   74.263899,  -22.467035,381326.54988302,132147.86657679,513474.41645981,   0.5768122950
229200,    2.292000,   74.241427,  -22.476842,381211.16184667,132263.25436137,513474.41620804,   0.5770640668
229300,    2.293000,   74.218945,  -22.486648,381095.72345563,132378.69250064,513474.41595627,   0.5773158386
229400,    2.294000,   74.196454,  -22.496455,380980.23470989,132494.18099460,513474.41570450,   0.5775676104
229500,    2.295000,   74.173952,  -22.506262,380864.69560946,132609.71984326,513474.41545272,   0.5778193824
229600,    2.296000,   74.151441,  -22.516068,380749.10615433,132725.30904662,513474.41520095,   0.5780711540
229700,    2.297000,   74.128920,  -22.525875,380633.46634451,132840.94860467,513474.41494918,   0.5783229258
229800,    2.298000,   74.106389,  -22.535682,380517.77617999,132956.63851742,513474.41469741,   0.5785746975
229900,    2.299000,   74.083848,  -22.545488,380402.03566078,133072.37878486,513474.41444564,   0.5788264694
230000,    2.300000,   74.061298,  -22.555295,380286.24478687,133188.16940700,513474.41419386,   0.5790782411
230100,    2.301000,   74.038738,  -22.565102,380170.40355826,133304.01038383,513474.41394209,   0.5793300128
230200,    2.302000,   74.016168,  -22.574908,380054.51197496,133419.90171536,513474.41369032,   0.5795817847
230300,    2.303000,   73.993588,  -22.584715,379938.57003697,133535.84340158,513474.41343855,   0.5798335564
230400,    2.304000,   73.970998,  -22.594522,379822.57774427,133651.83544250,513474.41318678,   0.5800853281
230500,    2.305000,   73.948399,  -22.604328,379706.53509689,133767.87783812,513474.41293501,   0.5803370999
230600,    2.306000,   73.925789,  -22.614135,379590.44209480,133883.97058843,513474.41268323,   0.5805888718
230700,    2.307000,   73.903170,  -22.623942,379474.29873803,134000.11369344,513474.41243146,   0.5808406434
230800,    2.308000,   73.880541,  -22.633748,379358.10502655,134116.30715314,513474.41217969,   0.5810924153
230900,    2.309000,   73.857903,  -22.643555,379241.86096038,134232.55096753,513474.41192792,   0.5813441871
231000,    2.310000,   73.835254,  -22.653362,379125.56653952,134348.84513663,513474.41167615,   0.5815959587
231100,    2.311000,   73.812596,  -22.663168,379009.22176396,134465.18966041,513474.41142438,   0.5818477306
231200,    2.312000,   73.789928,  -22.672975,378892.82663371,134581.58453890,513474.41117260,   0.5820995024
231300,    2.313000,   73.767250,  -22.682781,378776.38114876,134698.02977208,513474.41092083,   0.5823512742
231400,    2.314000,   73.744562,  -22.692588,378659.88530911,134814.52535995,513474.41066906,   0.5826030458
231500,    2.315000,   73.721865,  -22.702395,378543.33911477,134931.07130252,513474.41041729,   0.5828548176
231600,    2.316000,   73.699157,  -22.712201,378426.74256573,135047.66759978,513474.41016552,   0.5831065894
231700,    2.317000,   73.676440,  -22.722008,378310.09566200,135164.31425174,513474.40991374,   0.5833583612
231800,    2.318000,   73.653713,  -22.731815,378193.39840357,135281.01125840,513474.40966197,   0.5836101329
231900,    2.319000,   73.630976,  -22.741621,378076.65079045,135397.75861975,513474.40941020,   0.5838619047
232000,    2.320000,   73.608230,  -22.751428,377959.85282263,135514.55633580,513474.40915843,   0.5841136765
232100,    2.321000,   73.585473,  -22.761235,377843.00450012,135631.40440654,513474.40890666,   0.5843654482
232200,    2.322000,   73.562707,  -22.771041,377726.10582291,135748.30283198,513474.40865489,   0.5846172200
232300,    2.323000,   73.539931,  -22.780848,377609.15679100,135865.25161211,513474.40840311,   0.5848689918
232400,    2.324000,   73.517145,  -22.790655,377492.15740440,135982.25074694,513474.40815134,   0.5851207635
232500,    2.325000,   73.494350,  -22.800461,377375.10766311,136099.30023646,513474.40789957,   0.5853725352
232600,    2.326000,   73.471544,  -22.810268,377258.00756712,136216.40008068,513474.40764780,   0.5856243071
232700,    2.327000,   73.448729,  -22.820075,377140.85711643,136333.55027960,513474.40739603,   0.5858760788
232800,    2.328000,   73.425904,  -22.829881,377023.65631105,136450.75083321,513474.40714426,   0.5861278505
232900,    2.329000,   73.403069,  -22.839688,376906.40515097,136568.00174151,513474.40689248,   0.5863796223
233000,    2.330000,   73.380225,  -22.849495,376789.10363620,136685.30300451,513474.40664071,   0.5866313940
233100,    2.331000,   73.357370,  -22.859301,376671.75176673,136802.65462221,513474.40638894,   0.5868831658
233200,    2.332000,   73.334506,  -22.869108,376554.34954257,136920.05659460,513474.40613717,   0.5871349375
233300,    2.333000,   73.311632,  -22.878914,376436.89696371,137037.50892169,513474.40588540,   0.5873867094
233400,    2.334000,   73.288748,  -22.888721,376319.39403015,137155.01160347,513474.40563362,   0.5876384810
233500,    2.335000,   73.265854,  -22.898528,376201.84074190,137272.56463995,513474.40538185,   0.5878902529
233600,    2.336000,   73.242951,  -22.908334,376084.23709896,137390.16803112,513474.40513008,   0.5881420246
233700,    2.337000,   73.220038,  -22.918141,375966.58310132,137507.82177699,513474.40487831,   0.5883937963
233800,    2.338000,   73.197114,  -22.927948,375848.87874898,137625.52587756,513474.40462654,   0.5886455681
233900,    2.339000,   73.174182,  -22.937754,375731.12404195,137743.28033282,513474.40437477,   0.5888973398
234000,    2.340000,   73.151239,  -22.947561,375613.31898022,137861.08514277,513474.40412299,   0.5891491116
234100,    2.341000,   73.128286,  -22.957368,375495.46356380,137978.94030742,513474.40387122,   0.5894008832
234200,    2.342000,   73.105324,  -22.967174,375377.55779268,138096.84582677,513474.40361945,   0.5896526550
234300,    2.343000,   73.082352,  -22.976981,375259.60166687,138214.80170081,513474.40336768,   0.5899044269
234400,    2.344000,   73.059370,  -22.986788,375141.59518636,138332.80792955,513474.40311591,   0.5901561985
234500,    2.345000,   73.036378,  -22.996594,375023.53835116,138450.86451298,513474.40286414,   0.5904079703
234600,    2.346000,   73.013377,  -23.006401,374905.43116126,138568.97145111,513474.40261236,   0.5906597422
234700,    2.347000,   72.990365,  -23.016208,374787.27361666,138687.12874393,513474.40236059,   0.5909115138
234800,    2.348000,   72.967344,  -23.026014,374669.06571737,138805.33639145,513474.40210882,   0.5911632855
234900,    2.349000,   72.944313,  -23.035821,374550.80746339,138923.59439366,513474.40185705,   0.5914150572
235000,    2.350000,   72.921272,  -23.045628,374432.49885471,139041.90275057,513474.40160528,   0.5916668291
235100,    2.351000,   72.898222,  -23.055434,374314.13989133,139160.26146218,513474.40135350,   0.5919186008
235200,    2.352000,   72.875161,  -23.065241,374195.73057326,139278.67052848,513474.40110173,   0.5921703725
235300,    2.353000,   72.852091,  -23.075047,374077.27090049,139397.12994947,513474.40084996,   0.5924221443
235400,    2.354000,   72.829011,  -23.084854,373958.76087303,139515.63972516,513474.40059819,   0.5926739161
235500,    2.355000,   72.805921,  -23.094661,373840.20049087,139634.19985555,513474.40034642,   0.5929256877
235600,    2.356000,   72.782822,  -23.104467,373721.58975401,139752.81034063,513474.40009465,   0.5931774595
235700,    2.357000,   72.759712,  -23.114274,373602.92866246,139871.47118041,513474.39984287,   0.5934292313
235800,    2.358000,   72.736593,  -23.124081,373484.21721622,139990.18237488,513474.39959110,   0.5936810029
235900,    2.359000,   72.713464,  -23.133887,373365.45541528,140108.94392405,513474.39933933,   0.5939327747
236000,    2.360000,   72.690325,  -23.143694,373246.64325964,140227.75582791,513474.39908756,   0.5941845466
236100,    2.361000,   72.667177,  -23.153501,373127.78074931,140346.61808647,513474.39883579,   0.5944363182
236200,    2.362000,   72.644018,  -23.163307,373008.86788429,140465.53069973,513474.39858402,   0.5946880899
236300,    2.363000,   72.620850,  -23.173114,372889.90466457,140584.49366768,513474.39833224,   0.5949398616
236400,    2.364000,   72.597672,  -23.182921,372770.89109015,140703.50699032,513474.39808047,   0.5951916334
236500,    2.365000,   72.574484,  -23.192727,372651.82716104,140822.57066767,513474.39782870,   0.5954434050
236600,    2.366000,   72.551286,  -23.202534,372532.71287723,140941.68469970,513474.39757693,   0.5956951769
236700,    2.367000,   72.528079,  -23.212341,372413.54823872,141060.84908643,513474.39732516,   0.5959469487
236800,    2.368000,   72.504862,  -23.222147,372294.33324552,141180.06382786,513474.39707339,   0.5961987202
236900,    2.369000,   72.481635,  -23.231954,372175.06789763,141299.32892398,513474.39682161,   0.5964504920
237000,    2.370000,   72.458398,  -23.241761,372055.75219504,141418.64437480,513474.39656984,   0.5967022639
237100,    2.371000,   72.435151,  -23.251567,371936.38613776,141538.01018031,513474.39631807,   0.5969540355
237200,    2.372000,   72.411894,  -23.261374,371816.96972577,141657.42634052,513474.39606630,   0.5972058072
237300,    2.373000,   72.388628,  -23.271180,371697.50295910,141776.89285543,513474.39581453,   0.5974575790
237400,    2.374000,   72.365352,  -23.280987,371577.98583773,141896.40972503,513474.39556276,   0.5977093507
237500,    2.375000,   72.342066,  -23.290794,371458.41836166,142015.97694932,513474.39531098,   0.5979611224
237600,    2.376000,   72.318770,  -23.300600,371338.80053090,142135.59452831,513474.39505921,   0.5982128941
237700,    2.377000,   72.295465,  -23.310407,371219.13234544,142255.26246200,513474.39480744,   0.5984646660
237800,    2.378000,   72.272149,  -23.320214,371099.41380529,142374.98075038,513474.39455567,   0.5987164376
237900,    2.379000,   72.248824,  -23.330020,370979.64491044,142494.74939346,513474.39430390,   0.5989682093
238000,    2.380000,   72.225489,  -23.339827,370859.82566089,142614.56839123,513474.39405212,   0.5992199811
238100,    2.381000,   72.202144,  -23.349634,370739.95605665,142734.43774370,513474.39380035,   0.5994717528
238200,    2.382000,   72.178790,  -23.359440,370620.03609772,142854.35745086,513474.39354858,   0.5997235245
238300,    2.383000,   72.155425,  -23.369247,370500.06578409,142974.32751272,513474.39329681,   0.5999752962
238400,    2.384000,   72.132051,  -23.379054,370380.04511576,143094.34792927,513474.39304504,   0.6002270680
238500,    2.385000,   72.108667,  -23.388860,370259.97409274,143214.41870052,513474.39279327,   0.6004788397
238600,    2.386000,   72.085273,  -23.398667,370139.85271503,143334.53982647,513474.39254149,   0.6007306114
238700,    2.387000,   72.061870,  -23.408474,370019.68098261,143454.71130711,513474.39228972,   0.6009823832
238800,    2.388000,   72.038456,  -23.418280,369899.45889551,143574.93314245,513474.39203795,   0.6012341548
238900,    2.389000,   72.015033,  -23.428087,369779.18645370,143695.20533248,513474.39178618,   0.6014859266
239000,    2.390000,   71.991600,  -23.437894,369658.86365720,143815.52787720,513474.39153441,   0.6017376982
239100,    2.391000,   71.968157,  -23.447700,369538.49050601,143935.90077663,513474.39128264,   0.6019894700
239200,    2.392000,   71.944705,  -23.457507,369418.06700012,144056.32403074,513474.39103086,   0.6022412417
239300,    2.393000,   71.921242,  -23.467313,369297.59313954,144176.79763956,513474.39077909,   0.6024930134
239400,    2.394000,   71.897770,  -23.477120,369177.06892426,144297.32160306,513474.39052732,   0.6027447852
239500,    2.395000,   71.874288,  -23.486927,369056.49435428,144417.89592127,513474.39027555,   0.6029965568
239600,    2.396000,   71.850796,  -23.496733,368935.86942961,144538.52059417,513474.39002378,   0.6032483285
239700,    2.397000,   71.827294,  -23.506540,368815.19415024,144659.19562176,513474.38977201,   0.6035001003
239800,    2.398000,   71.803783,  -23.516347,368694.46851618,144779.92100405,513474.38952023,   0.6037518721
239900,    2.399000,   71.780261,  -23.526153,368573.69252742,144900.69674104,513474.38926846,   0.6040036437
240000,    2.400000,   71.756730,  -23.535960,368452.86618397,145021.52283272,513474.38901669,   0.6042554154
240100,    2.401000,   71.733189,  -23.545767,368331.98948582,145142.39927909,513474.38876492,   0.6045071872
240200,    2.402000,   71.709639,  -23.555573,368211.06243298,145263.32608017,513474.38851315,   0.6047589589
240300,    2.403000,   71.686078,  -23.565380,368090.08502544,145384.30323593,513474.38826138,   0.6050107305
240400,    2.404000,   71.662508,  -23.575187,367969.05726321,145505.33074640,513474.38800960,   0.6052625024
240500,    2.405000,   71.638928,  -23.584993,367847.97914628,145626.40861155,513474.38775783,   0.6055142740
240600,    2.406000,   71.615338,  -23.594800,367726.85067465,145747.53683141,513474.38750606,   0.6057660457
240700,    2.407000,   71.591738,  -23.604607,367605.67184833,145868.71540596,513474.38725429,   0.6060178174
240800,    2.408000,   71.568128,  -23.614413,367484.44266732,145989.94433520,513474.38700252,   0.6062695892
240900,    2.409000,   71.544509,  -23.624220,367363.16313160,146111.22361914,513474.38675075,   0.6065213608
241000,    2.410000,   71.520880,  -23.634027,367241.83324120,146232.55325778,513474.38649897,   0.6067731325
241100,    2.411000,   71.497241,  -23.643833,367120.45299609,146353.93325111,513474.38624720,   0.6070249043
241200,    2.412000,   71.473592,  -23.653640,366999.02239630,146475.36359913,513474.38599543,   0.6072766758
241300,    2.413000,   71.449934,  -23.663446,366877.54144180,146596.84430185,513474.38574366,   0.6075284476
241400,    2.414000,   71.426265,  -23.673253,366756.01013261,146718.37535927,513474.38549189,   0.6077802192
241500,    2.415000,   71.402587,  -23.683060,366634.42846873,146839.95677138,513474.38524011,   0.6080319909
241600,    2.416000,   71.378899,  -23.692866,366512.79645015,146961.58853819,513474.38498834,   0.6082837625
241700,    2.417000,   71.355201,  -23.702673,366391.11407688,147083.27065970,513474.38473657,   0.6085355343
241800,    2.418000,   71.331493,  -23.712480,366269.38134891,147205.00313589,513474.38448480,   0.6087873061
241900,    2.419000,   71.307776,  -23.722286,366147.59826624,147326.78596679,513474.38423303,   0.6090390777
242000,    2.420000,   71.284049,  -23.732093,366025.76482888,147448.61915238,513474.38398126,   0.6092908493
242100,    2.421000,   71.260312,  -23.741900,365903.88103682,147570.50269266,513474.38372948,   0.6095426211
242200,    2.422000,   71.236565,  -23.751706,365781.94689007,147692.43658764,513474.38347771,   0.6097943927
242300,    2.423000,   71.212808,  -23.761513,365659.96238862,147814.42083732,513474.38322594,   0.6100461644
242400,    2.424000,   71.189042,  -23.771320,365537.92753248,147936.45544169,513474.38297417,   0.6102979361
242500,    2.425000,   71.165266,  -23.781126,365415.84232164,148058.54040076,513474.38272240,   0.6105497077
242600,    2.426000,   71.141479,  -23.790933,365293.70675611,148180.67571452,513474.38247063,   0.6108014795
242700,    2.427000,   71.117684,  -23.800740,365171.52083588,148302.86138298,513474.38221885,   0.6110532511
242800,    2.428000,   71.093878,  -23.810546,365049.28456095,148425.09740613,513474.38196708,   0.6113050230
242900,    2.429000,   71.070062,  -23.820353,364926.99793133,148547.38378398,513474.38171531,   0.6115567946
243000,    2.430000,   71.046237,  -23.830160,364804.66094702,148669.72051652,513474.38146354,   0.6118085661
243100,    2.431000,   71.022402,  -23.839966,364682.27360801,148792.10760376,513474.38121177,   0.6120603379
243200,    2.432000,   70.998557,  -23.849773,364559.83591430,148914.54504570,513474.38096000,   0.6123121096
243300,    2.433000,   70.974702,  -23.859579,364437.34786590,149037.03284233,513474.38070822,   0.6125638813
243400,    2.434000,   70.950838,  -23.869386,364314.80946280,149159.57099365,513474.38045645,   0.6128156529
243500,    2.435000,   70.926963,  -23.879193,364192.22070501,149282.15949967,513474.38020468,   0.6130674247
243600,    2.436000,   70.903079,  -23.888999,364069.58159252,149404.79836039,513474.37995291,   0.6133191962
243700,    2.437000,   70.879185,  -23.898806,363946.89212534,149527.48757580,513474.37970114,   0.6135709680
243800,    2.438000,   70.855282,  -23.908613,363824.15230346,149650.22714591,513474.37944937,   0.6138227397
243900,    2.439000,   70.831368,  -23.918419,363701.36212688,149773.01707071,513474.37919759,   0.6140745113
244000,    2.440000,   70.807445,  -23.928226,363578.52159561,149895.85735021,513474.37894582,   0.6143262829
244100,    2.441000,   70.783511,  -23.938033,363455.63070965,150018.74798440,513474.37869405,   0.6145780547
244200,    2.442000,   70.759568,  -23.947839,363332.68946899,150141.68897329,513474.37844228,   0.6148298263
244300,    2.443000,   70.735616,  -23.957646,363209.69787363,150264.68031688,513474.37819051,   0.6150815980
244400,    2.444000,   70.711653,  -23.967453,363086.65592358,150387.72201515,513474.37793874,   0.6153333696
244500,    2.445000,   70.687681,  -23.977259,362963.56361883,150510.81406813,513474.37768696,   0.6155851414
244600,    2.446000,   70.663698,  -23.987066,362840.42095939,150633.95647580,513474.37743519,   0.6158369131
244700,    2.447000,   70.639706,  -23.996873,362717.22794525,150757.14923817,513474.37718342,   0.6160886846
244800,    2.448000,   70.615705,  -24.006679,362593.98457642,150880.39235523,513474.37693165,   0.6163404564
244900,    2.449000,   70.591693,  -24.016486,362470.69085289,151003.68582699,513474.37667988,   0.6165922280
245000,    2.450000,   70.567672,  -24.026293,362347.34677467,151127.02965344,513474.37642811,   0.6168439997
245100,    2.451000,   70.543640,  -24.036099,362223.95234175,151250.42383459,513474.37617633,   0.6170957714
245200,    2.452000,   70.519599,  -24.045906,362100.50755413,151373.86837043,513474.37592456,   0.6173475431
245300,    2.453000,   70.495548,  -24.055712,361977.01241182,151497.36326097,513474.37567279,   0.6175993147
245400,    2.454000,   70.471488,  -24.065519,361853.46691482,151620.90850620,513474.37542102,   0.6178510864
245500,    2.455000,   70.447417,  -24.075326,361729.87106312,151744.50410613,513474.37516925,   0.6181028581
245600,    2.456000,   70.423337,  -24.085132,361606.22485672,151868.15006076,513474.37491748,   0.6183546297
245700,    2.457000,   70.399247,  -24.094939,361482.52829563,151991.84637008,513474.37466570,   0.6186064013
245800,    2.458000,   70.375147,  -24.104746,361358.78137984,152115.59303409,513474.37441393,   0.6188581730
245900,    2.459000,   70.351037,  -24.114552,361234.98410936,152239.39005280,513474.37416216,   0.6191099447
246000,    2.460000,   70.326918,  -24.124359,361111.13648418,152363.23742621,513474.37391039,   0.6193617164
246100,    2.461000,   70.302788,  -24.134166,360987.23850430,152487.13515431,513474.37365862,   0.6196134880
246200,    2.462000,   70.278649,  -24.143972,360863.29016974,152611.08323711,513474.37340685,   0.6198652598
246300,    2.463000,   70.254500,  -24.153779,360739.29148047,152735.08167460,513474.37315507,   0.6201170313
246400,    2.464000,   70.230342,  -24.163586,360615.24243651,152859.13046679,513474.37290330,   0.6203688030
246500,    2.465000,   70.206173,  -24.173392,360491.14303786,152983.22961368,513474.37265153,   0.6206205747
246600,    2.466000,   70.181995,  -24.183199,360366.99328450,153107.37911525,513474.37239976,   0.6208723463
246700,    2.467000,   70.157807,  -24.193006,360242.79317646,153231.57897153,513474.37214799,   0.6211241179
246800,    2.468000,   70.133609,  -24.202812,360118.54271372,153355.82918250,513474.37189622,   0.6213758896
246900,    2.469000,   70.109401,  -24.212619,359994.24189628,153480.12974817,513474.37164444,   0.6216276613
247000,    2.470000,   70.085183,  -24.222426,359869.89072415,153604.48066853,513474.37139267,   0.6218794330
247100,    2.471000,   70.060956,  -24.232232,359745.48919732,153728.88194358,513474.37114090,   0.6221312046
247200,    2.472000,   70.036719,  -24.242039,359621.03731579,153853.33357333,513474.37088913,   0.6223829764
247300,    2.473000,   70.012472,  -24.251845,359496.53507958,153977.83555778,513474.37063736,   0.6226347479
247400,    2.474000,   69.988215,  -24.261652,359371.98248866,154102.38789692,513474.37038559,   0.6228865195
247500,    2.475000,   69.963948,  -24.271459,359247.37954305,154226.99059076,513474.37013381,   0.6231382912
247600,    2.476000,   69.939672,  -24.281265,359122.72624275,154351.64363930,513474.36988204,   0.6233900629
247700,    2.477000,   69.915386,  -24.291072,358998.02258775,154476.34704253,513474.36963027,   0.6236418344
247800,    2.478000,   69.891090,  -24.300879,358873.26857805,154601.10080045,513474.36937850,   0.6238936061
247900,    2.479000,   69.866784,  -24.310685,358748.46421366,154725.90491307,513474.36912673,   0.6241453778
248000,    2.480000,   69.842468,  -24.320492,358623.60949457,154850.75938038,513474.36887496,   0.6243971495
248100,    2.481000,   69.818143,  -24.330299,358498.70442079,154975.66420240,513474.36862318,   0.6246489211
248200,    2.482000,   69.793808,  -24.340105,358373.74899231,155100.61937910,513474.36837141,   0.6249006928
248300,    2.483000,   69.769463,  -24.349912,358248.74320914,155225.62491050,513474.36811964,   0.6251524644
248400,    2.484000,   69.745108,  -24.359719,358123.68707127,155350.68079660,513474.36786787,   0.6254042361
248500,    2.485000,   69.720743,  -24.369525,357998.58057871,155475.78703739,513474.36761610,   0.6256560076
248600,    2.486000,   69.696369,  -24.379332,357873.42373145,155600.94363288,513474.36736433,   0.6259077795
248700,    2.487000,   69.671984,  -24.389139,357748.21652949,155726.15058306,513474.36711255,   0.6261595510
248800,    2.488000,   69.647590,  -24.398945,357622.95897284,155851.40788794,513474.36686078,   0.6264113227
248900,    2.489000,   69.623186,  -24.408752,357497.65106149,155976.71554752,513474.36660901,   0.6266630943
249000,    2.490000,   69.598773,  -24.418559,357372.29279545,156102.07356179,513474.36635724,   0.6269148659
249100,    2.491000,   69.574349,  -24.428365,357246.88417472,156227.48193075,513474.36610547,   0.6271666375
249200,    2.492000,   69.549916,  -24.438172,357121.42519928,156352.94065441,513474.36585370,   0.6274184093
249300,    2.493000,   69.525473,  -24.447978,356995.91586916,156478.44973277,513474.36560192,   0.6276701809
249400,    2.494000,   69.501020,  -24.457785,356870.35618433,156604.00916582,513474.36535015,   0.6279219525
249500,    2.495000,   69.476557,  -24.467592,356744.74614482,156729.61895357,513474.36509838,   0.6281737241
249600,    2.496000,   69.452084,  -24.477398,356619.08575060,156855.27909601,513474.36484661,   0.6284254959
249700,    2.497000,   69.427602,  -24.487205,356493.37500169,156980.98959315,513474.36459484,   0.6286772675
249800,    2.498000,   69.403110,  -24.497012,356367.61389809,157106.75044498,513474.36434307,   0.6289290389
249900,    2.499000,   69.378608,  -24.506818,356241.80243979,157232.56165151,513474.36409129,   0.6291808108
250000,    2.500000,   69.354096,  -24.516625,356115.94062679,157358.42321273,513474.36383952,   0.6294325824
250100,    2.501000,   69.329575,  -24.526432,355990.02845910,157484.33512865,513474.36358775,   0.6296843539
250200,    2.502000,   69.305043,  -24.536238,355864.06593672,157610.29739926,513474.36333598,   0.6299361255
250300,    2.503000,   69.280502,  -24.546045,355738.05305963,157736.31002457,513474.36308421,   0.6301878973
250400,    2.504000,   69.255951,  -24.555852,355611.98982786,157862.37300458,513474.36283244,   0.6304396688
250500,    2.505000,   69.231390,  -24.565658,355485.87624138,157988.48633928,513474.36258067,   0.6306914405
250600,    2.506000,   69.206820,  -24.575465,355359.71230022,158114.65002868,513474.36232889,   0.6309432122
250700,    2.507000,   69.182239,  -24.585272,355233.49800435,158240.86407277,513474.36207712,   0.6311949837
250800,    2.508000,   69.157649,  -24.595078,355107.23335379,158367.12847156,513474.36182535,   0.6314467554
250900,    2.509000,   69.133049,  -24.604885,354980.91834854,158493.44322504,513474.36157358,   0.6316985270
251000,    2.510000,   69.108439,  -24.614692,354854.55298859,158619.80833322,513474.36132181,   0.6319502987
251100,    2.511000,   69.083819,  -24.624498,354728.13727394,158746.22379609,513474.36107004,   0.6322020702
251200,    2.512000,   69.059190,  -24.634305,354601.67120460,158872.68961366,513474.36081826,   0.6324538420
251300,    2.513000,   69.034551,  -24.644111,354475.15478057,158999.20578593,513474.36056649,   0.6327056137
251400,    2.514000,   69.009902,  -24.653918,354348.58800184,159125.77231289,513474.36031472,   0.6329573852
251500,    2.515000,   68.985243,  -24.663725,354221.97086841,159252.38919454,513474.36006295,   0.6332091569
251600,    2.516000,   68.960574,  -24.673531,354095.30338029,159379.05643089,513474.35981118,   0.6334609285
251700,    2.517000,   68.935896,  -24.683338,353968.58553747,159505.77402194,513474.35955941,   0.6337127001
251800,    2.518000,   68.911207,  -24.693145,353841.81733996,159632.54196768,513474.35930763,   0.6339644717
251900,    2.519000,   68.886509,  -24.702951,353714.99878775,159759.36026812,513474.35905586,   0.6342162433
252000,    2.520000,   68.861801,  -24.712758,353588.12988084,159886.22892325,513474.35880409,   0.6344680150
252100,    2.521000,   68.837084,  -24.722565,353461.21061924,160013.14793308,513474.35855232,   0.6347197865
252200,    2.522000,   68.812356,  -24.732371,353334.24100295,160140.11729760,513474.35830055,   0.6349715581
252300,    2.523000,   68.787619,  -24.742178,353207.22103196,160267.13701682,513474.35804878,   0.6352233298
252400,    2.524000,   68.762872,  -24.751985,353080.15070627,160394.20709073,513474.35779700,   0.6354751014
252500,    2.525000,   68.738115,  -24.761791,352953.03002589,160521.32751934,513474.35754523,   0.6357268729
252600,    2.526000,   68.713348,  -24.771598,352825.85899081,160648.49830265,513474.35729346,   0.6359786447
252700,    2.527000,   68.688571,  -24.781405,352698.63760104,160775.71944065,513474.35704169,   0.6362304161
252800,    2.528000,   68.663785,  -24.791211,352571.36585657,160902.99093334,513474.35678992,   0.6364821878
252900,    2.529000,   68.638989,  -24.801018,352444.04375741,161030.31278073,513474.35653815,   0.6367339593
253000,    2.530000,   68.614183,  -24.810825,352316.67130355,161157.68498282,513474.35628637,   0.6369857311
253100,    2.531000,   68.589367,  -24.820631,352189.24849500,161285.10753960,513474.35603460,   0.6372375026
253200,    2.532000,   68.564542,  -24.830438,352061.77533175,161412.58045108,513474.35578283,   0.6374892742
253300,    2.533000,   68.539706,  -24.840244,351934.25181381,161540.10371725,513474.35553106,   0.6377410459
253400,    2.534000,   68.514861,  -24.850051,351806.67794117,161667.67733812,513474.35527929,   0.6379928174
253500,    2.535000,   68.490006,  -24.859858,351679.05371383,161795.30131369,513474.35502752,   0.6382445890
253600,    2.536000,   68.465141,  -24.869664,351551.37913180,161922.97564395,513474.35477575,   0.6384963606
253700,    2.537000,   68.440267,  -24.879471,351423.65419507,162050.70032890,513474.35452397,   0.6387481323
253800,    2.538000,   68.415382,  -24.889278,351295.87890365,162178.47536855,513474.35427220,   0.6389999037
253900,    2.539000,   68.390488,  -24.899084,351168.05325753,162306.30076290,513474.35402043,   0.6392516754
254000,    2.540000,   68.365584,  -24.908891,351040.17725672,162434.17651194,513474.35376866,   0.6395034470
254100,    2.541000,   68.340670,  -24.918698,350912.25090121,162562.10261567,513474.35351689,   0.6397552186
254200,    2.542000,   68.315746,  -24.928504,350784.27419101,162690.07907411,513474.35326512,   0.6400069902
254300,    2.543000,   68.290813,  -24.938311,350656.24712611,162818.10588723,513474.35301334,   0.6402587619
254400,    2.544000,   68.265870,  -24.948118,350528.16970652,162946.18305506,513474.35276157,   0.6405105335
254500,    2.545000,   68.240917,  -24.957924,350400.04193223,163074.31057757,513474.35250980,   0.6407623049
254600,    2.546000,   68.215954,  -24.967731,350271.86380324,163202.48845479,513474.35225803,   0.6410140766
254700,    2.547000,   68.190981,  -24.977538,350143.63531956,163330.71668670,513474.35200626,   0.6412658482
254800,    2.548000,   68.165999,  -24.987344,350015.35648118,163458.99527330,513474.35175449,   0.6415176199
254900,    2.549000,   68.141006,  -24.997151,349887.02728811,163587.32421460,513474.35150271,   0.6417693913
255000,    2.550000,   68.116004,  -25.006958,349758.64774035,163715.70351060,513474.35125094,   0.6420211631
255100,    2.551000,   68.090992,  -25.016764,349630.21783788,163844.13316129,513474.35099917,   0.6422729346
255200,    2.552000,   68.065971,  -25.026571,349501.73758073,163972.61316667,513474.35074740,   0.6425247061
255300,    2.553000,   68.040939,  -25.036377,349373.20696887,164101.14352676,513474.35049563,   0.6427764777
255400,    2.554000,   68.015898,  -25.046184,349244.62600232,164229.72424153,513474.35024386,   0.6430282494
255500,    2.555000,   67.990847,  -25.055991,349115.99468108,164358.35531100,513474.34999208,   0.6432800209
255600,    2.556000,   67.965786,  -25.065797,348987.31300514,164487.03673517,513474.34974031,   0.6435317925
255700,    2.557000,   67.940715,  -25.075604,348858.58097451,164615.76851404,513474.34948854,   0.6437835642
255800,    2.558000,   67.915634,  -25.085411,348729.79858918,164744.55064759,513474.34923677,   0.6440353357
255900,    2.559000,   67.890544,  -25.095217,348600.96584915,164873.38313585,513474.34898500,   0.6442871073
256000,    2.560000,   67.865444,  -25.105024,348472.08275443,165002.26597880,513474.34873323,   0.6445388789
256100,    2.561000,   67.840334,  -25.114831,348343.14930501,165131.19917644,513474.34848146,   0.6447906505
256200,    2.562000,   67.815214,  -25.124637,348214.16550090,165260.18272878,513474.34822968,   0.6450424220
256300,    2.563000,   67.790084,  -25.134444,348085.13134209,165389.21663582,513474.34797791,   0.6452941936
256400,    2.564000,   67.764945,  -25.144251,347956.04682859,165518.30089755,513474.34772614,   0.6455459652
256500,    2.565000,   67.739796,  -25.154057,347826.91196039,165647.43551398,513474.34747437,   0.6457977368
256600,    2.566000,   67.714637,  -25.163864,347697.72673750,165776.62048510,513474.34722260,   0.6460495084
256700,    2.567000,   67.689468,  -25.173671,347568.49115991,165905.85581092,513474.34697083,   0.6463012801
256800,    2.568000,   67.664289,  -25.183477,347439.20522762,166035.14149143,513474.34671905,   0.6465530516
256900,    2.569000,   67.639101,  -25.193284,347309.86894064,166164.47752664,513474.34646728,   0.6468048231
257000,    2.570000,   67.613903,  -25.203091,347180.48229897,166293.86391654,513474.34621551,   0.6470565948
257100,    2.571000,   67.588695,  -25.212897,347051.04530260,166423.30066114,513474.34596374,   0.6473083664
257200,    2.572000,   67.563477,  -25.222704,346921.55795153,166552.78776044,513474.34571197,   0.6475601378
257300,    2.573000,   67.538249,  -25.232510,346792.02024577,166682.32521443,513474.34546020,   0.6478119094
257400,    2.574000,   67.513012,  -25.242317,346662.43218531,166811.91302311,513474.34520842,   0.6480636811
257500,    2.575000,   67.487764,  -25.252124,346532.79377016,166941.55118649,513474.34495665,   0.6483154527
257600,    2.576000,   67.462507,  -25.261930,346403.10500031,167071.23970457,513474.34470488,   0.6485672242
257700,    2.577000,   67.437240,  -25.271737,346273.36587577,167200.97857734,513474.34445311,   0.6488189958
257800,    2.578000,   67.411964,  -25.281544,346143.57639653,167330.76780481,513474.34420134,   0.6490707674
257900,    2.579000,   67.386677,  -25.291350,346013.73656259,167460.60738697,513474.34394957,   0.6493225389
258000,    2.580000,   67.361381,  -25.301157,345883.84637396,167590.49732383,513474.34369780,   0.6495743104
258100,    2.581000,   67.336075,  -25.310964,345753.90583064,167720.43761538,513474.34344602,   0.6498260822
258200,    2.582000,   67.310759,  -25.320770,345623.91493262,167850.42826163,513474.34319425,   0.6500778536
258300,    2.583000,   67.285433,  -25.330577,345493.87367990,167980.46926258,513474.34294248,   0.6503296253
258400,    2.584000,   67.260098,  -25.340384,345363.78207249,168110.56061822,513474.34269071,   0.6505813968
258500,    2.585000,   67.234752,  -25.350190,345233.64011038,168240.70232855,513474.34243894,   0.6508331684
258600,    2.586000,   67.209397,  -25.359997,345103.44779358,168370.89439358,513474.34218717,   0.6510849399
258700,    2.587000,   67.184032,  -25.369804,344973.20512208,168501.13681331,513474.34193539,   0.6513367115
258800,    2.588000,   67.158658,  -25.379610,344842.91209589,168631.42958773,513474.34168362,   0.6515884832
258900,    2.589000,   67.133273,  -25.389417,344712.56871500,168761.77271685,513474.34143185,   0.6518402546
259000,    2.590000,   67.107879,  -25.399224,344582.17497942,168892.16620066,513474.34118008,   0.6520920261
259100,    2.591000,   67.082474,  -25.409030,344451.73088914,169022.61003917,513474.34092831,   0.6523437978
259200,    2.592000,   67.057060,  -25.418837,344321.23644416,169153.10423237,513474.34067654,   0.6525955694
259300,    2.593000,   67.031637,  -25.428643,344190.69164449,169283.64878027,513474.34042476,   0.6528473409
259400,    2.594000,   67.006203,  -25.438450,344060.09649013,169414.24368287,513474.34017299,   0.6530991125
259500,    2.595000,   66.980760,  -25.448257,343929.45098107,169544.88894016,513474.33992122,   0.6533508841
259600,    2.596000,   66.955306,  -25.458063,343798.75511731,169675.58455214,513474.33966945,   0.6536026556
259700,    2.597000,   66.929843,  -25.467870,343668.00889886,169806.33051882,513474.33941768,   0.6538544272
259800,    2.598000,   66.904371,  -25.477677,343537.21232571,169937.12684020,513474.33916591,   0.6541061989
259900,    2.599000,   66.878888,  -25.487483,343406.36539787,170067.97351627,513474.33891414,   0.6543579703
260000,    2.600000,   66.853396,  -25.497290,343275.46811533,170198.87054704,513474.33866236,   0.6546097418
260100,    2.601000,   66.827893,  -25.507097,343144.52047809,170329.81793250,513474.33841059,   0.6548615135
260200,    2.602000,   66.802381,  -25.516903,343013.52248617,170460.81567266,513474.33815882,   0.6551132850
260300,    2.603000,   66.776859,  -25.526710,342882.47413954,170591.86376751,513474.33790705,   0.6553650565
260400,    2.604000,   66.751328,  -25.536517,342751.37543822,170722.96221706,513474.33765528,   0.6556168281
260500,    2.605000,   66.725786,  -25.546323,342620.22638221,170854.11102130,513474.33740351,   0.6558685997
260600,    2.606000,   66.700235,  -25.556130,342489.02697149,170985.31018024,513474.33715173,   0.6561203712
260700,    2.607000,   66.674674,  -25.565937,342357.77720609,171116.55969387,513474.33689996,   0.6563721428
260800,    2.608000,   66.649103,  -25.575743,342226.47708599,171247.85956221,513474.33664819,   0.6566239144
260900,    2.609000,   66.623522,  -25.585550,342095.12661119,171379.20978523,513474.33639642,   0.6568756858
261000,    2.610000,   66.597932,  -25.595357,341963.72578170,171510.61036295,513474.33614465,   0.6571274575
261100,    2.611000,   66.572331,  -25.605163,341832.27459751,171642.06129537,513474.33589288,   0.6573792290
261200,    2.612000,   66.546721,  -25.614970,341700.77305862,171773.56258248,513474.33564111,   0.6576310006
261300,    2.613000,   66.521101,  -25.624776,341569.22116505,171905.11422429,513474.33538933,   0.6578827722
261400,    2.614000,   66.495472,  -25.634583,341437.61891677,172036.71622079,513474.33513756,   0.6581345437
261500,    2.615000,   66.469832,  -25.644390,341305.96631380,172168.36857199,513474.33488579,   0.6583863154
261600,    2.616000,   66.444183,  -25.654196,341174.26335614,172300.07127788,513474.33463402,   0.6586380868
261700,    2.617000,   66.418524,  -25.664003,341042.51004378,172431.82433847,513474.33438225,   0.6588898583
261800,    2.618000,   66.392855,  -25.673810,340910.70637672,172563.62775376,513474.33413048,   0.6591416299
261900,    2.619000,   66.367176,  -25.683616,340778.85235497,172695.48152374,513474.33387870,   0.6593934015
262000,    2.620000,   66.341487,  -25.693423,340646.94797852,172827.38564841,513474.33362693,   0.6596451729
262100,    2.621000,   66.315789,  -25.703230,340514.99324738,172959.34012778,513474.33337516,   0.6598969446
262200,    2.622000,   66.290081,  -25.713036,340382.98816154,173091.34496185,513474.33312339,   0.6601487161
262300,    2.623000,   66.264363,  -25.722843,340250.93272101,173223.40015061,513474.33287162,   0.6604004877
262400,    2.624000,   66.238635,  -25.732650,340118.82692578,173355.50569407,513474.33261985,   0.6606522592
262500,    2.625000,   66.212897,  -25.742456,339986.67077586,173487.66159222,513474.33236807,   0.6609040308
262600,    2.626000,   66.187150,  -25.752263,339854.46427124,173619.86784507,513474.33211630,   0.6611558024
262700,    2.627000,   66.161393,  -25.762070,339722.20741192,173752.12445261,513474.33186453,   0.6614075738
262800,    2.628000,   66.135626,  -25.771876,339589.90019791,173884.43141485,513474.33161276,   0.6616593454
262900,    2.629000,   66.109849,  -25.781683,339457.54262920,174016.78873178,513474.33136099,   0.6619111169
263000,    2.630000,   66.084062,  -25.791490,339325.13470580,174149.19640341,513474.33110922,   0.6621628884
263100,    2.631000,   66.058266,  -25.801296,339192.67642771,174281.65442974,513474.33085745,   0.6624146599
263200,    2.632000,   66.032460,  -25.811103,339060.16779491,174414.16281076,513474.33060567,   0.6626664316
263300,    2.633000,   66.006644,  -25.820909,338927.60880743,174546.72154648,513474.33035390,   0.6629182030
263400,    2.634000,   65.980818,  -25.830716,338794.99946524,174679.33063689,513474.33010213,   0.6631699745
263500,    2.635000,   65.954982,  -25.840523,338662.33976837,174811.99008199,513474.32985036,   0.6634217461
263600,    2.636000,   65.929137,  -25.850329,338529.62971679,174944.69988180,513474.32959859,   0.6636735176
263700,    2.637000,   65.903281,  -25.860136,338396.86931052,175077.46003629,513474.32934682,   0.6639252891
263800,    2.638000,   65.877416,  -25.869943,338264.05854956,175210.27054549,513474.32909505,   0.6641770607
263900,    2.639000,   65.851541,  -25.879749,338131.19743390,175343.13140937,513474.32884327,   0.6644288323
264000,    2.640000,   65.825657,  -25.889556,337998.28596354,175476.04262796,513474.32859150,   0.6646806036
264100,    2.641000,   65.799762,  -25.899363,337865.32413849,175609.00420124,513474.32833973,   0.6649323752
264200,    2.642000,   65.773858,  -25.909169,337732.31195875,175742.01612921,513474.32808796,   0.6651841468
264300,    2.643000,   65.747944,  -25.918976,337599.24942430,175875.07841188,513474.32783619,   0.6654359183
264400,    2.644000,   65.722020,  -25.928783,337466.13653517,176008.19104925,513474.32758442,   0.6656876897
264500,    2.645000,   65.696086,  -25.938589,337332.97329133,176141.35404131,513474.32733264,   0.6659394613
264600,    2.646000,   65.670142,  -25.948396,337199.75969281,176274.56738807,513474.32708087,   0.6661912329
264700,    2.647000,   65.644189,  -25.958203,337066.49573958,176407.83108952,513474.32682910,   0.6664430042
264800,    2.648000,   65.618226,  -25.968009,336933.18143166,176541.14514567,513474.32657733,   0.6666947759
264900,    2.649000,   65.592253,  -25.977816,336799.81676905,176674.50955651,513474.32632556,   0.6669465474
265000,    2.650000,   65.566270,  -25.987623,336666.40175174,176807.92432205,513474.32607379,   0.6671983189
265100,    2.651000,   65.540278,  -25.997429,336532.93637973,176941.38944228,513474.32582202,   0.6674500903
265200,    2.652000,   65.514275,  -26.007236,336399.42065303,177074.90491721,513474.32557024,   0.6677018619
265300,    2.653000,   65.488263,  -26.017042,336265.85457164,177208.47074683,513474.32531847,   0.6679536335
265400,    2.654000,   65.462241,  -26.026849,336132.23813555,177342.08693115,513474.32506670,   0.6682054049
265500,    2.655000,   65.436209,  -26.036656,335998.57134476,177475.75347017,513474.32481493,   0.6684571765
265600,    2.656000,   65.410168,  -26.046462,335864.85419928,177609.47036388,513474.32456316,   0.6687089480
265700,    2.657000,   65.384116,  -26.056269,335731.08669910,177743.23761229,513474.32431139,   0.6689607195
265800,    2.658000,   65.358055,  -26.066076,335597.26884423,177877.05521539,513474.32405961,   0.6692124910
265900,    2.659000,   65.331984,  -26.075882,335463.40063466,178010.92317319,513474.32380784,   0.6694642626
266000,    2.660000,   65.305903,  -26.085689,335329.48207039,178144.84148568,513474.32355607,   0.6697160340
266100,    2.661000,   65.279813,  -26.095496,335195.51315143,178278.81015287,513474.32330430,   0.6699678056
266200,    2.662000,   65.253712,  -26.105302,335061.49387778,178412.82917475,513474.32305253,   0.6702195770
266300,    2.663000,   65.227602,  -26.115109,334927.42424943,178546.89855133,513474.32280076,   0.6704713486
266400,    2.664000,   65.201482,  -26.124916,334793.30426638,178681.01828260,513474.32254899,   0.6707231201
266500,    2.665000,   65.175352,  -26.134722,334659.13392864,178815.18836857,513474.32229721,   0.6709748916
266600,    2.666000,   65.149212,  -26.144529,334524.91323621,178949.40880924,513474.32204544,   0.6712266632
266700,    2.667000,   65.123063,  -26.154336,334390.64218907,179083.67960460,513474.32179367,   0.6714784346
266800,    2.668000,   65.096903,  -26.164142,334256.32078725,179218.00075465,513474.32154190,   0.6717302061
266900,    2.669000,   65.070734,  -26.173949,334121.94903072,179352.37225941,513474.32129013,   0.6719819777
267000,    2.670000,   65.044555,  -26.183756,333987.52691950,179486.79411885,513474.32103836,   0.6722337492
267100,    2.671000,   65.018367,  -26.193562,333853.05445359,179621.26633299,513474.32078659,   0.6724855207
267200,    2.672000,   64.992168,  -26.203369,333718.53163298,179755.78890183,513474.32053481,   0.6727372922
267300,    2.673000,   64.965960,  -26.213175,333583.95845768,179890.36182537,513474.32028304,   0.6729890637
267400,    2.674000,   64.939742,  -26.222982,333449.33492768,180024.98510359,513474.32003127,   0.6732408351
267500,    2.675000,   64.913514,  -26.232789,333314.66104298,180159.65873652,513474.31977950,   0.6734926067
267600,    2.676000,   64.887276,  -26.242595,333179.93680359,180294.38272414,513474.31952773,   0.6737443782
267700,    2.677000,   64.861029,  -26.252402,333045.16220950,180429.15706645,513474.31927596,   0.6739961497
267800,    2.678000,   64.834771,  -26.262209,332910.33726072,180563.98176346,513474.31902418,   0.6742479212
267900,    2.679000,   64.808504,  -26.272015,332775.46195725,180698.85681517,513474.31877241,   0.6744996927
268000,    2.680000,   64.782227,  -26.281822,332640.53629907,180833.78222157,513474.31852064,   0.6747514642
268100,    2.681000,   64.755940,  -26.291629,332505.56028620,180968.75798267,513474.31826887,   0.6750032358
268200,    2.682000,   64.729644,  -26.301435,332370.53391864,181103.78409846,513474.31801710,   0.6752550071
268300,    2.683000,   64.703337,  -26.311242,332235.45719638,181238.86056895,513474.31776533,   0.6755067788
268400,    2.684000,   64.677021,  -26.321049,332100.33011943,181373.98739413,513474.31751356,   0.6757585501
268500,    2.685000,   64.650695,  -26.330855,331965.15268778,181509.16457401,513474.31726178,   0.6760103217
268600,    2.686000,   64.624359,  -26.340662,331829.92490143,181644.39210858,513474.31701001,   0.6762620932
268700,    2.687000,   64.598014,  -26.350469,331694.64676039,181779.66999785,513474.31675824,   0.6765138647
268800,    2.688000,   64.571658,  -26.360275,331559.31826466,181914.99824181,513474.31650647,   0.6767656362
268900,    2.689000,   64.545293,  -26.370082,331423.93941422,182050.37684047,513474.31625470,   0.6770174076
269000,    2.690000,   64.518918,  -26.379889,331288.51020910,182185.80579383,513474.31600293,   0.6772691793
269100,    2.691000,   64.492533,  -26.389695,331153.03064928,182321.28510188,513474.31575116,   0.6775209506
269200,    2.692000,   64.466139,  -26.399502,331017.50073476,182456.81476463,513474.31549938,   0.6777727221
269300,    2.693000,   64.439734,  -26.409308,330881.92046554,182592.39478207,513474.31524761,   0.6780244936
269400,    2.694000,   64.413320,  -26.419115,330746.28984164,182728.02515420,513474.31499584,   0.6782762651
269500,    2.695000,   64.386896,  -26.428922,330610.60886303,182863.70588104,513474.31474407,   0.6785280365
269600,    2.696000,   64.360462,  -26.438728,330474.87752973,182999.43696257,513474.31449230,   0.6787798080
269700,    2.697000,   64.334018,  -26.448535,330339.09584174,183135.21839879,513474.31424053,   0.6790315796
269800,    2.698000,   64.307565,  -26.458342,330203.26379905,183271.05018971,513474.31398875,   0.6792833510
269900,    2.699000,   64.281101,  -26.468148,330067.38140166,183406.93233532,513474.31373698,   0.6795351226
270000,    2.700000,   64.254628,  -26.477955,329931.44864958,183542.86483563,513474.31348521,   0.6797868941
270100,    2.701000,   64.228145,  -26.487762,329795.46554280,183678.84769064,513474.31323344,   0.6800386656
270200,    2.702000,   64.201653,  -26.497568,329659.43208133,183814.88090034,513474.31298167,   0.6802904370
270300,    2.703000,   64.175150,  -26.507375,329523.34826516,183950.96446473,513474.31272990,   0.6805422085
270400,    2.704000,   64.148638,  -26.517182,329387.21409430,184087.09838382,513474.31247813,   0.6807939800
270500,    2.705000,   64.122116,  -26.526988,329251.02956874,184223.28265761,513474.31222635,   0.6810457514
270600,    2.706000,   64.095584,  -26.536795,329114.79468849,184359.51728609,513474.31197458,   0.6812975229
270700,    2.707000,   64.069042,  -26.546602,328978.50945354,184495.80226927,513474.31172281,   0.6815492946
270800,    2.708000,   64.042491,  -26.556408,328842.17386389,184632.13760714,513474.31147104,   0.6818010659
270900,    2.709000,   64.015929,  -26.566215,328705.78791955,184768.52329971,513474.31121927,   0.6820528373
271000,    2.710000,   63.989358,  -26.576022,328569.35162052,184904.95934698,513474.31096750,   0.6823046088
271100,    2.711000,   63.962777,  -26.585828,328432.86496679,185041.44574894,513474.31071573,   0.6825563802
271200,    2.712000,   63.936186,  -26.595635,328296.32795836,185177.98250559,513474.31046395,   0.6828081519
271300,    2.713000,   63.909586,  -26.605441,328159.74059524,185314.56961694,513474.31021218,   0.6830599233
271400,    2.714000,   63.882975,  -26.615248,328023.10287742,185451.20708299,513474.30996041,   0.6833116947
271500,    2.715000,   63.856355,  -26.625055,327886.41480491,185587.89490373,513474.30970864,   0.6835634662
271600,    2.716000,   63.829725,  -26.634861,327749.67637770,185724.63307917,513474.30945687,   0.6838152377
271700,    2.717000,   63.803085,  -26.644668,327612.88759580,185861.42160930,513474.30920510,   0.6840670091
271800,    2.718000,   63.776436,  -26.654475,327476.04845920,185998.26049412,513474.30895333,   0.6843187806
271900,    2.719000,   63.749776,  -26.664281,327339.15896791,186135.14973365,513474.30870155,   0.6845705521
272000,    2.720000,   63.723107,  -26.674088,327202.21912192,186272.08932787,513474.30844978,   0.6848223235
272100,    2.721000,   63.696428,  -26.683895,327065.22892123,186409.07927678,513474.30819801,   0.6850740950
272200,    2.722000,   63.669739,  -26.693701,326928.18836585,186546.11958039,513474.30794624,   0.6853258666
272300,    2.723000,   63.643040,  -26.703508,326791.09745577,186683.21023869,513474.30769447,   0.6855776380
272400,    2.724000,   63.616332,  -26.713315,326653.95619100,186820.35125169,513474.30744270,   0.6858294093
272500,    2.725000,   63.589614,  -26.723121,326516.76457154,186957.54261939,513474.30719092,   0.6860811809
272600,    2.726000,   63.562886,  -26.732928,326379.52259737,187094.78434178,513474.30693915,   0.6863329524
272700,    2.727000,   63.536148,  -26.742735,326242.23026852,187232.07641887,513474.30668738,   0.6865847238
272800,    2.728000,   63.509400,  -26.752541,326104.88758496,187369.41885065,513474.30643561,   0.6868364953
272900,    2.729000,   63.482643,  -26.762348,325967.49454671,187506.81163713,513474.30618384,   0.6870882668
273000,    2.730000,   63.455875,  -26.772155,325830.05115377,187644.25477830,513474.30593207,   0.6873400382
273100,    2.731000,   63.429098,  -26.781961,325692.55740613,187781.74827417,513474.30568030,   0.6875918096
273200,    2.732000,   63.402311,  -26.791768,325555.01330380,187919.29212473,513474.30542852,   0.6878435811
273300,    2.733000,   63.375515,  -26.801574,325417.41884677,188056.88632999,513474.30517675,   0.6880953526
273400,    2.734000,   63.348708,  -26.811381,325279.77403504,188194.53088994,513474.30492498,   0.6883471240
273500,    2.735000,   63.321892,  -26.821188,325142.07886862,188332.22580459,513474.30467321,   0.6885988955
273600,    2.736000,   63.295066,  -26.830994,325004.33334750,188469.97107394,513474.30442144,   0.6888506670
273700,    2.737000,   63.268230,  -26.840801,324866.53747169,188607.76669798,513474.30416967,   0.6891024385
273800,    2.738000,   63.241384,  -26.850608,324728.69124118,188745.61267671,513474.30391790,   0.6893542098
273900,    2.739000,   63.214528,  -26.860414,324590.79465598,188883.50901015,513474.30366612,   0.6896059814
274000,    2.740000,   63.187663,  -26.870221,324452.84771608,189021.45569827,513474.30341435,   0.6898577528
274100,    2.741000,   63.160788,  -26.880028,324314.85042149,189159.45274109,513474.30316258,   0.6901095242
274200,    2.742000,   63.133903,  -26.889834,324176.80277220,189297.50013861,513474.30291081,   0.6903612957
274300,    2.743000,   63.107008,  -26.899641,324038.70476821,189435.59789083,513474.30265904,   0.6906130672
274400,    2.744000,   63.080103,  -26.909448,323900.55640953,189573.74599773,513474.30240727,   0.6908648386
274500,    2.745000,   63.053189,  -26.919254,323762.35769616,189711.94445934,513474.30215550,   0.6911166101
274600,    2.746000,   63.026265,  -26.929061,323624.10862809,189850.19327564,513474.30190372,   0.6913683816
274700,    2.747000,   62.999331,  -26.938868,323485.80920532,189988.49244663,513474.30165195,   0.6916201530
274800,    2.748000,   62.972387,  -26.948674,323347.45942786,190126.84197232,513474.30140018,   0.6918719244
274900,    2.749000,   62.945433,  -26.958481,323209.05929570,190265.24185271,513474.30114841,   0.6921236959
275000,    2.750000,   62.918470,  -26.968288,323070.60880885,190403.69208779,513474.30089664,   0.6923754673
275100,    2.751000,   62.891497,  -26.978094,322932.10796730,190542.19267757,513474.30064487,   0.6926272387
275200,    2.752000,   62.864514,  -26.987901,322793.55677106,190680.74362204,513474.30039310,   0.6928790103
275300,    2.753000,   62.837521,  -26.997707,322654.95522012,190819.34492121,513474.30014132,   0.6931307818
275400,    2.754000,   62.810518,  -27.007514,322516.30331448,190957.99657507,513474.29988955,   0.6933825531
275500,    2.755000,   62.783506,  -27.017321,322377.60105415,191096.69858363,513474.29963778,   0.6936343245
275600,    2.756000,   62.756483,  -27.027127,322238.84843913,191235.45094688,513474.29938601,   0.6938860960
275700,    2.757000,   62.729451,  -27.036934,322100.04546941,191374.25366483,513474.29913424,   0.6941378675
275800,    2.758000,   62.702409,  -27.046741,321961.19214499,191513.10673747,513474.29888247,   0.6943896388
275900,    2.759000,   62.675358,  -27.056547,321822.28846588,191652.01016481,513474.29863070,   0.6946414104
276000,    2.760000,   62.648296,  -27.066354,321683.33443207,191790.96394685,513474.29837892,   0.6948931818
276100,    2.761000,   62.621225,  -27.076161,321544.33004357,191929.96808358,513474.29812715,   0.6951449531
276200,    2.762000,   62.594144,  -27.085967,321405.27530037,192069.02257501,513474.29787538,   0.6953967246
276300,    2.763000,   62.567053,  -27.095774,321266.17020248,192208.12742113,513474.29762361,   0.6956484962
276400,    2.764000,   62.539952,  -27.105581,321127.01474989,192347.28262195,513474.29737184,   0.6959002676
276500,    2.765000,   62.512842,  -27.115387,320987.80894261,192486.48817746,513474.29712007,   0.6961520389
276600,    2.766000,   62.485721,  -27.125194,320848.55278063,192625.74408767,513474.29686830,   0.6964038105
276700,    2.767000,   62.458591,  -27.135001,320709.24626395,192765.05035257,513474.29661652,   0.6966555819
276800,    2.768000,   62.431451,  -27.144807,320569.88939258,192904.40697217,513474.29636475,   0.6969073533
276900,    2.769000,   62.404301,  -27.154614,320430.48216652,193043.81394646,513474.29611298,   0.6971591247
277000,    2.770000,   62.377142,  -27.164421,320291.02458576,193183.27127545,513474.29586121,   0.6974108961
277100,    2.771000,   62.349972,  -27.174227,320151.51665030,193322.77895914,513474.29560944,   0.6976626675
277200,    2.772000,   62.322793,  -27.184034,320011.95836015,193462.33699752,513474.29535767,   0.6979144390
277300,    2.773000,   62.295604,  -27.193840,319872.34971530,193601.94539059,513474.29510590,   0.6981662105
277400,    2.774000,   62.268405,  -27.203647,319732.69071576,193741.60413837,513474.29485412,   0.6984179819
277500,    2.775000,   62.241197,  -27.213454,319592.98136152,193881.31324083,513474.29460235,   0.6986697533
277600,    2.776000,   62.213978,  -27.223260,319453.22165259,194021.07269800,513474.29435058,   0.6989215247
277700,    2.777000,   62.186750,  -27.233067,319313.41158896,194160.88250985,513474.29409881,   0.6991732962
277800,    2.778000,   62.159512,  -27.242874,319173.55117063,194300.74267641,513474.29384704,   0.6994250676
277900,    2.779000,   62.132264,  -27.252680,319033.64039761,194440.65319766,513474.29359527,   0.6996768390
278000,    2.780000,   62.105007,  -27.262487,318893.67926990,194580.61407360,513474.29334350,   0.6999286105
278100,    2.781000,   62.077739,  -27.272294,318753.66778749,194720.62530424,513474.29309172,   0.7001803818
278200,    2.782000,   62.050462,  -27.282100,318613.60595038,194860.68688957,513474.29283995,   0.7004321532
278300,    2.783000,   62.023175,  -27.291907,318473.49375858,195000.79882960,513474.29258818,   0.7006839248
278400,    2.784000,   61.995878,  -27.301714,318333.33121208,195140.96112433,513474.29233641,   0.7009356962
278500,    2.785000,   61.968571,  -27.311520,318193.11831089,195281.17377375,513474.29208464,   0.7011874675
278600,    2.786000,   61.941255,  -27.321327,318052.85505500,195421.43677787,513474.29183287,   0.7014392390
278700,    2.787000,   61.913929,  -27.331134,317912.54144442,195561.75013668,513474.29158110,   0.7016910104
278800,    2.788000,   61.886593,  -27.340940,317772.17747914,195702.11385019,513474.29132932,   0.7019427818
278900,    2.789000,   61.859247,  -27.350747,317631.76315916,195842.52791839,513474.29107755,   0.7021945532
279000,    2.790000,   61.831891,  -27.360554,317491.29848449,195982.99234129,513474.29082578,   0.7024463247
279100,    2.791000,   61.804526,  -27.370360,317350.78345513,196123.50711888,513474.29057401,   0.7026980961
279200,    2.792000,   61.777150,  -27.380167,317210.21807107,196264.07225117,513474.29032224,   0.7029498675
279300,    2.793000,   61.749765,  -27.389973,317069.60233231,196404.68773816,513474.29007047,   0.7032016389
279400,    2.794000,   61.722370,  -27.399780,316928.93623886,196545.35357984,513474.28981870,   0.7034534104
279500,    2.795000,   61.694965,  -27.409587,316788.21979071,196686.06977621,513474.28956692,   0.7037051817
279600,    2.796000,   61.667551,  -27.419393,316647.45298787,196826.83632728,513474.28931515,   0.7039569532
279700,    2.797000,   61.640127,  -27.429200,316506.63583033,196967.65323305,513474.28906338,   0.7042087247
279800,    2.798000,   61.612692,  -27.439007,316365.76831810,197108.52049351,513474.28881161,   0.7044604960
279900,    2.799000,   61.585248,  -27.448813,316224.85045117,197249.43810867,513474.28855984,   0.7047122673
280000,    2.800000,   61.557795,  -27.458620,316083.88222955,197390.40607852,513474.28830807,   0.7049640389
280100,    2.801000,   61.530331,  -27.468427,315942.86365323,197531.42440307,513474.28805630,   0.7052158103
280200,    2.802000,   61.502858,  -27.478233,315801.79472221,197672.49308231,513474.28780452,   0.7054675816
280300,    2.803000,   61.475375,  -27.488040,315660.67543650,197813.61211625,513474.28755275,   0.7057193530
280400,    2.804000,   61.447882,  -27.497847,315519.50579610,197954.78150489,513474.28730098,   0.7059711245
280500,    2.805000,   61.420379,  -27.507653,315378.28580100,198096.00124821,513474.28704921,   0.7062228959
280600,    2.806000,   61.392866,  -27.517460,315237.01545120,198237.27134624,513474.28679744,   0.7064746672
280700,    2.807000,   61.365344,  -27.527267,315095.69474671,198378.59179896,513474.28654567,   0.7067264387
280800,    2.808000,   61.337812,  -27.537073,314954.32368752,198519.96260638,513474.28629390,   0.7069782100
280900,    2.809000,   61.310270,  -27.546880,314812.90227364,198661.38376849,513474.28604212,   0.7072299815
281000,    2.810000,   61.282718,  -27.556687,314671.43050506,198802.85528530,513474.28579035,   0.7074817529
281100,    2.811000,   61.255156,  -27.566493,314529.90838178,198944.37715680,513474.28553858,   0.7077335243
281200,    2.812000,   61.227585,  -27.576300,314388.33590381,199085.94938300,513474.28528681,   0.7079852957
281300,    2.813000,   61.200003,  -27.586106,314246.71307115,199227.57196389,513474.28503504,   0.7082370670
281400,    2.814000,   61.172412,  -27.595913,314105.03988379,199369.24489948,513474.28478327,   0.7084888386
281500,    2.815000,   61.144811,  -27.605720,313963.31634173,199510.96818976,513474.28453150,   0.7087406099
281600,    2.816000,   61.117201,  -27.615526,313821.54244498,199652.74183474,513474.28427972,   0.7089923813
281700,    2.817000,   61.089580,  -27.625333,313679.71819354,199794.56583442,513474.28402795,   0.7092441528
281800,    2.818000,   61.061950,  -27.635140,313537.84358740,199936.44018879,513474.28377618,   0.7094959241
281900,    2.819000,   61.034310,  -27.644946,313395.91862656,200078.36489785,513474.28352441,   0.7097476954
282000,    2.820000,   61.006660,  -27.654753,313253.94331103,200220.33996161,513474.28327264,   0.7099994669
282100,    2.821000,   60.979000,  -27.664560,313111.91764080,200362.36538007,513474.28302087,   0.7102512384
282200,    2.822000,   60.951331,  -27.674366,312969.84161587,200504.44115322,513474.28276910,   0.7105030097
282300,    2.823000,   60.923651,  -27.684173,312827.71523626,200646.56728107,513474.28251732,   0.7107547810
282400,    2.824000,   60.895962,  -27.693980,312685.53850194,200788.74376361,513474.28226555,   0.7110065525
282500,    2.825000,   60.868263,  -27.703786,312543.31141293,200930.97060085,513474.28201378,   0.7112583239
282600,    2.826000,   60.840555,  -27.713593,312401.03396923,201073.24779278,513474.28176201,   0.7115100952
282700,    2.827000,   60.812836,  -27.723400,312258.70617083,201215.57533941,513474.28151024,   0.7117618666
282800,    2.828000,   60.785108,  -27.733206,312116.32801773,201357.95324074,513474.28125847,   0.7120136381
282900,    2.829000,   60.757370,  -27.743013,311973.89950994,201500.38149676,513474.28100670,   0.7122654094
283000,    2.830000,   60.729622,  -27.752820,311831.42064745,201642.86010747,513474.28075492,   0.7125171808
283100,    2.831000,   60.701864,  -27.762626,311688.89143027,201785.38907288,513474.28050315,   0.7127689522
283200,    2.832000,   60.674096,  -27.772433,311546.31185839,201927.96839299,513474.28025138,   0.7130207235
283300,    2.833000,   60.646319,  -27.782239,311403.68193182,202070.59806779,513474.27999961,   0.7132724950
283400,    2.834000,   60.618532,  -27.792046,311261.00165055,202213.27809729,513474.27974784,   0.7135242663
283500,    2.835000,   60.590735,  -27.801853,311118.27101459,202356.00848148,513474.27949607,   0.7137760377
283600,    2.836000,   60.562928,  -27.811659,310975.49002393,202498.78922037,513474.27924430,   0.7140278092
283700,    2.837000,   60.535111,  -27.821466,310832.65867857,202641.62031395,513474.27899253,   0.7142795805
283800,    2.838000,   60.507285,  -27.831273,310689.77697852,202784.50176223,513474.27874075,   0.7145313520
283900,    2.839000,   60.479449,  -27.841079,310546.84492378,202927.43356521,513474.27848898,   0.7147831232
284000,    2.840000,   60.451603,  -27.850886,310403.86251433,203070.41572288,513474.27823721,   0.7150348946
284100,    2.841000,   60.423747,  -27.860693,310260.82975020,203213.44823524,513474.27798544,   0.7152866660
284200,    2.842000,   60.395881,  -27.870499,310117.74663137,203356.53110230,513474.27773367,   0.7155384374
284300,    2.843000,   60.368006,  -27.880306,309974.61315784,203499.66432406,513474.27748190,   0.7157902087
284400,    2.844000,   60.340120,  -27.890113,309831.42932961,203642.84790051,513474.27723013,   0.7160419801
284500,    2.845000,   60.312225,  -27.899919,309688.19514670,203786.08183166,513474.27697835,   0.7162937517
284600,    2.846000,   60.284320,  -27.909726,309544.91060908,203929.36611750,513474.27672658,   0.7165455229
284700,    2.847000,   60.256406,  -27.919533,309401.57571677,204072.70075804,513474.27647481,   0.7167972943
284800,    2.848000,   60.228481,  -27.929339,309258.19046977,204216.08575327,513474.27622304,   0.7170490658
284900,    2.849000,   60.200547,  -27.939146,309114.75486807,204359.52110320,513474.27597127,   0.7173008370
285000,    2.850000,   60.172603,  -27.948953,308971.26891167,204503.00680782,513474.27571950,   0.7175526084
285100,    2.851000,   60.144649,  -27.958759,308827.73260058,204646.54286714,513474.27546773,   0.7178043798
285200,    2.852000,   60.116685,  -27.968566,308684.14593480,204790.12928116,513474.27521595,   0.7180561512
285300,    2.853000,   60.088712,  -27.978372,308540.50891431,204933.76604987,513474.27496418,   0.7183079225
285400,    2.854000,   60.060728,  -27.988179,308396.82153914,205077.45317327,513474.27471241,   0.7185596939
285500,    2.855000,   60.032735,  -27.997986,308253.08380926,205221.19065138,513474.27446064,   0.7188114654
285600,    2.856000,   60.004732,  -28.007792,308109.29572470,205364.97848417,513474.27420887,   0.7190632366
285700,    2.857000,   59.976720,  -28.017599,307965.45728543,205508.81667166,513474.27395710,   0.7193150080
285800,    2.858000,   59.948697,  -28.027406,307821.56849147,205652.70521385,513474.27370533,   0.7195667795
285900,    2.859000,   59.920665,  -28.037212,307677.62934282,205796.64411073,513474.27345356,   0.7198185507
286000,    2.860000,   59.892623,  -28.047019,307533.63983947,205940.63336231,513474.27320178,   0.7200703221
286100,    2.861000,   59.864571,  -28.056826,307389.59998143,206084.67296859,513474.27295001,   0.7203220935
286200,    2.862000,   59.836509,  -28.066632,307245.50976868,206228.76292956,513474.27269824,   0.7205738649
286300,    2.863000,   59.808437,  -28.076439,307101.36920125,206372.90324522,513474.27244647,   0.7208256362
286400,    2.864000,   59.780356,  -28.086246,306957.17827912,206517.09391558,513474.27219470,   0.7210774076
286500,    2.865000,   59.752265,  -28.096052,306812.93700229,206661.33494064,513474.27194293,   0.7213291790
286600,    2.866000,   59.724164,  -28.105859,306668.64537077,206805.62632039,513474.27169116,   0.7215809503
286700,    2.867000,   59.696053,  -28.115666,306524.30338455,206949.96805483,513474.27143938,   0.7218327217
286800,    2.868000,   59.667932,  -28.125472,306379.91104364,207094.36014398,513474.27118761,   0.7220844930
286900,    2.869000,   59.639802,  -28.135279,306235.46834803,207238.80258781,513474.27093584,   0.7223362644
287000,    2.870000,   59.611662,  -28.145086,306090.97529772,207383.29538635,513474.27068407,   0.7225880358
287100,    2.871000,   59.583512,  -28.154892,305946.43189272,207527.83853957,513474.27043230,   0.7228398072
287200,    2.872000,   59.555352,  -28.164699,305801.83813303,207672.43204750,513474.27018053,   0.7230915785
287300,    2.873000,   59.527182,  -28.174505,305657.19401864,207817.07591012,513474.26992876,   0.7233433499
287400,    2.874000,   59.499003,  -28.184312,305512.49954955,207961.77012743,513474.26967698,   0.7235951212
287500,    2.875000,   59.470813,  -28.194119,305367.75472577,208106.51469944,513474.26942521,   0.7238468927
287600,    2.876000,   59.442614,  -28.203925,305222.95954730,208251.30962615,513474.26917344,   0.7240986640
287700,    2.877000,   59.414405,  -28.213732,305078.11401412,208396.15490755,513474.26892167,   0.7243504353
287800,    2.878000,   59.386187,  -28.223539,304933.21812626,208541.05054364,513474.26866990,   0.7246022067
287900,    2.879000,   59.357958,  -28.233345,304788.27188369,208685.99653443,513474.26841813,   0.7248539780
288000,    2.880000,   59.329720,  -28.243152,304643.27528644,208830.99287992,513474.26816636,   0.7251057493
288100,    2.881000,   59.301472,  -28.252959,304498.22833448,208976.03958010,513474.26791459,   0.7253575207
288200,    2.882000,   59.273214,  -28.262765,304353.13102783,209121.13663498,513474.26766281,   0.7256092921
288300,    2.883000,   59.244946,  -28.272572,304207.98336649,209266.28404455,513474.26741104,   0.7258610634
288400,    2.884000,   59.216669,  -28.282379,304062.78535045,209411.48180882,513474.26715927,   0.7261128347
288500,    2.885000,   59.188381,  -28.292185,303917.53697971,209556.72992779,513474.26690750,   0.7263646061
288600,    2.886000,   59.160084,  -28.301992,303772.23825428,209702.02840145,513474.26665573,   0.7266163775
288700,    2.887000,   59.131777,  -28.311799,303626.88917416,209847.37722980,513474.26640396,   0.7268681487
288800,    2.888000,   59.103460,  -28.321605,303481.48973933,209992.77641285,513474.26615219,   0.7271199201
288900,    2.889000,   59.075134,  -28.331412,303336.03994982,210138.22595060,513474.26590041,   0.7273716916
289000,    2.890000,   59.046798,  -28.341219,303190.53980560,210283.72584304,513474.26564864,   0.7276234627
289100,    2.891000,   59.018451,  -28.351025,303044.98930670,210429.27609018,513474.26539687,   0.7278752342
289200,    2.892000,   58.990095,  -28.360832,302899.38845309,210574.87669201,513474.26514510,   0.7281270056
289300,    2.893000,   58.961730,  -28.370638,302753.73724479,210720.52764854,513474.26489333,   0.7283787769
289400,    2.894000,   58.933354,  -28.380445,302608.03568180,210866.22895976,513474.26464156,   0.7286305482
289500,    2.895000,   58.904969,  -28.390252,302462.28376411,211011.98062568,513474.26438979,   0.7288823196
289600,    2.896000,   58.876573,  -28.400058,302316.48149172,211157.78264629,513474.26413801,   0.7291340909
289700,    2.897000,   58.848168,  -28.409865,302170.62886464,211303.63502160,513474.26388624,   0.7293858622
289800,    2.898000,   58.819754,  -28.419672,302024.72588287,211449.53775160,513474.26363447,   0.7296376335
289900,    2.899000,   58.791329,  -28.429478,301878.77254640,211595.49083630,513474.26338270,   0.7298894049
290000,    2.900000,   58.762895,  -28.439285,301732.76885523,211741.49427570,513474.26313093,   0.7301411762
290100,    2.901000,   58.734450,  -28.449092,301586.71480937,211887.54806979,513474.26287916,   0.7303929475
290200,    2.902000,   58.705996,  -28.458898,301440.61040881,212033.65221858,513474.26262739,   0.7306447189
290300,    2.903000,   58.677532,  -28.468705,301294.45565356,212179.80672206,513474.26237562,   0.7308964902
290400,    2.904000,   58.649059,  -28.478512,301148.25054361,212326.01158024,513474.26212384,   0.7311482615
290500,    2.905000,   58.620575,  -28.488318,301001.99507896,212472.26679311,513474.26187207,   0.7314000328
290600,    2.906000,   58.592082,  -28.498125,300855.68925962,212618.57236068,513474.26162030,   0.7316518042
290700,    2.907000,   58.563579,  -28.507932,300709.33308559,212764.92828294,513474.26136853,   0.7319035757
290800,    2.908000,   58.535066,  -28.517738,300562.92655686,212911.33455990,513474.26111676,   0.7321553468
290900,    2.909000,   58.506543,  -28.527545,300416.46967343,213057.79119155,513474.26086499,   0.7324071183
291000,    2.910000,   58.478011,  -28.537352,300269.96243531,213204.29817790,513474.26061322,   0.7326588896
291100,    2.911000,   58.449469,  -28.547158,300123.40484249,213350.85551895,513474.26036144,   0.7329106609
291200,    2.912000,   58.420916,  -28.556965,299976.79689498,213497.46321469,513474.26010967,   0.7331624322
291300,    2.913000,   58.392355,  -28.566771,299830.13859278,213644.12126513,513474.25985790,   0.7334142036
291400,    2.914000,   58.363783,  -28.576578,299683.42993587,213790.82967026,513474.25960613,   0.7336659749
291500,    2.915000,   58.335201,  -28.586385,299536.67092427,213937.58843009,513474.25935436,   0.7339177462
291600,    2.916000,   58.306610,  -28.596191,299389.86155798,214084.39754461,513474.25910259,   0.7341695176
291700,    2.917000,   58.278009,  -28.605998,299243.00183699,214231.25701383,513474.25885082,   0.7344212888
291800,    2.918000,   58.249398,  -28.615805,299096.09176131,214378.16683774,513474.25859905,   0.7346730602
291900,    2.919000,   58.220777,  -28.625611,298949.13133093,214525.12701635,513474.25834727,   0.7349248315
292000,    2.920000,   58.192147,  -28.635418,298802.12054585,214672.13754965,513474.25809550,   0.7351766029
292100,    2.921000,   58.163506,  -28.645225,298655.05940608,214819.19843765,513474.25784373,   0.7354283741
292200,    2.922000,   58.134856,  -28.655031,298507.94791161,214966.30968035,513474.25759196,   0.7356801455
292300,    2.923000,   58.106196,  -28.664838,298360.78606245,215113.47127774,513474.25734019,   0.7359319169
292400,    2.924000,   58.077526,  -28.674645,298213.57385860,215260.68322982,513474.25708842,   0.7361836881
292500,    2.925000,   58.048847,  -28.684451,298066.31130004,215407.94553660,513474.25683665,   0.7364354595
292600,    2.926000,   58.020157,  -28.694258,297918.99838679,215555.25819808,513474.25658487,   0.7366872308
292700,    2.927000,   57.991458,  -28.704065,297771.63511885,215702.62121425,513474.25633310,   0.7369390021
292800,    2.928000,   57.962749,  -28.713871,297624.22149621,215850.03458512,513474.25608133,   0.7371907734
292900,    2.929000,   57.934030,  -28.723678,297476.75751888,215997.49831068,513474.25582956,   0.7374425447
293000,    2.930000,   57.905302,  -28.733485,297329.24318685,216145.01239094,513474.25557779,   0.7376943161
293100,    2.931000,   57.876563,  -28.743291,297181.67850012,216292.57682590,513474.25532602,   0.7379460873
293200,    2.932000,   57.847815,  -28.753098,297034.06345870,216440.19161554,513474.25507425,   0.7381978587
293300,    2.933000,   57.819057,  -28.762904,296886.39806259,216587.85675989,513474.25482248,   0.7384496300
293400,    2.934000,   57.790289,  -28.772711,296738.68231177,216735.57225893,513474.25457070,   0.7387014013
293500,    2.935000,   57.761511,  -28.782518,296590.91620627,216883.33811267,513474.25431893,   0.7389531726
293600,    2.936000,   57.732724,  -28.792324,296443.09974607,217031.15432110,513474.25406716,   0.7392049440
293700,    2.937000,   57.703927,  -28.802131,296295.23293117,217179.02088422,513474.25381539,   0.7394567154
293800,    2.938000,   57.675119,  -28.811938,296147.31576157,217326.93780204,513474.25356362,   0.7397084865
293900,    2.939000,   57.646303,  -28.821744,295999.34823729,217474.90507456,513474.25331185,   0.7399602578
294000,    2.940000,   57.617476,  -28.831551,295851.33035830,217622.92270177,513474.25306008,   0.7402120292
294100,    2.941000,   57.588639,  -28.841358,295703.26212462,217770.99068368,513474.25280831,   0.7404638004
294200,    2.942000,   57.559793,  -28.851164,295555.14353625,217919.10902029,513474.25255653,   0.7407155717
294300,    2.943000,   57.530937,  -28.860971,295406.97459318,218067.27771159,513474.25230476,   0.7409673431
294400,    2.944000,   57.502071,  -28.870778,295258.75529541,218215.49675758,513474.25205299,   0.7412191143
294500,    2.945000,   57.473195,  -28.880584,295110.48564295,218363.76615827,513474.25180122,   0.7414708856
294600,    2.946000,   57.444310,  -28.890391,294962.16563579,218512.08591365,513474.25154945,   0.7417226571
294700,    2.947000,   57.415414,  -28.900198,294813.79527394,218660.45602374,513474.25129768,   0.7419744284
294800,    2.948000,   57.386509,  -28.910004,294665.37455739,218808.87648851,513474.25104591,   0.7422261995
294900,    2.949000,   57.357594,  -28.919811,294516.90348615,218957.34730798,513474.25079413,   0.7424779708
295000,    2.950000,   57.328670,  -28.929618,294368.38206021,219105.86848215,513474.25054236,   0.7427297423
295100,    2.951000,   57.299735,  -28.939424,294219.81027958,219254.44001101,513474.25029059,   0.7429815136
295200,    2.952000,   57.270791,  -28.949231,294071.18814425,219403.06189457,513474.25003882,   0.7432332847
295300,    2.953000,   57.241836,  -28.959037,293922.51565423,219551.73413282,513474.24978705,   0.7434850562
295400,    2.954000,   57.212872,  -28.968844,293773.79280951,219700.45672577,513474.24953528,   0.7437368274
295500,    2.955000,   57.183899,  -28.978651,293625.01961009,219849.22967342,513474.24928351,   0.7439885986
295600,    2.956000,   57.154915,  -28.988457,293476.19605598,219998.05297576,513474.24903174,   0.7442403699
295700,    2.957000,   57.125922,  -28.998264,293327.32214717,220146.92663279,513474.24877996,   0.7444921414
295800,    2.958000,   57.096918,  -29.008071,293178.39788367,220295.85064452,513474.24852819,   0.7447439125
295900,    2.959000,   57.067905,  -29.017877,293029.42326547,220444.82501095,513474.24827642,   0.7449956838
296000,    2.960000,   57.038883,  -29.027684,292880.39829258,220593.84973207,513474.24802465,   0.7452474552
296100,    2.961000,   57.009850,  -29.037491,292731.32296499,220742.92480789,513474.24777288,   0.7454992264
296200,    2.962000,   56.980807,  -29.047297,292582.19728271,220892.05023840,513474.24752111,   0.7457509977
296300,    2.963000,   56.951755,  -29.057104,292433.02124573,221041.22602361,513474.24726934,   0.7460027690
296400,    2.964000,   56.922693,  -29.066911,292283.79485406,221190.45216351,513474.24701757,   0.7462545403
296500,    2.965000,   56.893621,  -29.076717,292134.51810769,221339.72865811,513474.24676579,   0.7465063116
296600,    2.966000,   56.864540,  -29.086524,291985.19100662,221489.05550740,513474.24651402,   0.7467580829
296700,    2.967000,   56.835448,  -29.096331,291835.81355086,221638.43271139,513474.24626225,   0.7470098542
296800,    2.968000,   56.806347,  -29.106137,291686.38574041,221787.86027007,513474.24601048,   0.7472616255
296900,    2.969000,   56.777236,  -29.115944,291536.90757525,221937.33818345,513474.24575871,   0.7475133967
297000,    2.970000,   56.748115,  -29.125751,291387.37905541,222086.86645153,513474.24550694,   0.7477651680
297100,    2.971000,   56.718984,  -29.135557,291237.80018086,222236.44507430,513474.24525517,   0.7480169393
297200,    2.972000,   56.689844,  -29.145364,291088.17095163,222386.07405177,513474.24500340,   0.7482687106
297300,    2.973000,   56.660693,  -29.155170,290938.49136769,222535.75338393,513474.24475162,   0.7485204819
297400,    2.974000,   56.631533,  -29.164977,290788.76142907,222685.48307079,513474.24449985,   0.7487722533
297500,    2.975000,   56.602363,  -29.174784,290638.98113574,222835.26311234,513474.24424808,   0.7490240245
297600,    2.976000,   56.573184,  -29.184590,290489.15048772,222985.09350859,513474.24399631,   0.7492757958
297700,    2.977000,   56.543994,  -29.194397,290339.26948501,223134.97425953,513474.24374454,   0.7495275670
297800,    2.978000,   56.514795,  -29.204204,290189.33812760,223284.90536517,513474.24349277,   0.7497793383
297900,    2.979000,   56.485586,  -29.214010,290039.35641549,223434.88682551,513474.24324100,   0.7500311096
298000,    2.980000,   56.456367,  -29.223817,289889.32434869,223584.91864054,513474.24298922,   0.7502828809
298100,    2.981000,   56.427138,  -29.233624,289739.24192719,223735.00081026,513474.24273745,   0.7505346522
298200,    2.982000,   56.397899,  -29.243430,289589.10915100,223885.13333468,513474.24248568,   0.7507864234
298300,    2.983000,   56.368651,  -29.253237,289438.92602011,224035.31621380,513474.24223391,   0.7510381948
298400,    2.984000,   56.339393,  -29.263044,289288.69253453,224185.54944761,513474.24198214,   0.7512899661
298500,    2.985000,   56.310125,  -29.272850,289138.40869425,224335.83303612,513474.24173037,   0.7515417373
298600,    2.986000,   56.280847,  -29.282657,288988.07449928,224486.16697932,513474.24147860,   0.7517935085
298700,    2.987000,   56.251559,  -29.292464,288837.68994961,224636.55127722,513474.24122683,   0.7520452799
298800,    2.988000,   56.222262,  -29.302270,288687.25504525,224786.98592981,513474.24097505,   0.7522970511
298900,    2.989000,   56.192955,  -29.312077,288536.76978619,224937.47093710,513474.24072328,   0.7525488224
299000,    2.990000,   56.163638,  -29.321884,288386.23417243,225088.00629908,513474.24047151,   0.7528005936
299100,    2.991000,   56.134311,  -29.331690,288235.64820398,225238.59201576,513474.24021974,   0.7530523650
299200,    2.992000,   56.104974,  -29.341497,288085.01188083,225389.22808714,513474.23996797,   0.7533041362
299300,    2.993000,   56.075628,  -29.351303,287934.32520299,225539.91451321,513474.23971620,   0.7535559073
299400,    2.994000,   56.046271,  -29.361110,287783.58817045,225690.65129397,513474.23946443,   0.7538076788
299500,    2.995000,   56.016905,  -29.370917,287632.80078322,225841.43842943,513474.23921266,   0.7540594499
299600,    2.996000,   55.987529,  -29.380723,287481.96304129,225992.27591959,513474.23896088,   0.7543112212
299700,    2.997000,   55.958144,  -29.390530,287331.07494467,226143.16376444,513474.23870911,   0.7545629925
299800,    2.998000,   55.928748,  -29.400337,287180.13649335,226294.10196399,513474.23845734,   0.7548147638
299900,    2.999000,   55.899343,  -29.410143,287029.14768734,226445.09051823,513474.23820557,   0.7550665351
300000,    3.000000,   55.869928,  -29.419950,286878.10852663,226596.12942717,513474.23795380,   0.7553183063
Step,Time_s,Height_m,Velocity_m/s,Potential_Energy_J,Kinetic_Energy_J,Total_Energy_J,Energy_Error_J
100,    0.001000,   99.999995,   -0.009807,513474.96784298,     0.02517735,513474.99302033,   0.0002517734
200,    0.002000,   99.999980,   -0.019613,513474.89205917,     0.10070939,513474.99276856,   0.0005035469
300,    0.003000,   99.999956,   -0.029420,513474.76592066,     0.22659613,513474.99251679,   0.0007553204
400,    0.004000,   99.999921,   -0.039227,513474.58942745,     0.40283756,513474.99226501,   0.0010070939
500,    0.005000,   99.999877,   -0.049033,513474.36257955,     0.62943369,513474.99201324,   0.0012588673
600,    0.006000,   99.999823,   -0.058840,513474.08537695,     0.90638452,513474.99176146,   0.0015106408
700,    0.007000,   99.999759,   -0.068647,513473.75781965,     1.23369004,513474.99150969,   0.0017624144
800,    0.008000,   99.999686,   -0.078453,513473.37990766,     1.61135025,513474.99125792,   0.0020141877
900,    0.009000,   99.999602,   -0.088260,513472.95164098,     2.03936516,513474.99100614,   0.0022659613
1000,    0.010000,   99.999509,   -0.098066,513472.47301960,     2.51773477,513474.99075437,   0.0025177348
1100,    0.011000,   99.999406,   -0.107873,513471.94404352,     3.04645907,513474.99050260,   0.0027695082
1200,    0.012000,   99.999293,   -0.117680,513471.36471275,     3.62553807,513474.99025082,   0.0030212816
1300,    0.013000,   99.999171,   -0.127486,513470.73502729,     4.25497176,513474.98999905,   0.0032730551
1400,    0.014000,   99.999038,   -0.137293,513470.05498713,     4.93476015,513474.98974728,   0.0035248286
1500,    0.015000,   99.998896,   -0.147100,513469.32459227,     5.66490324,513474.98949550,   0.0037766020
1600,    0.016000,   99.998744,   -0.156906,513468.54384272,     6.44540101,513474.98924373,   0.0040283755
1700,    0.017000,   99.998582,   -0.166713,513467.71273847,     7.27625349,513474.98899196,   0.0042801491
1800,    0.018000,   99.998410,   -0.176520,513466.83127952,     8.15746066,513474.98874018,   0.0045319225
1900,    0.019000,   99.998229,   -0.186326,513465.89946589,     9.08902252,513474.98848841,   0.0047836959
2000,    0.020000,   99.998038,   -0.196133,513464.91729755,    10.07093909,513474.98823664,   0.0050354695
2100,    0.021000,   99.997837,   -0.205940,513463.88477452,    11.10321034,513474.98798486,   0.0052872429
2200,    0.022000,   99.997626,   -0.215746,513462.80189680,    12.18583629,513474.98773309,   0.0055390164
2300,    0.023000,   99.997405,   -0.225553,513461.66866438,    13.31881694,513474.98748132,   0.0057907899
2400,    0.024000,   99.997175,   -0.235360,513460.48507726,    14.50215228,513474.98722954,   0.0060425635
2500,    0.025000,   99.996934,   -0.245166,513459.25113545,    15.73584232,513474.98697777,   0.0062943369
2600,    0.026000,   99.996684,   -0.254973,513457.96683894,    17.01988705,513474.98672600,   0.0065461103
2700,    0.027000,   99.996424,   -0.264780,513456.63218774,    18.35428648,513474.98647422,   0.0067978839
2800,    0.028000,   99.996154,   -0.274586,513455.24718184,    19.73904061,513474.98622245,   0.0070496573
2900,    0.029000,   99.995875,   -0.284393,513453.81182125,    21.17414943,513474.98597068,   0.0073014307
3000,    0.030000,   99.995586,   -0.294199,513452.32610596,    22.65961294,513474.98571890,   0.0075532043
3100,    0.031000,   99.995286,   -0.304006,513450.79003597,    24.19543115,513474.98546713,   0.0078049778
3200,    0.032000,   99.994977,   -0.313813,513449.20361130,    25.78160406,513474.98521535,   0.0080567512
3300,    0.033000,   99.994659,   -0.323619,513447.56683192,    27.41813166,513474.98496358,   0.0083085247
3400,    0.034000,   99.994330,   -0.333426,513445.87969785,    29.10501396,513474.98471181,   0.0085602982
3500,    0.035000,   99.993992,   -0.343233,513444.14220908,    30.84225095,513474.98446003,   0.0088120716
3600,    0.036000,   99.993644,   -0.353039,513442.35436562,    32.62984264,513474.98420826,   0.0090638451
3700,    0.037000,   99.993286,   -0.362846,513440.51616747,    34.46778902,513474.98395649,   0.0093156187
3800,    0.038000,   99.992918,   -0.372653,513438.62761461,    36.35609010,513474.98370471,   0.0095673921
3900,    0.039000,   99.992540,   -0.382459,513436.68870707,    38.29474587,513474.98345294,   0.0098191655
4000,    0.040000,   99.992153,   -0.392266,513434.69944482,    40.28375634,513474.98320117,   0.0100709390
4100,    0.041000,   99.991756,   -0.402073,513432.65982789,    42.32312151,513474.98294939,   0.0103227125
4200,    0.042000,   99.991348,   -0.411879,513430.56985625,    44.41284137,513474.98269762,   0.0105744859
4300,    0.043000,   99.990932,   -0.421686,513428.42952992,    46.55291592,513474.98244585,   0.0108262594
4400,    0.044000,   99.990505,   -0.431493,513426.23884890,    48.74334517,513474.98219407,   0.0110780331
4500,    0.045000,   99.990069,   -0.441299,513423.99781318,    50.98412912,513474.98194230,   0.0113298064
4600,    0.046000,   99.989622,   -0.451106,513421.70642276,    53.27526776,513474.98169053,   0.0115815799
4700,    0.047000,   99.989166,   -0.460913,513419.36467765,    55.61676110,513474.98143875,   0.0118333534
4800,    0.048000,   99.988700,   -0.470719,513416.97257785,    58.00860913,513474.98118698,   0.0120851269
4900,    0.049000,   99.988225,   -0.480526,513414.53012334,    60.45081186,513474.98093521,   0.0123369003
5000,    0.050000,   99.987739,   -0.490332,513412.03731415,    62.94336928,513474.98068343,   0.0125886738
5100,    0.051000,   99.987244,   -0.500139,513409.49415025,    65.48628140,513474.98043166,   0.0128404474
5200,    0.052000,   99.986739,   -0.509946,513406.90063167,    68.07954822,513474.98017989,   0.0130922206
5300,    0.053000,   99.986224,   -0.519752,513404.25675838,    70.72316973,513474.97992811,   0.0133439942
5400,    0.054000,   99.985699,   -0.529559,513401.56253040,    73.41714593,513474.97967634,   0.0135957677
5500,    0.055000,   99.985165,   -0.539366,513398.81794773,    76.16147683,513474.97942456,   0.0138475412
5600,    0.056000,   99.984620,   -0.549172,513396.02301036,    78.95616243,513474.97917279,   0.0140993147
5700,    0.057000,   99.984066,   -0.558979,513393.17771830,    81.80120272,513474.97892102,   0.0143510882
5800,    0.058000,   99.983502,   -0.568786,513390.28207153,    84.69659771,513474.97866924,   0.0146028617
5900,    0.059000,   99.982929,   -0.578592,513387.33607008,    87.64234739,513474.97841747,   0.0148546351
6000,    0.060000,   99.982345,   -0.588399,513384.33971393,    90.63845177,513474.97816570,   0.0151064086
6100,    0.061000,   99.981752,   -0.598206,513381.29300308,    93.68491084,513474.97791392,   0.0153581821
6200,    0.062000,   99.981149,   -0.608012,513378.19593754,    96.78172461,513474.97766215,   0.0156099556
6300,    0.063000,   99.980536,   -0.617819,513375.04851730,    99.92889308,513474.97741038,   0.0158617289
6400,    0.064000,   99.979913,   -0.627626,513371.85074237,   103.12641624,513474.97715860,   0.0161135026
6500,    0.065000,   99.979280,   -0.637432,513368.60261274,   106.37429409,513474.97690683,   0.0163652760
6600,    0.066000,   99.978638,   -0.647239,513365.30412841,   109.67252664,513474.97665506,   0.0166170494
6700,    0.067000,   99.977986,   -0.657046,513361.95528940,   113.02111389,513474.97640328,   0.0168688229
6800,    0.068000,   99.977324,   -0.666852,513358.55609568,   116.42005583,513474.97615151,   0.0171205965
6900,    0.069000,   99.976652,   -0.676659,513355.10654727,   119.86935247,513474.97589974,   0.0173723699
7000,    0.070000,   99.975970,   -0.686465,513351.60664416,   123.36900380,513474.97564796,   0.0176241434
7100,    0.071000,   99.975279,   -0.696272,513348.05638636,   126.91900983,513474.97539619,   0.0178759169
7200,    0.072000,   99.974578,   -0.706079,513344.45577387,   130.51937055,513474.97514442,   0.0181276903
7300,    0.073000,   99.973867,   -0.715885,513340.80480667,   134.17008597,513474.97489264,   0.0183794638
7400,    0.074000,   99.973146,   -0.725692,513337.10348479,   137.87115608,513474.97464087,   0.0186312372
7500,    0.075000,   99.972415,   -0.735499,513333.35180820,   141.62258089,513474.97438909,   0.0188830108
7600,    0.076000,   99.971675,   -0.745305,513329.54977693,   145.42436040,513474.97413732,   0.0191347842
7700,    0.077000,   99.970924,   -0.755112,513325.69739095,   149.27649460,513474.97388555,   0.0193865577
7800,    0.078000,   99.970164,   -0.764919,513321.79465028,   153.17898349,513474.97363377,   0.0196383313
7900,    0.079000,   99.969394,   -0.774725,513317.84155492,   157.13182708,513474.97338200,   0.0198901046
8000,    0.080000,   99.968615,   -0.784532,513313.83810486,   161.13502537,513474.97313023,   0.0201418782
8100,    0.081000,   99.967825,   -0.794339,513309.78430010,   165.18857835,513474.97287845,   0.0203936517
8200,    0.082000,   99.967026,   -0.804145,513305.68014065,   169.29248603,513474.97262668,   0.0206454251
8300,    0.083000,   99.966217,   -0.813952,513301.52562651,   173.44674840,513474.97237491,   0.0208971985
8400,    0.084000,   99.965398,   -0.823759,513297.32075766,   177.65136547,513474.97212313,   0.0211489720
8500,    0.085000,   99.964569,   -0.833565,513293.06553413,   181.90633723,513474.97187136,   0.0214007456
8600,    0.086000,   99.963731,   -0.843372,513288.75995590,   186.21166369,513474.97161959,   0.0216525190
8700,    0.087000,   99.962882,   -0.853179,513284.40402297,   190.56734485,513474.97136781,   0.0219042924
8800,    0.088000,   99.962024,   -0.862985,513279.99773534,   194.97338070,513474.97111604,   0.0221560661
8900,    0.089000,   99.961156,   -0.872792,513275.54109302,   199.42977124,513474.97086427,   0.0224078395
9000,    0.090000,   99.960279,   -0.882598,513271.03409601,   203.93651648,513474.97061249,   0.0226596129
9100,    0.091000,   99.959391,   -0.892405,513266.47674430,   208.49361642,513474.97036072,   0.0229113864
9200,    0.092000,   99.958494,   -0.902212,513261.86903790,   213.10107105,513474.97010895,   0.0231631598
9300,    0.093000,   99.957587,   -0.912018,513257.21097680,   217.75888038,513474.96985717,   0.0234149333
9400,    0.094000,   99.956670,   -0.921825,513252.50256100,   222.46704440,513474.96960540,   0.0236667068
9500,    0.095000,   99.955743,   -0.931632,513247.74379051,   227.22556312,513474.96935363,   0.0239184804
9600,    0.096000,   99.954806,   -0.941438,513242.93466532,   232.03443653,513474.96910185,   0.0241702538
9700,    0.097000,   99.953860,   -0.951245,513238.07518544,   236.89366464,513474.96885008,   0.0244220272
9800,    0.098000,   99.952904,   -0.961052,513233.16535086,   241.80324744,513474.96859831,   0.0246738007
9900,    0.099000,   99.951938,   -0.970858,513228.20516159,   246.76318494,513474.96834653,   0.0249255743
10000,    0.100000,   99.950962,   -0.980665,513223.19461762,   251.77347714,513474.96809476,   0.0251773478
10100,    0.101000,   99.949976,   -0.990472,513218.13371896,   256.83412403,513474.96784298,   0.0254291212
10200,    0.102000,   99.948981,   -1.000278,513213.02246560,   261.94512561,513474.96759121,   0.0256808947
10300,    0.103000,   99.947976,   -1.010085,513207.86085754,   267.10648190,513474.96733944,   0.0259326681
10400,    0.104000,   99.946961,   -1.019892,513202.64889479,   272.31819287,513474.96708766,   0.0261844416
10500,    0.105000,   99.945936,   -1.029698,513197.38657735,   277.58025855,513474.96683589,   0.0264362151
10600,    0.106000,   99.944901,   -1.039505,513192.07390520,   282.89267891,513474.96658412,   0.0266879886
10700,    0.107000,   99.943857,   -1.049312,513186.71087837,   288.25545398,513474.96633234,   0.0269397620
10800,    0.108000,   99.942802,   -1.059118,513181.29749684,   293.66858373,513474.96608057,   0.0271915355
10900,    0.109000,   99.941738,   -1.068925,513175.83376061,   299.13206819,513474.96582880,   0.0274433090
11000,    0.110000,   99.940664,   -1.078732,513170.31966969,   304.64590734,513474.96557702,   0.0276950824
11100,    0.111000,   99.939581,   -1.088538,513164.75522407,   310.21010118,513474.96532525,   0.0279468559
11200,    0.112000,   99.938487,   -1.098345,513159.14042375,   315.82464972,513474.96507348,   0.0281986294
11300,    0.113000,   99.937384,   -1.108151,513153.47526874,   321.48955296,513474.96482170,   0.0284504029
11400,    0.114000,   99.936271,   -1.117958,513147.75975904,   327.20481089,513474.96456993,   0.0287021762
11500,    0.115000,   99.935148,   -1.127765,513141.99389464,   332.97042352,513474.96431816,   0.0289539499
11600,    0.116000,   99.934015,   -1.137571,513136.17767554,   338.78639084,513474.96406638,   0.0292057233
11700,    0.117000,   99.932873,   -1.147378,513130.31110175,   344.65271286,513474.96381461,   0.0294574967
11800,    0.118000,   99.931720,   -1.157185,513124.39417327,   350.56938957,513474.96356284,   0.0297092703
11900,    0.119000,   99.930558,   -1.166991,513118.42689009,   356.53642098,513474.96331106,   0.0299610438
12000,    0.120000,   99.929386,   -1.176798,513112.40925221,   362.55380708,513474.96305929,   0.0302128172
12100,    0.121000,   99.928204,   -1.186605,513106.34125964,   368.62154788,513474.96280752,   0.0304645906
12200,    0.122000,   99.927013,   -1.196411,513100.22291237,   374.73964337,513474.96255574,   0.0307163642
12300,    0.123000,   99.925812,   -1.206218,513094.05421041,   380.90809356,513474.96230397,   0.0309681376
12400,    0.124000,   99.924600,   -1.216025,513087.83515375,   387.12689845,513474.96205219,   0.0312199111
12500,    0.125000,   99.923379,   -1.225831,513081.56574239,   393.39605803,513474.96180042,   0.0314716845
12600,    0.126000,   99.922149,   -1.235638,513075.24597634,   399.71557231,513474.96154865,   0.0317234580
12700,    0.127000,   99.920908,   -1.245445,513068.87585560,   406.08544128,513474.96129687,   0.0319752314
12800,    0.128000,   99.919658,   -1.255251,513062.45538016,   412.50566494,513474.96104510,   0.0322270050
12900,    0.129000,   99.918397,   -1.265058,513055.98455002,   418.97624331,513474.96079333,   0.0324787785
13000,    0.130000,   99.917127,   -1.274865,513049.46336519,   425.49717636,513474.96054155,   0.0327305519
13100,    0.131000,   99.915848,   -1.284671,513042.89182566,   432.06846412,513474.96028978,   0.0329823254
13200,    0.132000,   99.914558,   -1.294478,513036.26993144,   438.69010657,513474.96003801,   0.0332340988
13300,    0.133000,   99.913259,   -1.304284,513029.59768252,   445.36210371,513474.95978623,   0.0334858723
13400,    0.134000,   99.911949,   -1.314091,513022.87507891,   452.08445555,513474.95953446,   0.0337376457
13500,    0.135000,   99.910630,   -1.323898,513016.10212060,   458.85716209,513474.95928269,   0.0339894193
13600,    0.136000,   99.909301,   -1.333704,513009.27880760,   465.68022332,513474.95903091,   0.0342411927
13700,    0.137000,   99.907963,   -1.343511,513002.40513990,   472.55363924,513474.95877914,   0.0344929661
13800,    0.138000,   99.906614,   -1.353318,512995.48111750,   479.47740986,513474.95852737,   0.0347447395
13900,    0.139000,   99.905256,   -1.363124,512988.50674041,   486.45153518,513474.95827559,   0.0349965132
14000,    0.140000,   99.903888,   -1.372931,512981.48200863,   493.47601519,513474.95802382,   0.0352482866
14100,    0.141000,   99.902510,   -1.382738,512974.40692215,   500.55084990,513474.95777205,   0.0355000600
14200,    0.142000,   99.901122,   -1.392544,512967.28148097,   507.67603930,513474.95752027,   0.0357518335
14300,    0.143000,   99.899725,   -1.402351,512960.10568510,   514.85158340,513474.95726850,   0.0360036070
14400,    0.144000,   99.898318,   -1.412158,512952.87953453,   522.07748219,513474.95701673,   0.0362553804
14500,    0.145000,   99.896900,   -1.421964,512945.60302927,   529.35373568,513474.95676495,   0.0365071538
14600,    0.146000,   99.895474,   -1.431771,512938.27616931,   536.68034387,513474.95651318,   0.0367589275
14700,    0.147000,   99.894037,   -1.441578,512930.89895466,   544.05730675,513474.95626140,   0.0370107008
14800,    0.148000,   99.892590,   -1.451384,512923.47138531,   551.48462432,513474.95600963,   0.0372624743
14900,    0.149000,   99.891134,   -1.461191,512915.99346126,   558.96229660,513474.95575786,   0.0375142478
15000,    0.150000,   99.889668,   -1.470998,512908.46518252,   566.49032356,513474.95550608,   0.0377660212
15100,    0.151000,   99.888192,   -1.480804,512900.88654909,   574.06870522,513474.95525431,   0.0380177947
15200,    0.152000,   99.886706,   -1.490611,512893.25756096,   581.69744158,513474.95500254,   0.0382695682
15300,    0.153000,   99.885211,   -1.500417,512885.57821813,   589.37653263,513474.95475076,   0.0385213418
15400,    0.154000,   99.883705,   -1.510224,512877.84852061,   597.10597838,513474.95449899,   0.0387731151
15500,    0.155000,   99.882190,   -1.520031,512870.06846839,   604.88577883,513474.95424722,   0.0390248886
15600,    0.156000,   99.880665,   -1.529837,512862.23806148,   612.71593396,513474.95399544,   0.0392766620
15700,    0.157000,   99.879130,   -1.539644,512854.35729987,   620.59644380,513474.95374367,   0.0395284356
15800,    0.158000,   99.877586,   -1.549451,512846.42618357,   628.52730833,513474.95349190,   0.0397802089
15900,    0.159000,   99.876031,   -1.559257,512838.44471257,   636.50852755,513474.95324012,   0.0400319825
16000,    0.160000,   99.874467,   -1.569064,512830.41288687,   644.54010148,513474.95298835,   0.0402837559
16100,    0.161000,   99.872893,   -1.578871,512822.33070649,   652.62203009,513474.95273658,   0.0405355293
16200,    0.162000,   99.871309,   -1.588677,512814.19817140,   660.75431340,513474.95248480,   0.0407873028
16300,    0.163000,   99.869716,   -1.598484,512806.01528162,   668.93695141,513474.95223303,   0.0410390764
16400,    0.164000,   99.868112,   -1.608291,512797.78203714,   677.16994411,513474.95198126,   0.0412908498
16500,    0.165000,   99.866499,   -1.618097,512789.49843797,   685.45329151,513474.95172948,   0.0415426233
16600,    0.166000,   99.864876,   -1.627904,512781.16448411,   693.78699360,513474.95147771,   0.0417943968
16700,    0.167000,   99.863243,   -1.637711,512772.78017554,   702.17105039,513474.95122594,   0.0420461702
16800,    0.168000,   99.861600,   -1.647517,512764.34551229,   710.60546188,513474.95097416,   0.0422979437
16900,    0.169000,   99.859948,   -1.657324,512755.86049433,   719.09022806,513474.95072239,   0.0425497172
17000,    0.170000,   99.858286,   -1.667131,512747.32512168,   727.62534893,513474.95047062,   0.0428014907
17100,    0.171000,   99.856613,   -1.676937,512738.73939434,   736.21082450,513474.95021884,   0.0430532641
17200,    0.172000,   99.854932,   -1.686744,512730.10331230,   744.84665477,513474.94996707,   0.0433050376
17300,    0.173000,   99.853240,   -1.696550,512721.41687557,   753.53283973,513474.94971529,   0.0435568112
17400,    0.174000,   99.851538,   -1.706357,512712.68008414,   762.26937939,513474.94946352,   0.0438085844
17500,    0.175000,   99.849827,   -1.716164,512703.89293801,   771.05627374,513474.94921175,   0.0440603580
17600,    0.176000,   99.848106,   -1.725970,512695.05543719,   779.89352279,513474.94895997,   0.0443121315
17700,    0.177000,   99.846375,   -1.735777,512686.16758167,   788.78112653,513474.94870820,   0.0445639049
17800,    0.178000,   99.844634,   -1.745584,512677.22937146,   797.71908497,513474.94845643,   0.0448156784
17900,    0.179000,   99.842884,   -1.755390,512668.24080655,   806.70739810,513474.94820465,   0.0450674518
18000,    0.180000,   99.841123,   -1.765197,512659.20188695,   815.74606593,513474.94795288,   0.0453192253
18100,    0.181000,   99.839353,   -1.775004,512650.11261265,   824.83508845,513474.94770111,   0.0455709987
18200,    0.182000,   99.837573,   -1.784810,512640.97298366,   833.97446567,513474.94744933,   0.0458227722
18300,    0.183000,   99.835784,   -1.794617,512631.78299997,   843.16419759,513474.94719756,   0.0460745457
18400,    0.184000,   99.833984,   -1.804424,512622.54266159,   852.40428420,513474.94694579,   0.0463263192
18500,    0.185000,   99.832175,   -1.814230,512613.25196851,   861.69472551,513474.94669401,   0.0465780926
18600,    0.186000,   99.830355,   -1.824037,512603.91092073,   871.03552151,513474.94644224,   0.0468298661
18700,    0.187000,   99.828526,   -1.833844,512594.51951826,   880.42667221,513474.94619047,   0.0470816396
18800,    0.188000,   99.826688,   -1.843650,512585.07776109,   889.86817760,513474.94593869,   0.0473334130
18900,    0.189000,   99.824839,   -1.853457,512575.58564923,   899.36003769,513474.94568692,   0.0475851865
19000,    0.190000,   99.822981,   -1.863264,512566.04318267,   908.90225247,513474.94543515,   0.0478369601
19100,    0.191000,   99.821112,   -1.873070,512556.45036142,   918.49482195,513474.94518337,   0.0480887335
19200,    0.192000,   99.819234,   -1.882877,512546.80718547,   928.13774612,513474.94493160,   0.0483405069
19300,    0.193000,   99.817347,   -1.892683,512537.11365483,   937.83102499,513474.94467983,   0.0485922804
19400,    0.194000,   99.815449,   -1.902490,512527.36976949,   947.57465856,513474.94442805,   0.0488440538
19500,    0.195000,   99.813542,   -1.912297,512517.57552946,   957.36864682,513474.94417628,   0.0490958273
19600,    0.196000,   99.811624,   -1.922103,512507.73093473,   967.21298978,513474.94392451,   0.0493476007
19700,    0.197000,   99.809697,   -1.931910,512497.83598530,   977.10768743,513474.94367273,   0.0495993743
19800,    0.198000,   99.807760,   -1.941717,512487.89068118,   987.05273978,513474.94342096,   0.0498511476
19900,    0.199000,   99.805814,   -1.951523,512477.89502237,   997.04814682,513474.94316918,   0.0501029211
20000,    0.200000,   99.803857,   -1.961330,512467.84900886,  1007.09390856,513474.94291741,   0.0503546947
20100,    0.201000,   99.801891,   -1.971137,512457.75264065,  1017.19002499,513474.94266564,   0.0506064681
20200,    0.202000,   99.799915,   -1.980943,512447.60591775,  1027.33649612,513474.94241386,   0.0508582416
20300,    0.203000,   99.797929,   -1.990750,512437.40884015,  1037.53332194,513474.94216209,   0.0511100151
20400,    0.204000,   99.795933,   -2.000557,512427.16140786,  1047.78050246,513474.94191032,   0.0513617886
20500,    0.205000,   99.793928,   -2.010363,512416.86362087,  1058.07803768,513474.94165854,   0.0516135619
20600,    0.206000,   99.791912,   -2.020170,512406.51547918,  1068.42592759,513474.94140677,   0.0518653354
20700,    0.207000,   99.789887,   -2.029977,512396.11698280,  1078.82417219,513474.94115500,   0.0521171089
20800,    0.208000,   99.787852,   -2.039783,512385.66813173,  1089.27277149,513474.94090322,   0.0523688823
20900,    0.209000,   99.785808,   -2.049590,512375.16892596,  1099.77172549,513474.94065145,   0.0526206558
21000,    0.210000,   99.783753,   -2.059397,512364.61936549,  1110.32103418,513474.94039968,   0.0528724294
21100,    0.211000,   99.781689,   -2.069203,512354.01945033,  1120.92069757,513474.94014790,   0.0531242027
21200,    0.212000,   99.779615,   -2.079010,512343.36918048,  1131.57071565,513474.93989613,   0.0533759762
21300,    0.213000,   99.777531,   -2.088816,512332.66855592,  1142.27108843,513474.93964436,   0.0536277497
21400,    0.214000,   99.775437,   -2.098623,512321.91757668,  1153.02181591,513474.93939258,   0.0538795232
21500,    0.215000,   99.773333,   -2.108430,512311.11624273,  1163.82289807,513474.93914081,   0.0541312966
21600,    0.216000,   99.771220,   -2.118236,512300.26455410,  1174.67433494,513474.93888904,   0.0543830700
21700,    0.217000,   99.769097,   -2.128043,512289.36251076,  1185.57612650,513474.93863726,   0.0546348436
21800,    0.218000,   99.766964,   -2.137850,512278.41011273,  1196.52827275,513474.93838549,   0.0548866171
21900,    0.219000,   99.764821,   -2.147656,512267.40736001,  1207.53077371,513474.93813372,   0.0551383905
22000,    0.220000,   99.762668,   -2.157463,512256.35425259,  1218.58362935,513474.93788194,   0.0553901640
22100,    0.221000,   99.760506,   -2.167270,512245.25079047,  1229.68683969,513474.93763017,   0.0556419374
22200,    0.222000,   99.758334,   -2.177076,512234.09697366,  1240.84040473,513474.93737839,   0.0558937109
22300,    0.223000,   99.756152,   -2.186883,512222.89280216,  1252.04432446,513474.93712662,   0.0561454844
22400,    0.224000,   99.753960,   -2.196690,512211.63827596,  1263.29859889,513474.93687485,   0.0563972580
22500,    0.225000,   99.751758,   -2.206496,512200.33339506,  1274.60322802,513474.93662307,   0.0566490312
22600,    0.226000,   99.749547,   -2.216303,512188.97815947,  1285.95821183,513474.93637130,   0.0569008047
22700,    0.227000,   99.747325,   -2.226110,512177.57256918,  1297.36355035,513474.93611953,   0.0571525782
22800,    0.228000,   99.745094,   -2.235916,512166.11662420,  1308.81924356,513474.93586775,   0.0574043517
22900,    0.229000,   99.742854,   -2.245723,512154.61032452,  1320.32529146,513474.93561598,   0.0576561251
23000,    0.230000,   99.740603,   -2.255530,512143.05367014,  1331.88169406,513474.93536421,   0.0579078986
23100,    0.231000,   99.738342,   -2.265336,512131.44666107,  1343.48845136,513474.93511243,   0.0581596721
23200,    0.232000,   99.736072,   -2.275143,512119.78929731,  1355.14556335,513474.93486066,   0.0584114455
23300,    0.233000,   99.733792,   -2.284949,512108.08157885,  1366.85303004,513474.93460889,   0.0586632190
23400,    0.234000,   99.731502,   -2.294756,512096.32350569,  1378.61085142,513474.93435711,   0.0589149926
23500,    0.235000,   99.729202,   -2.304563,512084.51507784,  1390.41902750,513474.93410534,   0.0591667659
23600,    0.236000,   99.726893,   -2.314369,512072.65629529,  1402.27755827,513474.93385357,   0.0594185393
23700,    0.237000,   99.724574,   -2.324176,512060.74715805,  1414.18644374,513474.93360179,   0.0596703129
23800,    0.238000,   99.722244,   -2.333983,512048.78766611,  1426.14568391,513474.93335002,   0.0599220864
23900,    0.239000,   99.719905,   -2.343789,512036.77781948,  1438.15527877,513474.93309825,   0.0601738598
24000,    0.240000,   99.717557,   -2.353596,512024.71761815,  1450.21522832,513474.93284647,   0.0604256333
24100,    0.241000,   99.715198,   -2.363403,512012.60706213,  1462.32553257,513474.93259470,   0.0606774068
24200,    0.242000,   99.712830,   -2.373209,512000.44615141,  1474.48619152,513474.93234293,   0.0609291801
24300,    0.243000,   99.710452,   -2.383016,511988.23488599,  1486.69720516,513474.93209115,   0.0611809536
24400,    0.244000,   99.708064,   -2.392823,511975.97326588,  1498.95857349,513474.93183938,   0.0614327271
24500,    0.245000,   99.705666,   -2.402629,511963.66129108,  1511.27029653,513474.93158761,   0.0616845006
24600,    0.246000,   99.703258,   -2.412436,511951.29896158,  1523.63237425,513474.93133583,   0.0619362740
24700,    0.247000,   99.700841,   -2.422243,511938.88627738,  1536.04480668,513474.93108406,   0.0621880475
24800,    0.248000,   99.698414,   -2.432049,511926.42323849,  1548.50759380,513474.93083228,   0.0624398210
24900,    0.249000,   99.695977,   -2.441856,511913.90984490,  1561.02073561,513474.93058051,   0.0626915944
25000,    0.250000,   99.693530,   -2.451663,511901.34609662,  1573.58423212,513474.93032874,   0.0629433679
25100,    0.251000,   99.691073,   -2.461469,511888.73199364,  1586.19808332,513474.93007696,   0.0631951414
25200,    0.252000,   99.688607,   -2.471276,511876.06753597,  1598.86228922,513474.92982519,   0.0634469148
25300,    0.253000,   99.686131,   -2.481082,511863.35272360,  1611.57684982,513474.92957342,   0.0636986882
25400,    0.254000,   99.683645,   -2.490889,511850.58755653,  1624.34176511,513474.92932164,   0.0639504617
25500,    0.255000,   99.681149,   -2.500696,511837.77203477,  1637.15703510,513474.92906987,   0.0642022353
25600,    0.256000,   99.678643,   -2.510502,511824.90615832,  1650.02265978,513474.92881810,   0.0644540086
25700,    0.257000,   99.676128,   -2.520309,511811.98992717,  1662.93863915,513474.92856632,   0.0647057821
25800,    0.258000,   99.673602,   -2.530116,511799.02334132,  1675.90497323,513474.92831455,   0.0649575557
25900,    0.259000,   99.671067,   -2.539922,511786.00640078,  1688.92166200,513474.92806278,   0.0652093290
26000,    0.260000,   99.668522,   -2.549729,511772.93910554,  1701.98870546,513474.92781100,   0.0654611025
26100,    0.261000,   99.665968,   -2.559536,511759.82145561,  1715.10610362,513474.92755923,   0.0657128760
26200,    0.262000,   99.663403,   -2.569342,511746.65345098,  1728.27385647,513474.92730746,   0.0659646495
26300,    0.263000,   99.660829,   -2.579149,511733.43509166,  1741.49196402,513474.92705568,   0.0662164228
26400,    0.264000,   99.658245,   -2.588956,511720.16637764,  1754.76042627,513474.92680391,   0.0664681964
26500,    0.265000,   99.655651,   -2.598762,511706.84730893,  1768.07924321,513474.92655214,   0.0667199699
26600,    0.266000,   99.653047,   -2.608569,511693.47788552,  1781.44841484,513474.92630036,   0.0669717432
26700,    0.267000,   99.650434,   -2.618376,511680.05810741,  1794.86794118,513474.92604859,   0.0672235167
26800,    0.268000,   99.647810,   -2.628182,511666.58797461,  1808.33782220,513474.92579682,   0.0674752903
26900,    0.269000,   99.645177,   -2.637989,511653.06748712,  1821.85805792,513474.92554504,   0.0677270637
27000,    0.270000,   99.642534,   -2.647796,511639.49664493,  1835.42864834,513474.92529327,   0.0679788371
27100,    0.271000,   99.639882,   -2.657602,511625.87544804,  1849.04959346,513474.92504150,   0.0682306107
27200,    0.272000,   99.637219,   -2.667409,511612.20389646,  1862.72089326,513474.92478972,   0.0684823841
27300,    0.273000,   99.634547,   -2.677215,511598.48199018,  1876.44254777,513474.92453795,   0.0687341576
27400,    0.274000,   99.631865,   -2.687022,511584.70972921,  1890.21455697,513474.92428617,   0.0689859309
27500,    0.275000,   99.629173,   -2.696829,511570.88711354,  1904.03692086,513474.92403440,   0.0692377046
27600,    0.276000,   99.626471,   -2.706635,511557.01414317,  1917.90963945,513474.92378263,   0.0694894779
27700,    0.277000,   99.623759,   -2.716442,511543.09081812,  1931.83271274,513474.92353085,   0.0697412514
27800,    0.278000,   99.621038,   -2.726249,511529.11713836,  1945.80614072,513474.92327908,   0.0699930249
27900,    0.279000,   99.618307,   -2.736055,511515.09310391,  1959.82992340,513474.92302731,   0.0702447983
28000,    0.280000,   99.615566,   -2.745862,511501.01871476,  1973.90406077,513474.92277553,   0.0704965717
28100,    0.281000,   99.612815,   -2.755669,511486.89397092,  1988.02855284,513474.92252376,   0.0707483452
28200,    0.282000,   99.610054,   -2.765475,511472.71887239,  2002.20339960,513474.92227199,   0.0710001188
28300,    0.283000,   99.607284,   -2.775282,511458.49341916,  2016.42860106,513474.92202021,   0.0712518921
28400,    0.284000,   99.604503,   -2.785089,511444.21761123,  2030.70415721,513474.92176844,   0.0715036656
28500,    0.285000,   99.601713,   -2.794895,511429.89144861,  2045.03006806,513474.92151667,   0.0717554392
28600,    0.286000,   99.598914,   -2.804702,511415.51493129,  2059.40633361,513474.92126489,   0.0720072126
28700,    0.287000,   99.596104,   -2.814509,511401.08805927,  2073.83295385,513474.92101312,   0.0722589860
28800,    0.288000,   99.593284,   -2.824315,511386.61083257,  2088.30992878,513474.92076135,   0.0725107594
28900,    0.289000,   99.590455,   -2.834122,511372.08325116,  2102.83725841,513474.92050957,   0.0727625329
29000,    0.290000,   99.587616,   -2.843929,511357.50531506,  2117.41494274,513474.92025780,   0.0730143064
29100,    0.291000,   99.584767,   -2.853735,511342.87702427,  2132.04298176,513474.92000603,   0.0732660798
29200,    0.292000,   99.581909,   -2.863542,511328.19837878,  2146.72137548,513474.91975425,   0.0735178533
29300,    0.293000,   99.579040,   -2.873348,511313.46937859,  2161.45012389,513474.91950248,   0.0737696267
29400,    0.294000,   99.576162,   -2.883155,511298.69002371,  2176.22922700,513474.91925071,   0.0740214002
29500,    0.295000,   99.573274,   -2.892962,511283.86031413,  2191.05868480,513474.91899893,   0.0742731738
29600,    0.296000,   99.570376,   -2.902768,511268.98024986,  2205.93849730,513474.91874716,   0.0745249471
29700,    0.297000,   99.567468,   -2.912575,511254.04983089,  2220.86866449,513474.91849539,   0.0747767206
29800,    0.298000,   99.564551,   -2.922382,511239.06905723,  2235.84918638,513474.91824361,   0.0750284940
29900,    0.299000,   99.561623,   -2.932188,511224.03792887,  2250.88006297,513474.91799184,   0.0752802676
30000,    0.300000,   99.558686,   -2.941995,511208.95644581,  2265.96129425,513474.91774006,   0.0755320410
30100,    0.301000,   99.555739,   -2.951802,511193.82460806,  2281.09288023,513474.91748829,   0.0757838145
30200,    0.302000,   99.552782,   -2.961608,511178.64241562,  2296.27482090,513474.91723652,   0.0760355879
30300,    0.303000,   99.549816,   -2.971415,511163.40986848,  2311.50711626,513474.91698474,   0.0762873613
30400,    0.304000,   99.546839,   -2.981222,511148.12696664,  2326.78976633,513474.91673297,   0.0765391348
30500,    0.305000,   99.543853,   -2.991028,511132.79371011,  2342.12277109,513474.91648120,   0.0767909084
30600,    0.306000,   99.540857,   -3.000835,511117.41009889,  2357.50613054,513474.91622942,   0.0770426818
30700,    0.307000,   99.537851,   -3.010642,511101.97613296,  2372.93984469,513474.91597765,   0.0772944551
30800,    0.308000,   99.534836,   -3.020448,511086.49181235,  2388.42391353,513474.91572588,   0.0775462287
30900,    0.309000,   99.531810,   -3.030255,511070.95713703,  2403.95833707,513474.91547410,   0.0777980022
31000,    0.310000,   99.528775,   -3.040062,511055.37210702,  2419.54311531,513474.91522233,   0.0780497756
31100,    0.311000,   99.525730,   -3.049868,511039.73672232,  2435.17824824,513474.91497056,   0.0783015490
31200,    0.312000,   99.522675,   -3.059675,511024.05098292,  2450.86373586,513474.91471878,   0.0785533225
31300,    0.313000,   99.519611,   -3.069481,511008.31488883,  2466.59957818,513474.91446701,   0.0788050960
31400,    0.314000,   99.516536,   -3.079288,510992.52844004,  2482.38577520,513474.91421524,   0.0790568694
31500,    0.315000,   99.513452,   -3.089095,510976.69163655,  2498.22232691,513474.91396346,   0.0793086429
31600,    0.316000,   99.510358,   -3.098901,510960.80447837,  2514.10923332,513474.91371169,   0.0795604163
31700,    0.317000,   99.507254,   -3.108708,510944.86696549,  2530.04649442,513474.91345992,   0.0798121898
31800,    0.318000,   99.504141,   -3.118515,510928.87909792,  2546.03411022,513474.91320814,   0.0800639633
31900,    0.319000,   99.501017,   -3.128321,510912.84087566,  2562.07208071,513474.91295637,   0.0803157369
32000,    0.320000,   99.497884,   -3.138128,510896.75229869,  2578.16040590,513474.91270460,   0.0805675102
32100,    0.321000,   99.494741,   -3.147935,510880.61336703,  2594.29908579,513474.91245282,   0.0808192836
32200,    0.322000,   99.491588,   -3.157741,510864.42408068,  2610.48812037,513474.91220105,   0.0810710571
32300,    0.323000,   99.488425,   -3.167548,510848.18443963,  2626.72750964,513474.91194928,   0.0813228307
32400,    0.324000,   99.485253,   -3.177355,510831.89444389,  2643.01725361,513474.91169750,   0.0815746041
32500,    0.325000,   99.482070,   -3.187161,510815.55409345,  2659.35735228,513474.91144573,   0.0818263775
32600,    0.326000,   99.478878,   -3.196968,510799.16338831,  2675.74780564,513474.91119395,   0.0820781511
32700,    0.327000,   99.475676,   -3.206775,510782.72232848,  2692.18861370,513474.91094218,   0.0823299244
32800,    0.328000,   99.472465,   -3.216581,510766.23091396,  2708.67977645,513474.91069041,   0.0825816979
32900,    0.329000,   99.469243,   -3.226388,510749.68914473,  2725.22129390,513474.91043863,   0.0828334714
33000,    0.330000,   99.466012,   -3.236195,510733.09702082,  2741.81316604,513474.91018686,   0.0830852448
33100,    0.331000,   99.462771,   -3.246001,510716.45454221,  2758.45539288,513474.90993509,   0.0833370182
33200,    0.332000,   99.459520,   -3.255808,510699.76170890,  2775.14797442,513474.90968331,   0.0835887918
33300,    0.333000,   99.456259,   -3.265614,510683.01852089,  2791.89091065,513474.90943154,   0.0838405653
33400,    0.334000,   99.452988,   -3.275421,510666.22497820,  2808.68420157,513474.90917977,   0.0840923386
33500,    0.335000,   99.449708,   -3.285228,510649.38108080,  2825.52784719,513474.90892799,   0.0843441121
33600,    0.336000,   99.446418,   -3.295034,510632.48682871,  2842.42184751,513474.90867622,   0.0845958857
33700,    0.337000,   99.443118,   -3.304841,510615.54222193,  2859.36620252,513474.90842445,   0.0848476590
33800,    0.338000,   99.439808,   -3.314648,510598.54726045,  2876.36091223,513474.90817267,   0.0850994324
33900,    0.339000,   99.436488,   -3.324454,510581.50194427,  2893.40597663,513474.90792090,   0.0853512060
34000,    0.340000,   99.433159,   -3.334261,510564.40627340,  2910.50139573,513474.90766913,   0.0856029794
34100,    0.341000,   99.429820,   -3.344068,510547.26024783,  2927.64716952,513474.90741735,   0.0858547528
34200,    0.342000,   99.426471,   -3.353874,510530.06386757,  2944.84329801,513474.90716558,   0.0861065263
34300,    0.343000,   99.423112,   -3.363681,510512.81713261,  2962.08978119,513474.90691381,   0.0863582998
34400,    0.344000,   99.419743,   -3.373488,510495.52004296,  2979.38661907,513474.90666203,   0.0866100732
34500,    0.345000,   99.416365,   -3.383294,510478.17259861,  2996.73381165,513474.90641026,   0.0868618467
34600,    0.346000,   99.412977,   -3.393101,510460.77479957,  3014.13135892,513474.90615849,   0.0871136202
34700,    0.347000,   99.409579,   -3.402908,510443.32664583,  3031.57926088,513474.90590671,   0.0873653936
34800,    0.348000,   99.406171,   -3.412714,510425.82813739,  3049.07751754,513474.90565494,   0.0876171670
34900,    0.349000,   99.402753,   -3.422521,510408.27927426,  3066.62612890,513474.90540317,   0.0878689405
35000,    0.350000,   99.399326,   -3.432328,510390.68005644,  3084.22509495,513474.90515139,   0.0881207141
35100,    0.351000,   99.395888,   -3.442134,510373.03048392,  3101.87441570,513474.90489962,   0.0883724874
35200,    0.352000,   99.392441,   -3.451941,510355.33055670,  3119.57409114,513474.90464784,   0.0886242609
35300,    0.353000,   99.388984,   -3.461747,510337.58027479,  3137.32412128,513474.90439607,   0.0888760344
35400,    0.354000,   99.385518,   -3.471554,510319.77963818,  3155.12450611,513474.90414430,   0.0891278078
35500,    0.355000,   99.382041,   -3.481361,510301.92864688,  3172.97524564,513474.90389252,   0.0893795813
35600,    0.356000,   99.378555,   -3.491167,510284.02730088,  3190.87633987,513474.90364075,   0.0896313547
35700,    0.357000,   99.375059,   -3.500974,510266.07560019,  3208.82778879,513474.90338898,   0.0898831282
35800,    0.358000,   99.371553,   -3.510781,510248.07354480,  3226.82959240,513474.90313720,   0.0901349016
35900,    0.359000,   99.368037,   -3.520587,510230.02113472,  3244.88175071,513474.90288543,   0.0903866751
36000,    0.360000,   99.364511,   -3.530394,510211.91836994,  3262.98426372,513474.90263366,   0.0906384487
36100,    0.361000,   99.360976,   -3.540201,510193.76525046,  3281.13713142,513474.90238188,   0.0908902219
36200,    0.362000,   99.357431,   -3.550007,510175.56177629,  3299.34035382,513474.90213011,   0.0911419955
36300,    0.363000,   99.353876,   -3.559814,510157.30794742,  3317.59393091,513474.90187834,   0.0913937690
36400,    0.364000,   99.350311,   -3.569621,510139.00376386,  3335.89786270,513474.90162656,   0.0916455424
36500,    0.365000,   99.346737,   -3.579427,510120.64922561,  3354.25214918,513474.90137479,   0.0918973158
36600,    0.366000,   99.343152,   -3.589234,510102.24433265,  3372.65679036,513474.90112302,   0.0921490894
36700,    0.367000,   99.339558,   -3.599041,510083.78908501,  3391.11178624,513474.90087124,   0.0924008627
36800,    0.368000,   99.335954,   -3.608847,510065.28348266,  3409.61713681,513474.90061947,   0.0926526362
36900,    0.369000,   99.332340,   -3.618654,510046.72752562,  3428.17284207,513474.90036770,   0.0929044097
37000,    0.370000,   99.328717,   -3.628461,510028.12121389,  3446.77890203,513474.90011592,   0.0931561833
37100,    0.371000,   99.325083,   -3.638267,510009.46454746,  3465.43531669,513474.89986415,   0.0934079566
37200,    0.372000,   99.321440,   -3.648074,509990.75752634,  3484.14208604,513474.89961238,   0.0936597300
37300,    0.373000,   99.317787,   -3.657880,509972.00015052,  3502.89921009,513474.89936060,   0.0939115036
37400,    0.374000,   99.314124,   -3.667687,509953.19242000,  3521.70668883,513474.89910883,   0.0941632769
37500,    0.375000,   99.310452,   -3.677494,509934.33433479,  3540.56452227,513474.89885706,   0.0944150503
37600,    0.376000,   99.306769,   -3.687300,509915.42589488,  3559.47271040,513474.89860528,   0.0946668239
37700,    0.377000,   99.303077,   -3.697107,509896.46710028,  3578.43125323,513474.89835351,   0.0949185974
37800,    0.378000,   99.299375,   -3.706914,509877.45795098,  3597.44015075,513474.89810174,   0.0951703707
37900,    0.379000,   99.295663,   -3.716720,509858.39844699,  3616.49940297,513474.89784996,   0.0954221443
38000,    0.380000,   99.291941,   -3.726527,509839.28858830,  3635.60900989,513474.89759819,   0.0956739177
38100,    0.381000,   99.288210,   -3.736334,509820.12837492,  3654.76897150,513474.89734641,   0.0959256912
38200,    0.382000,   99.284468,   -3.746140,509800.91780684,  3673.97928780,513474.89709464,   0.0961774646
38300,    0.383000,   99.280717,   -3.755947,509781.65688406,  3693.23995880,513474.89684287,   0.0964292381
38400,    0.384000,   99.276956,   -3.765754,509762.34560659,  3712.55098450,513474.89659109,   0.0966810116
38500,    0.385000,   99.273186,   -3.775560,509742.98397443,  3731.91236489,513474.89633932,   0.0969327849
38600,    0.386000,   99.269405,   -3.785367,509723.57198757,  3751.32409998,513474.89608755,   0.0971845584
38700,    0.387000,   99.265615,   -3.795174,509704.10964601,  3770.78618976,513474.89583577,   0.0974363319
38800,    0.388000,   99.261815,   -3.804980,509684.59694976,  3790.29863424,513474.89558400,   0.0976881054
38900,    0.389000,   99.258005,   -3.814787,509665.03389881,  3809.86143341,513474.89533223,   0.0979398788
39000,    0.390000,   99.254185,   -3.824594,509645.42049317,  3829.47458728,513474.89508045,   0.0981916523
39100,    0.391000,   99.250356,   -3.834400,509625.75673283,  3849.13809585,513474.89482868,   0.0984434257
39200,    0.392000,   99.246516,   -3.844207,509606.04261780,  3868.85195911,513474.89457691,   0.0986951992
39300,    0.393000,   99.242667,   -3.854013,509586.27814807,  3888.61617706,513474.89432513,   0.0989469726
39400,    0.394000,   99.238808,   -3.863820,509566.46332364,  3908.43074971,513474.89407336,   0.0991987461
39500,    0.395000,   99.234939,   -3.873627,509546.59814453,  3928.29567706,513474.89382159,   0.0994505195
39600,    0.396000,   99.231061,   -3.883433,509526.68261071,  3948.21095910,513474.89356981,   0.0997022929
39700,    0.397000,   99.227172,   -3.893240,509506.71672220,  3968.17659584,513474.89331804,   0.0999540665
39800,    0.398000,   99.223274,   -3.903047,509486.70047899,  3988.19258727,513474.89306627,   0.1002058398
39900,    0.399000,   99.219366,   -3.912853,509466.63388109,  4008.25893340,513474.89281449,   0.1004576133
40000,    0.400000,   99.215448,   -3.922660,509446.51692850,  4028.37563422,513474.89256272,   0.1007093868
40100,    0.401000,   99.211521,   -3.932467,509426.34962120,  4048.54268974,513474.89231095,   0.1009611603
40200,    0.402000,   99.207583,   -3.942273,509406.13195922,  4068.76009996,513474.89205917,   0.1012129337
40300,    0.403000,   99.203636,   -3.952080,509385.86394253,  4089.02786487,513474.89180740,   0.1014647072
40400,    0.404000,   99.199679,   -3.961887,509365.54557115,  4109.34598447,513474.89155563,   0.1017164807
40500,    0.405000,   99.195712,   -3.971693,509345.17684508,  4129.71445877,513474.89130385,   0.1019682541
40600,    0.406000,   99.191736,   -3.981500,509324.75776431,  4150.13328777,513474.89105208,   0.1022200275
40700,    0.407000,   99.187749,   -3.991307,509304.28832885,  4170.60247146,513474.89080030,   0.1024718010
40800,    0.408000,   99.183753,   -4.001113,509283.76853868,  4191.12200985,513474.89054853,   0.1027235745
40900,    0.409000,   99.179747,   -4.010920,509263.19839383,  4211.69190293,513474.89029676,   0.1029753480
41000,    0.410000,   99.175731,   -4.020727,509242.57789428,  4232.31215071,513474.89004498,   0.1032271215
41100,    0.411000,   99.171705,   -4.030533,509221.90704003,  4252.98275318,513474.88979321,   0.1034788951
41200,    0.412000,   99.167670,   -4.040340,509201.18583109,  4273.70371035,513474.88954144,   0.1037306686
41300,    0.413000,   99.163625,   -4.050146,509180.41426745,  4294.47502221,513474.88928966,   0.1039824421
41400,    0.414000,   99.159569,   -4.059953,509159.59234912,  4315.29668877,513474.88903789,   0.1042342159
41500,    0.415000,   99.155505,   -4.069760,509138.72007609,  4336.16871003,513474.88878612,   0.1044859893
41600,    0.416000,   99.151430,   -4.079566,509117.79744837,  4357.09108598,513474.88853434,   0.1047377628
41700,    0.417000,   99.147345,   -4.089373,509096.82446595,  4378.06381662,513474.88828257,   0.1049895365
41800,    0.418000,   99.143251,   -4.099180,509075.80112883,  4399.08690196,513474.88803080,   0.1052413099
41900,    0.419000,   99.139147,   -4.108986,509054.72743702,  4420.16034200,513474.88777902,   0.1054930834
42000,    0.420000,   99.135033,   -4.118793,509033.60339052,  4441.28413673,513474.88752725,   0.1057448569
42100,    0.421000,   99.130909,   -4.128600,509012.42898932,  4462.45828616,513474.88727548,   0.1059966307
42200,    0.422000,   99.126776,   -4.138406,508991.20423342,  4483.68279028,513474.88702370,   0.1062484041
42300,    0.423000,   99.122632,   -4.148213,508969.92912283,  4504.95764910,513474.88677193,   0.1065001776
42400,    0.424000,   99.118479,   -4.158020,508948.60365754,  4526.28286261,513474.88652015,   0.1067519513
42500,    0.425000,   99.114316,   -4.167826,508927.22783756,  4547.65843082,513474.88626838,   0.1070037248
42600,    0.426000,   99.110143,   -4.177633,508905.80166288,  4569.08435373,513474.88601661,   0.1072554983
42700,    0.427000,   99.105961,   -4.187440,508884.32513351,  4590.56063133,513474.88576483,   0.1075072719
42800,    0.428000,   99.101768,   -4.197246,508862.79824944,  4612.08726362,513474.88551306,   0.1077590455
42900,    0.429000,   99.097566,   -4.207053,508841.22101068,  4633.66425061,513474.88526129,   0.1080108190
43000,    0.430000,   99.093354,   -4.216860,508819.59341722,  4655.29159230,513474.88500951,   0.1082625925
43100,    0.431000,   99.089132,   -4.226666,508797.91546906,  4676.96928868,513474.88475774,   0.1085143661
43200,    0.432000,   99.084901,   -4.236473,508776.18716621,  4698.69733976,513474.88450597,   0.1087661396
43300,    0.433000,   99.080659,   -4.246279,508754.40850866,  4720.47574553,513474.88425419,   0.1090179132
43400,    0.434000,   99.076408,   -4.256086,508732.57949642,  4742.30450600,513474.88400242,   0.1092696867
43500,    0.435000,   99.072147,   -4.265893,508710.70012949,  4764.18362116,513474.88375065,   0.1095214603
43600,    0.436000,   99.067876,   -4.275699,508688.77040785,  4786.11309102,513474.88349887,   0.1097732338
43700,    0.437000,   99.063596,   -4.285506,508666.79033153,  4808.09291557,513474.88324710,   0.1100250074
43800,    0.438000,   99.059305,   -4.295313,508644.75990050,  4830.12309482,513474.88299532,   0.1102767810
43900,    0.439000,   99.055005,   -4.305119,508622.67911478,  4852.20362877,513474.88274355,   0.1105285545
44000,    0.440000,   99.050695,   -4.314926,508600.54797437,  4874.33451741,513474.88249178,   0.1107803280
44100,    0.441000,   99.046375,   -4.324733,508578.36647926,  4896.51576074,513474.88224000,   0.1110321017
44200,    0.442000,   99.042045,   -4.334539,508556.13462946,  4918.74735877,513474.88198823,   0.1112838752
44300,    0.443000,   99.037706,   -4.344346,508533.85242496,  4941.02931150,513474.88173646,   0.1115356487
44400,    0.444000,   99.033356,   -4.354153,508511.51986576,  4963.36161892,513474.88148468,   0.1117874223
44500,    0.445000,   99.028997,   -4.363959,508489.13695187,  4985.74428104,513474.88123291,   0.1120391958
44600,    0.446000,   99.024628,   -4.373766,508466.70368328,  5008.17729785,513474.88098114,   0.1122909694
44700,    0.447000,   99.020250,   -4.383573,508444.22006000,  5030.66066936,513474.88072936,   0.1125427429
44800,    0.448000,   99.015861,   -4.393379,508421.68608202,  5053.19439557,513474.88047759,   0.1127945165
44900,    0.449000,   99.011463,   -4.403186,508399.10174935,  5075.77847647,513474.88022582,   0.1130462900
45000,    0.450000,   99.007055,   -4.412993,508376.46706198,  5098.41291206,513474.87997404,   0.1132980636
45100,    0.451000,   99.002637,   -4.422799,508353.78201992,  5121.09770235,513474.87972227,   0.1135498371
45200,    0.452000,   98.998209,   -4.432606,508331.04662316,  5143.83284734,513474.87947049,   0.1138016108
45300,    0.453000,   98.993771,   -4.442412,508308.26087170,  5166.61834702,513474.87921872,   0.1140533842
45400,    0.454000,   98.989324,   -4.452219,508285.42476555,  5189.45420139,513474.87896695,   0.1143051579
45500,    0.455000,   98.984867,   -4.462026,508262.53830471,  5212.34041047,513474.87871517,   0.1145569315
45600,    0.456000,   98.980400,   -4.471832,508239.60148917,  5235.27697423,513474.87846340,   0.1148087049
45700,    0.457000,   98.975923,   -4.481639,508216.61431893,  5258.26389270,513474.87821163,   0.1150604784
45800,    0.458000,   98.971436,   -4.491446,508193.57679400,  5281.30116585,513474.87795985,   0.1153122521
45900,    0.459000,   98.966940,   -4.501252,508170.48891437,  5304.38879371,513474.87770808,   0.1155640256
46000,    0.460000,   98.962434,   -4.511059,508147.35068005,  5327.52677626,513474.87745631,   0.1158157990
46100,    0.461000,   98.957918,   -4.520866,508124.16209103,  5350.71511350,513474.87720453,   0.1160675727
46200,    0.462000,   98.953392,   -4.530672,508100.92314732,  5373.95380544,513474.87695276,   0.1163193463
46300,    0.463000,   98.948856,   -4.540479,508077.63384891,  5397.24285208,513474.87670099,   0.1165711198
46400,    0.464000,   98.944311,   -4.550286,508054.29419581,  5420.58225341,513474.87644921,   0.1168228933
46500,    0.465000,   98.939756,   -4.560092,508030.90418801,  5443.97200943,513474.87619744,   0.1170746670
46600,    0.466000,   98.935191,   -4.569899,508007.46382551,  5467.41212015,513474.87594567,   0.1173264405
46700,    0.467000,   98.930616,   -4.579706,507983.97310832,  5490.90258557,513474.87569389,   0.1175782140
46800,    0.468000,   98.926031,   -4.589512,507960.43203644,  5514.44340568,513474.87544212,   0.1178299877
46900,    0.469000,   98.921437,   -4.599319,507936.84060985,  5538.03458049,513474.87519034,   0.1180817612
47000,    0.470000,   98.916832,   -4.609126,507913.19882858,  5561.67610999,513474.87493857,   0.1183335347
47100,    0.471000,   98.912218,   -4.618932,507889.50669260,  5585.36799419,513474.87468680,   0.1185853083
47200,    0.472000,   98.907594,   -4.628739,507865.76420194,  5609.11023309,513474.87443502,   0.1188370819
47300,    0.473000,   98.902961,   -4.638545,507841.97135657,  5632.90282668,513474.87418325,   0.1190888553
47400,    0.474000,   98.898317,   -4.648352,507818.12815652,  5656.74577496,513474.87393148,   0.1193406290
47500,    0.475000,   98.893664,   -4.658159,507794.23460176,  5680.63907794,513474.87367970,   0.1195924025
47600,    0.476000,   98.889001,   -4.667965,507770.29069231,  5704.58273562,513474.87342793,   0.1198441760
47700,    0.477000,   98.884328,   -4.677772,507746.29642817,  5728.57674799,513474.87317616,   0.1200959496
47800,    0.478000,   98.879645,   -4.687579,507722.25180933,  5752.62111506,513474.87292438,   0.1203477232
47900,    0.479000,   98.874953,   -4.697385,507698.15683579,  5776.71583682,513474.87267261,   0.1205994969
48000,    0.480000,   98.870250,   -4.707192,507674.01150756,  5800.86091327,513474.87242084,   0.1208512703
48100,    0.481000,   98.865538,   -4.716999,507649.81582463,  5825.05634443,513474.87216906,   0.1211030439
48200,    0.482000,   98.860816,   -4.726805,507625.56978701,  5849.30213028,513474.87191729,   0.1213548175
48300,    0.483000,   98.856085,   -4.736612,507601.27339469,  5873.59827082,513474.87166551,   0.1216065910
48400,    0.484000,   98.851343,   -4.746419,507576.92664768,  5897.94476606,513474.87141374,   0.1218583646
48500,    0.485000,   98.846592,   -4.756225,507552.52954597,  5922.34161599,513474.87116197,   0.1221101381
48600,    0.486000,   98.841830,   -4.766032,507528.08208957,  5946.78882062,513474.87091019,   0.1223619117
48700,    0.487000,   98.837059,   -4.775839,507503.58427847,  5971.28637995,513474.87065842,   0.1226136852
48800,    0.488000,   98.832279,   -4.785645,507479.03611268,  5995.83429397,513474.87040665,   0.1228654588
48900,    0.489000,   98.827488,   -4.795452,507454.43759219,  6020.43256269,513474.87015487,   0.1231172324
49000,    0.490000,   98.822688,   -4.805259,507429.78871700,  6045.08118610,513474.86990310,   0.1233690059
49100,    0.491000,   98.817877,   -4.815065,507405.08948712,  6069.78016421,513474.86965133,   0.1236207794
49200,    0.492000,   98.813057,   -4.824872,507380.33990254,  6094.52949701,513474.86939955,   0.1238725531
49300,    0.493000,   98.808228,   -4.834678,507355.53996327,  6119.32918451,513474.86914778,   0.1241243266
49400,    0.494000,   98.803388,   -4.844485,507330.68966931,  6144.17922670,513474.86889601,   0.1243761001
49500,    0.495000,   98.798539,   -4.854292,507305.78902064,  6169.07962359,513474.86864423,   0.1246278738
49600,    0.496000,   98.793679,   -4.864098,507280.83801729,  6194.03037517,513474.86839246,   0.1248796473
49700,    0.497000,   98.788810,   -4.873905,507255.83665923,  6219.03148145,513474.86814068,   0.1251314208
49800,    0.498000,   98.783931,   -4.883712,507230.78494648,  6244.08294243,513474.86788891,   0.1253831944
49900,    0.499000,   98.779043,   -4.893518,507205.68287904,  6269.18475810,513474.86763714,   0.1256349680
50000,    0.500000,   98.774144,   -4.903325,507180.53045690,  6294.33692846,513474.86738536,   0.1258867416
50100,    0.501000,   98.769236,   -4.913132,507155.32768006,  6319.53945353,513474.86713359,   0.1261385151
50200,    0.502000,   98.764318,   -4.922938,507130.07454853,  6344.79233328,513474.86688182,   0.1263902887
50300,    0.503000,   98.759390,   -4.932745,507104.77106231,  6370.09556774,513474.86663004,   0.1266420622
50400,    0.504000,   98.754452,   -4.942552,507079.41722139,  6395.44915688,513474.86637827,   0.1268938357
50500,    0.505000,   98.749505,   -4.952358,507054.01302577,  6420.85310073,513474.86612650,   0.1271456094
50600,    0.506000,   98.744547,   -4.962165,507028.55847546,  6446.30739927,513474.86587472,   0.1273973830
50700,    0.507000,   98.739580,   -4.971972,507003.05357045,  6471.81205250,513474.86562295,   0.1276491565
50800,    0.508000,   98.734603,   -4.981778,506977.49831075,  6497.36706043,513474.86537118,   0.1279009301
50900,    0.509000,   98.729617,   -4.991585,506951.89269635,  6522.97242305,513474.86511940,   0.1281527037
51000,    0.510000,   98.724620,   -5.001391,506926.23672725,  6548.62814037,513474.86486763,   0.1284044773
51100,    0.511000,   98.719614,   -5.011198,506900.53040347,  6574.33421239,513474.86461586,   0.1286562507
51200,    0.512000,   98.714598,   -5.021005,506874.77372498,  6600.09063910,513474.86436408,   0.1289080243
51300,    0.513000,   98.709572,   -5.030811,506848.96669180,  6625.89742051,513474.86411231,   0.1291597979
51400,    0.514000,   98.704536,   -5.040618,506823.10930392,  6651.75455661,513474.86386053,   0.1294115714
51500,    0.515000,   98.699490,   -5.050425,506797.20156135,  6677.66204741,513474.86360876,   0.1296633450
51600,    0.516000,   98.694435,   -5.060231,506771.24346409,  6703.61989290,513474.86335699,   0.1299151186
51700,    0.517000,   98.689370,   -5.070038,506745.23501213,  6729.62809309,513474.86310521,   0.1301668921
51800,    0.518000,   98.684295,   -5.079845,506719.17620547,  6755.68664797,513474.86285344,   0.1304186656
51900,    0.519000,   98.679210,   -5.089651,506693.06704412,  6781.79555755,513474.86260167,   0.1306704393
52000,    0.520000,   98.674115,   -5.099458,506666.90752807,  6807.95482183,513474.86234989,   0.1309222128
52100,    0.521000,   98.669011,   -5.109265,506640.69765732,  6834.16444080,513474.86209812,   0.1311739864
52200,    0.522000,   98.663897,   -5.119071,506614.43743188,  6860.42441446,513474.86184635,   0.1314257600
52300,    0.523000,   98.658773,   -5.128878,506588.12685175,  6886.73474282,513474.86159457,   0.1316775337
52400,    0.524000,   98.653639,   -5.138685,506561.76591692,  6913.09542588,513474.86134280,   0.1319293071
52500,    0.525000,   98.648495,   -5.148491,506535.35462739,  6939.50646363,513474.86109103,   0.1321810807
52600,    0.526000,   98.643342,   -5.158298,506508.89298317,  6965.96785608,513474.86083925,   0.1324328543
52700,    0.527000,   98.638179,   -5.168105,506482.38098426,  6992.47960322,513474.86058748,   0.1326846278
52800,    0.528000,   98.633006,   -5.177911,506455.81863065,  7019.04170506,513474.86033570,   0.1329364014
52900,    0.529000,   98.627823,   -5.187718,506429.20592234,  7045.65416159,513474.86008393,   0.1331881750
53000,    0.530000,   98.622630,   -5.197524,506402.54285934,  7072.31697282,513474.85983216,   0.1334399485
53100,    0.531000,   98.617428,   -5.207331,506375.82944164,  7099.03013874,513474.85958038,   0.1336917221
53200,    0.532000,   98.612215,   -5.217138,506349.06566925,  7125.79365936,513474.85932861,   0.1339434957
53300,    0.533000,   98.606993,   -5.226944,506322.25154216,  7152.60753468,513474.85907684,   0.1341952693
53400,    0.534000,   98.601761,   -5.236751,506295.38706037,  7179.47176469,513474.85882506,   0.1344470428
53500,    0.535000,   98.596520,   -5.246558,506268.47222389,  7206.38634940,513474.85857329,   0.1346988163
53600,    0.536000,   98.591268,   -5.256364,506241.50703272,  7233.35128880,513474.85832152,   0.1349505900
53700,    0.537000,   98.586007,   -5.266171,506214.49148685,  7260.36658289,513474.85806974,   0.1352023635
53800,    0.538000,   98.580736,   -5.275978,506187.42558628,  7287.43223169,513474.85781797,   0.1354541370
53900,    0.539000,   98.575455,   -5.285784,506160.30933102,  7314.54823517,513474.85756620,   0.1357059106
54000,    0.540000,   98.570164,   -5.295591,506133.14272106,  7341.71459336,513474.85731442,   0.1359576843
54100,    0.541000,   98.564863,   -5.305398,506105.92575641,  7368.93130624,513474.85706265,   0.1362094578
54200,    0.542000,   98.559553,   -5.315204,506078.65843706,  7396.19837381,513474.85681087,   0.1364612313
54300,    0.543000,   98.554233,   -5.325011,506051.34076302,  7423.51579608,513474.85655910,   0.1367130050
54400,    0.544000,   98.548903,   -5.334818,506023.97273428,  7450.88357304,513474.85630733,   0.1369647785
54500,    0.545000,   98.543563,   -5.344624,505996.55435085,  7478.30170470,513474.85605555,   0.1372165520
54600,    0.546000,   98.538214,   -5.354431,505969.08561272,  7505.77019106,513474.85580378,   0.1374683257
54700,    0.547000,   98.532854,   -5.364238,505941.56651989,  7533.28903211,513474.85555201,   0.1377200992
54800,    0.548000,   98.527485,   -5.374044,505913.99707237,  7560.85822786,513474.85530023,   0.1379718728
54900,    0.549000,   98.522106,   -5.383851,505886.37727016,  7588.47777830,513474.85504846,   0.1382236464
55000,    0.550000,   98.516717,   -5.393657,505858.70711325,  7616.14768344,513474.85479669,   0.1384754200
55100,    0.551000,   98.511319,   -5.403464,505830.98660164,  7643.86794327,513474.85454491,   0.1387271935
55200,    0.552000,   98.505910,   -5.413271,505803.21573534,  7671.63855780,513474.85429314,   0.1389789671
55300,    0.553000,   98.500492,   -5.423077,505775.39451434,  7699.45952702,513474.85404137,   0.1392307407
55400,    0.554000,   98.495064,   -5.432884,505747.52293865,  7727.33085094,513474.85378959,   0.1394825143
55500,    0.555000,   98.489626,   -5.442691,505719.60100826,  7755.25252956,513474.85353782,   0.1397342878
55600,    0.556000,   98.484178,   -5.452497,505691.62872318,  7783.22456287,513474.85328604,   0.1399860614
55700,    0.557000,   98.478721,   -5.462304,505663.60608340,  7811.24695087,513474.85303427,   0.1402378349
55800,    0.558000,   98.473254,   -5.472111,505635.53308892,  7839.31969357,513474.85278250,   0.1404896085
55900,    0.559000,   98.467777,   -5.481917,505607.40973975,  7867.44279097,513474.85253072,   0.1407413821
56000,    0.560000,   98.462290,   -5.491724,505579.23603589,  7895.61624306,513474.85227895,   0.1409931558
56100,    0.561000,   98.456793,   -5.501531,505551.01197733,  7923.84004985,513474.85202718,   0.1412449292
56200,    0.562000,   98.451287,   -5.511337,505522.73756407,  7952.11421133,513474.85177540,   0.1414967028
56300,    0.563000,   98.445770,   -5.521144,505494.41279612,  7980.43872751,513474.85152363,   0.1417484765
56400,    0.564000,   98.440244,   -5.530951,505466.03767347,  8008.81359838,513474.85127186,   0.1420002499
56500,    0.565000,   98.434708,   -5.540757,505437.61219613,  8037.23882395,513474.85102008,   0.1422520236
56600,    0.566000,   98.429163,   -5.550564,505409.13636409,  8065.71440421,513474.85076831,   0.1425037971
56700,    0.567000,   98.423607,   -5.560371,505380.61017736,  8094.24033917,513474.85051654,   0.1427555707
56800,    0.568000,   98.418042,   -5.570177,505352.03363593,  8122.81662883,513474.85026476,   0.1430073443
56900,    0.569000,   98.412467,   -5.579984,505323.40673981,  8151.44327318,513474.85001299,   0.1432591178
57000,    0.570000,   98.406882,   -5.589790,505294.72948899,  8180.12027223,513474.84976121,   0.1435108915
57100,    0.571000,   98.401287,   -5.599597,505266.00188347,  8208.84762597,513474.84950944,   0.1437626650
57200,    0.572000,   98.395682,   -5.609404,505237.22392326,  8237.62533440,513474.84925767,   0.1440144386
57300,    0.573000,   98.390068,   -5.619210,505208.39560836,  8266.45339754,513474.84900589,   0.1442662121
57400,    0.574000,   98.384444,   -5.629017,505179.51693876,  8295.33181536,513474.84875412,   0.1445179858
57500,    0.575000,   98.378810,   -5.638824,505150.58791446,  8324.26058789,513474.84850235,   0.1447697593
57600,    0.576000,   98.373166,   -5.648630,505121.60853547,  8353.23971511,513474.84825057,   0.1450215329
57700,    0.577000,   98.367513,   -5.658437,505092.57880178,  8382.26919702,513474.84799880,   0.1452733066
57800,    0.578000,   98.361849,   -5.668244,505063.49871340,  8411.34903363,513474.84774703,   0.1455250800
57900,    0.579000,   98.356176,   -5.678050,505034.36827032,  8440.47922493,513474.84749525,   0.1457768537
58000,    0.580000,   98.350493,   -5.687857,505005.18747254,  8469.65977093,513474.84724348,   0.1460286272
58100,    0.581000,   98.344800,   -5.697664,504975.95632007,  8498.89067163,513474.84699170,   0.1462804008
58200,    0.582000,   98.339098,   -5.707470,504946.67481291,  8528.17192702,513474.84673993,   0.1465321743
58300,    0.583000,   98.333385,   -5.717277,504917.34295105,  8557.50353711,513474.84648816,   0.1467839479
58400,    0.584000,   98.327663,   -5.727084,504887.96073449,  8586.88550189,513474.84623638,   0.1470357216
58500,    0.585000,   98.321931,   -5.736890,504858.52816324,  8616.31782137,513474.84598461,   0.1472874951
58600,    0.586000,   98.316189,   -5.746697,504829.04523730,  8645.80049554,513474.84573284,   0.1475392687
58700,    0.587000,   98.310437,   -5.756504,504799.51195666,  8675.33352441,513474.84548106,   0.1477910423
58800,    0.588000,   98.304676,   -5.766310,504769.92832132,  8704.91690797,513474.84522929,   0.1480428158
58900,    0.589000,   98.298905,   -5.776117,504740.29433129,  8734.55064623,513474.84497752,   0.1482945894
59000,    0.590000,   98.293124,   -5.785923,504710.60998656,  8764.23473919,513474.84472574,   0.1485463631
59100,    0.591000,   98.287333,   -5.795730,504680.87528713,  8793.96918684,513474.84447397,   0.1487981366
59200,    0.592000,   98.281532,   -5.805537,504651.09023302,  8823.75398918,513474.84422220,   0.1490499101
59300,    0.593000,   98.275722,   -5.815343,504621.25482420,  8853.58914622,513474.84397042,   0.1493016837
59400,    0.594000,   98.269901,   -5.825150,504591.36906069,  8883.47465796,513474.84371865,   0.1495534574
59500,    0.595000,   98.264071,   -5.834957,504561.43294249,  8913.41052439,513474.84346687,   0.1498052308
59600,    0.596000,   98.258231,   -5.844763,504531.44646958,  8943.39674552,513474.84321510,   0.1500570044
59700,    0.597000,   98.252382,   -5.854570,504501.40964199,  8973.43332134,513474.84296333,   0.1503087781
59800,    0.598000,   98.246522,   -5.864377,504471.32245970,  9003.52025186,513474.84271155,   0.1505605517
59900,    0.599000,   98.240653,   -5.874183,504441.18492271,  9033.65753707,513474.84245978,   0.1508123252
60000,    0.600000,   98.234774,   -5.883990,504410.99703103,  9063.84517698,513474.84220801,   0.1510640989
60100,    0.601000,   98.228885,   -5.893797,504380.75878465,  9094.08317158,513474.84195623,   0.1513158725
60200,    0.602000,   98.222986,   -5.903603,504350.47018358,  9124.37152088,513474.84170446,   0.1515676459
60300,    0.603000,   98.217077,   -5.913410,504320.13122781,  9154.71022488,513474.84145269,   0.1518194195
60400,    0.604000,   98.211159,   -5.923217,504289.74191734,  9185.09928357,513474.84120091,   0.1520711932
60500,    0.605000,   98.205231,   -5.933023,504259.30225218,  9215.53869695,513474.84094914,   0.1523229667
60600,    0.606000,   98.199293,   -5.942830,504228.81223233,  9246.02846504,513474.84069737,   0.1525747403
60700,    0.607000,   98.193345,   -5.952637,504198.27185778,  9276.56858781,513474.84044559,   0.1528265139
60800,    0.608000,   98.187387,   -5.962443,504167.68112853,  9307.15906528,513474.84019382,   0.1530782874
60900,    0.609000,   98.181420,   -5.972250,504137.04004459,  9337.79989745,513474.83994204,   0.1533300609
61000,    0.610000,   98.175443,   -5.982056,504106.34860596,  9368.49108432,513474.83969027,   0.1535818346
61100,    0.611000,   98.169456,   -5.991863,504075.60681262,  9399.23262587,513474.83943850,   0.1538336083
61200,    0.612000,   98.163459,   -6.001670,504044.81466460,  9430.02452213,513474.83918672,   0.1540853818
61300,    0.613000,   98.157452,   -6.011476,504013.97216187,  9460.86677308,513474.83893495,   0.1543371553
61400,    0.614000,   98.151436,   -6.021283,503983.07930445,  9491.75937872,513474.83868318,   0.1545889291
61500,    0.615000,   98.145410,   -6.031090,503952.13609234,  9522.70233906,513474.83843140,   0.1548407025
61600,    0.616000,   98.139374,   -6.040896,503921.14252553,  9553.69565410,513474.83817963,   0.1550924761
61700,    0.617000,   98.133328,   -6.050703,503890.09860403,  9584.73932383,513474.83792786,   0.1553442497
61800,    0.618000,   98.127272,   -6.060510,503859.00432783,  9615.83334826,513474.83767608,   0.1555960234
61900,    0.619000,   98.121207,   -6.070316,503827.85969693,  9646.97772738,513474.83742431,   0.1558477968
62000,    0.620000,   98.115131,   -6.080123,503796.66471134,  9678.17246119,513474.83717254,   0.1560995704
62100,    0.621000,   98.109046,   -6.089930,503765.41937105,  9709.41754971,513474.83692076,   0.1563513441
62200,    0.622000,   98.102952,   -6.099736,503734.12367607,  9740.71299292,513474.83666899,   0.1566031175
62300,    0.623000,   98.096847,   -6.109543,503702.77762640,  9772.05879082,513474.83641721,   0.1568548912
62400,    0.624000,   98.090732,   -6.119350,503671.38122202,  9803.45494342,513474.83616544,   0.1571066648
62500,    0.625000,   98.084608,   -6.129156,503639.93446295,  9834.90145071,513474.83591367,   0.1573584385
62600,    0.626000,   98.078474,   -6.138963,503608.43734919,  9866.39831270,513474.83566189,   0.1576102119
62700,    0.627000,   98.072330,   -6.148770,503576.88988073,  9897.94552939,513474.83541012,   0.1578619856
62800,    0.628000,   98.066176,   -6.158576,503545.29205758,  9929.54310077,513474.83515835,   0.1581137593
62900,    0.629000,   98.060013,   -6.168383,503513.64387973,  9961.19102684,513474.83490657,   0.1583655327
63000,    0.630000,   98.053839,   -6.178189,503481.94534718,  9992.88930762,513474.83465480,   0.1586173063
63100,    0.631000,   98.047656,   -6.187996,503450.19645994, 10024.63794308,513474.83440303,   0.1588690800
63200,    0.632000,   98.041463,   -6.197803,503418.39721801, 10056.43693325,513474.83415125,   0.1591208536
63300,    0.633000,   98.035261,   -6.207609,503386.54762137, 10088.28627810,513474.83389948,   0.1593726270
63400,    0.634000,   98.029048,   -6.217416,503354.64767005, 10120.18597766,513474.83364771,   0.1596244007
63500,    0.635000,   98.022826,   -6.227223,503322.69736403, 10152.13603191,513474.83339593,   0.1598761743
63600,    0.636000,   98.016593,   -6.237029,503290.69670331, 10184.13644085,513474.83314416,   0.1601279479
63700,    0.637000,   98.010351,   -6.246836,503258.64568789, 10216.18720449,513474.83289238,   0.1603797214
63800,    0.638000,   98.004100,   -6.256643,503226.54431779, 10248.28832282,513474.83264061,   0.1606314951
63900,    0.639000,   97.997838,   -6.266449,503194.39259298, 10280.43979586,513474.83238884,   0.1608832686
64000,    0.640000,   97.991567,   -6.276256,503162.19051348, 10312.64162358,513474.83213706,   0.1611350422
64100,    0.641000,   97.985285,   -6.286063,503129.93807929, 10344.89380600,513474.83188529,   0.1613868158
64200,    0.642000,   97.978994,   -6.295869,503097.63529040, 10377.19634312,513474.83163352,   0.1616385894
64300,    0.643000,   97.972694,   -6.305676,503065.28214681, 10409.54923493,513474.83138174,   0.1618903629
64400,    0.644000,   97.966383,   -6.315483,503032.87864853, 10441.95248144,513474.83112997,   0.1621421365
64500,    0.645000,   97.960063,   -6.325289,503000.42479555, 10474.40608264,513474.83087820,   0.1623939102
64600,    0.646000,   97.953732,   -6.335096,502967.92058788, 10506.91003854,513474.83062642,   0.1626456837
64700,    0.647000,   97.947392,   -6.344903,502935.36602551, 10539.46434913,513474.83037465,   0.1628974574
64800,    0.648000,   97.941042,   -6.354709,502902.76110845, 10572.06901442,513474.83012287,   0.1631492310
64900,    0.649000,   97.934683,   -6.364516,502870.10583669, 10604.72403441,513474.82987110,   0.1634010045
65000,    0.650000,   97.928313,   -6.374322,502837.40021024, 10637.42940909,513474.82961933,   0.1636527781
65100,    0.651000,   97.921934,   -6.384129,502804.64422909, 10670.18513846,513474.82936755,   0.1639045517
65200,    0.652000,   97.915545,   -6.393936,502771.83789325, 10702.99122254,513474.82911578,   0.1641563255
65300,    0.653000,   97.909146,   -6.403742,502738.98120271, 10735.84766130,513474.82886401,   0.1644080988
65400,    0.654000,   97.902737,   -6.413549,502706.07415747, 10768.75445476,513474.82861223,   0.1646598725
65500,    0.655000,   97.896319,   -6.423356,502673.11675754, 10801.71160292,513474.82836046,   0.1649116462
65600,    0.656000,   97.889891,   -6.433162,502640.10900291, 10834.71910577,513474.82810869,   0.1651634196
65700,    0.657000,   97.883452,   -6.442969,502607.05089359, 10867.77696332,513474.82785691,   0.1654151932
65800,    0.658000,   97.877005,   -6.452776,502573.94242957, 10900.88517557,513474.82760514,   0.1656669669
65900,    0.659000,   97.870547,   -6.462582,502540.78361086, 10934.04374250,513474.82735337,   0.1659187404
66000,    0.660000,   97.864079,   -6.472389,502507.57443745, 10967.25266414,513474.82710159,   0.1661705140
66100,    0.661000,   97.857602,   -6.482196,502474.31490935, 11000.51194047,513474.82684982,   0.1664222876
66200,    0.662000,   97.851115,   -6.492002,502441.00502655, 11033.82157149,513474.82659804,   0.1666740612
66300,    0.663000,   97.844618,   -6.501809,502407.64478906, 11067.18155721,513474.82634627,   0.1669258348
66400,    0.664000,   97.838111,   -6.511616,502374.23419687, 11100.59189763,513474.82609450,   0.1671776084
66500,    0.665000,   97.831594,   -6.521422,502340.77324998, 11134.05259274,513474.82584272,   0.1674293821
66600,    0.666000,   97.825068,   -6.531229,502307.26194840, 11167.56364255,513474.82559095,   0.1676811556
66700,    0.667000,   97.818532,   -6.541036,502273.70029212, 11201.12504705,513474.82533918,   0.1679329291
66800,    0.668000,   97.811986,   -6.550842,502240.08828115, 11234.73680625,513474.82508740,   0.1681847028
66900,    0.669000,   97.805430,   -6.560649,502206.42591549, 11268.39892014,513474.82483563,   0.1684364763
67000,    0.670000,   97.798865,   -6.570455,502172.71319512, 11302.11138873,513474.82458386,   0.1686882499
67100,    0.671000,   97.792289,   -6.580262,502138.95012007, 11335.87421202,513474.82433208,   0.1689400236
67200,    0.672000,   97.785704,   -6.590069,502105.13669031, 11369.68739000,513474.82408031,   0.1691917972
67300,    0.673000,   97.779109,   -6.599875,502071.27290586, 11403.55092267,513474.82382854,   0.1694435707
67400,    0.674000,   97.772504,   -6.609682,502037.35876672, 11437.46481004,513474.82357676,   0.1696953443
67500,    0.675000,   97.765889,   -6.619489,502003.39427288, 11471.42905211,513474.82332499,   0.1699471179
67600,    0.676000,   97.759265,   -6.629295,501969.37942435, 11505.44364887,513474.82307321,   0.1701988916
67700,    0.677000,   97.752631,   -6.639102,501935.31422112, 11539.50860032,513474.82282144,   0.1704506651
67800,    0.678000,   97.745987,   -6.648909,501901.19866319, 11573.62390648,513474.82256967,   0.1707024387
67900,    0.679000,   97.739333,   -6.658715,501867.03275057, 11607.78956732,513474.82231789,   0.1709542124
68000,    0.680000,   97.732669,   -6.668522,501832.81648325, 11642.00558287,513474.82206612,   0.1712059859
68100,    0.681000,   97.725996,   -6.678329,501798.54986124, 11676.27195311,513474.82181435,   0.1714577595
68200,    0.682000,   97.719312,   -6.688135,501764.23288453, 11710.58867804,513474.82156257,   0.1717095331
68300,    0.683000,   97.712619,   -6.697942,501729.86555313, 11744.95575767,513474.82131080,   0.1719613067
68400,    0.684000,   97.705916,   -6.707749,501695.44786703, 11779.37319199,513474.82105903,   0.1722130802
68500,    0.685000,   97.699204,   -6.717555,501660.97982624, 11813.84098101,513474.82080725,   0.1724648539
68600,    0.686000,   97.692481,   -6.727362,501626.46143075, 11848.35912473,513474.82055548,   0.1727166275
68700,    0.687000,   97.685749,   -6.737169,501591.89268056, 11882.92762314,513474.82030370,   0.1729684010
68800,    0.688000,   97.679007,   -6.746975,501557.27357568, 11917.54647625,513474.82005193,   0.1732201747
68900,    0.689000,   97.672255,   -6.756782,501522.60411611, 11952.21568405,513474.81980016,   0.1734719484
69000,    0.690000,   97.665493,   -6.766588,501487.88430184, 11986.93524655,513474.81954838,   0.1737237219
69100,    0.691000,   97.658722,   -6.776395,501453.11413287, 12021.70516374,513474.81929661,   0.1739754954
69200,    0.692000,   97.651940,   -6.786202,501418.29360921, 12056.52543563,513474.81904484,   0.1742272692
69300,    0.693000,   97.645149,   -6.796008,501383.42273085, 12091.39606221,513474.81879306,   0.1744790426
69400,    0.694000,   97.638348,   -6.805815,501348.50149780, 12126.31704349,513474.81854129,   0.1747308163
69500,    0.695000,   97.631537,   -6.815622,501313.52991005, 12161.28837946,513474.81828952,   0.1749825898
69600,    0.696000,   97.624717,   -6.825428,501278.50796761, 12196.31007013,513474.81803774,   0.1752343635
69700,    0.697000,   97.617886,   -6.835235,501243.43567047, 12231.38211550,513474.81778597,   0.1754861370
69800,    0.698000,   97.611046,   -6.845042,501208.31301864, 12266.50451556,513474.81753420,   0.1757379107
69900,    0.699000,   97.604196,   -6.854848,501173.14001211, 12301.67727032,513474.81728242,   0.1759896844
70000,    0.700000,   97.597336,   -6.864655,501137.91665088, 12336.90037977,513474.81703065,   0.1762414579
70100,    0.701000,   97.590467,   -6.874462,501102.64293496, 12372.17384391,513474.81677887,   0.1764932314
70200,    0.702000,   97.583587,   -6.884268,501067.31886434, 12407.49766276,513474.81652710,   0.1767450051
70300,    0.703000,   97.576698,   -6.894075,501031.94443903, 12442.87183629,513474.81627533,   0.1769967787
70400,    0.704000,   97.569799,   -6.903882,500996.51965903, 12478.29636453,513474.81602355,   0.1772485522
70500,    0.705000,   97.562890,   -6.913688,500961.04452432, 12513.77124746,513474.81577178,   0.1775003260
70600,    0.706000,   97.555972,   -6.923495,500925.51903493, 12549.29648508,513474.81552001,   0.1777520995
70700,    0.707000,   97.549043,   -6.933302,500889.94319083, 12584.87207740,513474.81526823,   0.1780038731
70800,    0.708000,   97.542105,   -6.943108,500854.31699204, 12620.49802441,513474.81501646,   0.1782556467
70900,    0.709000,   97.535157,   -6.952915,500818.64043856, 12656.17432612,513474.81476469,   0.1785074203
71000,    0.710000,   97.528199,   -6.962721,500782.91353038, 12691.90098253,513474.81451291,   0.1787591939
71100,    0.711000,   97.521231,   -6.972528,500747.13626751, 12727.67799363,513474.81426114,   0.1790109674
71200,    0.712000,   97.514254,   -6.982335,500711.30864994, 12763.50535943,513474.81400936,   0.1792627411
71300,    0.713000,   97.507267,   -6.992141,500675.43067767, 12799.38307992,513474.81375759,   0.1795145147
71400,    0.714000,   97.500270,   -7.001948,500639.50235071, 12835.31115511,513474.81350582,   0.1797662882
71500,    0.715000,   97.493263,   -7.011755,500603.52366905, 12871.28958499,513474.81325404,   0.1800180618
71600,    0.716000,   97.486246,   -7.021561,500567.49463270, 12907.31836957,513474.81300227,   0.1802698356
71700,    0.717000,   97.479219,   -7.031368,500531.41524165, 12943.39750884,513474.81275050,   0.1805216091
71800,    0.718000,   97.472183,   -7.041175,500495.28549591, 12979.52700281,513474.81249872,   0.1807733827
71900,    0.719000,   97.465137,   -7.050981,500459.10539547, 13015.70685148,513474.81224695,   0.1810251563
72000,    0.720000,   97.458081,   -7.060788,500422.87494034, 13051.93705484,513474.81199518,   0.1812769300
72100,    0.721000,   97.451015,   -7.070595,500386.59413051, 13088.21761289,513474.81174340,   0.1815287035
72200,    0.722000,   97.443940,   -7.080401,500350.26296599, 13124.54852564,513474.81149163,   0.1817804771
72300,    0.723000,   97.436854,   -7.090208,500313.88144676, 13160.92979309,513474.81123985,   0.1820322508
72400,    0.724000,   97.429759,   -7.100015,500277.44957285, 13197.36141523,513474.81098808,   0.1822840243
72500,    0.725000,   97.422654,   -7.109821,500240.96734424, 13233.84339207,513474.81073631,   0.1825357979
72600,    0.726000,   97.415539,   -7.119628,500204.43476093, 13270.37572360,513474.81048453,   0.1827875715
72700,    0.727000,   97.408415,   -7.129435,500167.85182293, 13306.95840983,513474.81023276,   0.1830393451
72800,    0.728000,   97.401281,   -7.139241,500131.21853023, 13343.59145075,513474.80998099,   0.1832911187
72900,    0.729000,   97.394136,   -7.149048,500094.53488284, 13380.27484637,513474.80972921,   0.1835428924
73000,    0.730000,   97.386982,   -7.158854,500057.80088075, 13417.00859669,513474.80947744,   0.1837946660
73100,    0.731000,   97.379819,   -7.168661,500021.01652397, 13453.79270170,513474.80922567,   0.1840464395
73200,    0.732000,   97.372645,   -7.178468,499984.18181249, 13490.62716140,513474.80897389,   0.1842982132
73300,    0.733000,   97.365461,   -7.188274,499947.29674632, 13527.51197580,513474.80872212,   0.1845499869
73400,    0.734000,   97.358268,   -7.198081,499910.36132545, 13564.44714490,513474.80847035,   0.1848017604
73500,    0.735000,   97.351065,   -7.207888,499873.37554988, 13601.43266869,513474.80821857,   0.1850535338
73600,    0.736000,   97.343852,   -7.217694,499836.33941962, 13638.46854718,513474.80796680,   0.1853053076
73700,    0.737000,   97.336630,   -7.227501,499799.25293467, 13675.55478036,513474.80771502,   0.1855570812
73800,    0.738000,   97.329397,   -7.237308,499762.11609501, 13712.69136824,513474.80746325,   0.1858088548
73900,    0.739000,   97.322155,   -7.247114,499724.92890067, 13749.87831081,513474.80721148,   0.1860606284
74000,    0.740000,   97.314903,   -7.256921,499687.69135163, 13787.11560808,513474.80695970,   0.1863124020
74100,    0.741000,   97.307641,   -7.266728,499650.40344789, 13824.40326004,513474.80670793,   0.1865641756
74200,    0.742000,   97.300369,   -7.276534,499613.06518945, 13861.74126670,513474.80645616,   0.1868159492
74300,    0.743000,   97.293088,   -7.286341,499575.67657633, 13899.12962806,513474.80620438,   0.1870677228
74400,    0.744000,   97.285797,   -7.296148,499538.23760850, 13936.56834411,513474.80595261,   0.1873194965
74500,    0.745000,   97.278496,   -7.305954,499500.74828598, 13974.05741485,513474.80570084,   0.1875712700
74600,    0.746000,   97.271185,   -7.315761,499463.20860877, 14011.59684029,513474.80544906,   0.1878230436
74700,    0.747000,   97.263864,   -7.325568,499425.61857686, 14049.18662043,513474.80519729,   0.1880748173
74800,    0.748000,   97.256533,   -7.335374,499387.97819025, 14086.82675526,513474.80494552,   0.1883265908
74900,    0.749000,   97.249193,   -7.345181,499350.28744895, 14124.51724479,513474.80469374,   0.1885783644
75000,    0.750000,   97.241843,   -7.354987,499312.54635295, 14162.25808901,513474.80444197,   0.1888301381
75100,    0.751000,   97.234483,   -7.364794,499274.75490226, 14200.04928793,513474.80419019,   0.1890819117
75200,    0.752000,   97.227113,   -7.374601,499236.91309688, 14237.89084155,513474.80393842,   0.1893336853
75300,    0.753000,   97.219734,   -7.384407,499199.02093679, 14275.78274985,513474.80368665,   0.1895854589
75400,    0.754000,   97.212344,   -7.394214,499161.07842201, 14313.72501286,513474.80343487,   0.1898372325
75500,    0.755000,   97.204945,   -7.404021,499123.08555254, 14351.71763056,513474.80318310,   0.1900890061
75600,    0.756000,   97.197536,   -7.413827,499085.04232837, 14389.76060295,513474.80293133,   0.1903407798
75700,    0.757000,   97.190117,   -7.423634,499046.94874951, 14427.85393005,513474.80267955,   0.1905925534
75800,    0.758000,   97.182689,   -7.433441,499008.80481595, 14465.99761183,513474.80242778,   0.1908443270
75900,    0.759000,   97.175250,   -7.443247,498970.61052769, 14504.19164831,513474.80217601,   0.1910961005
76000,    0.760000,   97.167802,   -7.453054,498932.36588474, 14542.43603949,513474.80192423,   0.1913478742
76100,    0.761000,   97.160344,   -7.462861,498894.07088709, 14580.73078536,513474.80167246,   0.1915996477
76200,    0.762000,   97.152876,   -7.472667,498855.72553475, 14619.07588593,513474.80142068,   0.1918514213
76300,    0.763000,   97.145399,   -7.482474,498817.32982772, 14657.47134119,513474.80116891,   0.1921031951
76400,    0.764000,   97.137911,   -7.492281,498778.88376598, 14695.91715115,513474.80091714,   0.1923549686
76500,    0.765000,   97.130414,   -7.502087,498740.38734956, 14734.41331581,513474.80066536,   0.1926067423
76600,    0.766000,   97.122907,   -7.511894,498701.84057843, 14772.95983516,513474.80041359,   0.1928585158
76700,    0.767000,   97.115390,   -7.521701,498663.24345261, 14811.55670920,513474.80016182,   0.1931102895
76800,    0.768000,   97.107864,   -7.531507,498624.59597210, 14850.20393794,513474.79991004,   0.1933620631
76900,    0.769000,   97.100327,   -7.541314,498585.89813689, 14888.90152138,513474.79965827,   0.1936138367
77000,    0.770000,   97.092781,   -7.551120,498547.14994698, 14927.64945951,513474.79940650,   0.1938656103
77100,    0.771000,   97.085225,   -7.560927,498508.35140238, 14966.44775234,513474.79915472,   0.1941173839
77200,    0.772000,   97.077659,   -7.570734,498469.50250309, 15005.29639986,513474.79890295,   0.1943691575
77300,    0.773000,   97.070083,   -7.580540,498430.60324910, 15044.19540208,513474.79865117,   0.1946209311
77400,    0.774000,   97.062498,   -7.590347,498391.65364041, 15083.14475899,513474.79839940,   0.1948727047
77500,    0.775000,   97.054902,   -7.600154,498352.65367703, 15122.14447060,513474.79814763,   0.1951244783
77600,    0.776000,   97.047297,   -7.609960,498313.60335895, 15161.19453690,513474.79789585,   0.1953762520
77700,    0.777000,   97.039682,   -7.619767,498274.50268618, 15200.29495790,513474.79764408,   0.1956280256
77800,    0.778000,   97.032058,   -7.629574,498235.35165871, 15239.44573360,513474.79739231,   0.1958797992
77900,    0.779000,   97.024423,   -7.639380,498196.15027654, 15278.64686399,513474.79714053,   0.1961315728
78000,    0.780000,   97.016779,   -7.649187,498156.89853969, 15317.89834907,513474.79688876,   0.1963833465
78100,    0.781000,   97.009125,   -7.658994,498117.59644813, 15357.20018886,513474.79663699,   0.1966351201
78200,    0.782000,   97.001461,   -7.668800,498078.24400188, 15396.55238333,513474.79638521,   0.1968868936
78300,    0.783000,   96.993787,   -7.678607,498038.84120093, 15435.95493250,513474.79613344,   0.1971386673
78400,    0.784000,   96.986103,   -7.688414,497999.38804529, 15475.40783637,513474.79588166,   0.1973904409
78500,    0.785000,   96.978410,   -7.698220,497959.88453496, 15514.91109493,513474.79562989,   0.1976422145
78600,    0.786000,   96.970707,   -7.708027,497920.33066993, 15554.46470819,513474.79537812,   0.1978939881
78700,    0.787000,   96.962994,   -7.717834,497880.72645020, 15594.06867615,513474.79512634,   0.1981457618
78800,    0.788000,   96.955271,   -7.727640,497841.07187578, 15633.72299880,513474.79487457,   0.1983975353
78900,    0.789000,   96.947539,   -7.737447,497801.36694666, 15673.42767614,513474.79462280,   0.1986493089
79000,    0.790000,   96.939796,   -7.747253,497761.61166284, 15713.18270818,513474.79437102,   0.1989010826
79100,    0.791000,   96.932044,   -7.757060,497721.80602433, 15752.98809492,513474.79411925,   0.1991528563
79200,    0.792000,   96.924282,   -7.766867,497681.95003113, 15792.84383635,513474.79386748,   0.1994046298
79300,    0.793000,   96.916510,   -7.776673,497642.04368323, 15832.74993247,513474.79361570,   0.1996564034
79400,    0.794000,   96.908728,   -7.786480,497602.08698063, 15872.70638329,513474.79336393,   0.1999081771
79500,    0.795000,   96.900937,   -7.796287,497562.07992334, 15912.71318881,513474.79311216,   0.2001599506
79600,    0.796000,   96.893136,   -7.806093,497522.02251136, 15952.77034902,513474.79286038,   0.2004117243
79700,    0.797000,   96.885325,   -7.815900,497481.91474468, 15992.87786393,513474.79260861,   0.2006634979
79800,    0.798000,   96.877504,   -7.825707,497441.75662330, 16033.03573354,513474.79235683,   0.2009152715
79900,    0.799000,   96.869673,   -7.835513,497401.54814723, 16073.24395783,513474.79210506,   0.2011670450
80000,    0.800000,   96.861833,   -7.845320,497361.28931646, 16113.50253683,513474.79185329,   0.2014188187
80100,    0.801000,   96.853983,   -7.855127,497320.98013100, 16153.81147052,513474.79160151,   0.2016705924
80200,    0.802000,   96.846122,   -7.864933,497280.62059084, 16194.17075890,513474.79134974,   0.2019223660
80300,    0.803000,   96.838253,   -7.874740,497240.21069598, 16234.58040198,513474.79109797,   0.2021741396
80400,    0.804000,   96.830373,   -7.884547,497199.75044643, 16275.04039976,513474.79084619,   0.2024259132
80500,    0.805000,   96.822483,   -7.894353,497159.23984219, 16315.55075223,513474.79059442,   0.2026776869
80600,    0.806000,   96.814584,   -7.904160,497118.67888325, 16356.11145940,513474.79034265,   0.2029294603
80700,    0.807000,   96.806675,   -7.913967,497078.06756961, 16396.72252126,513474.79009087,   0.2031812341
80800,    0.808000,   96.798756,   -7.923773,497037.40590128, 16437.38393782,513474.78983910,   0.2034330078
80900,    0.809000,   96.790827,   -7.933580,496996.69387825, 16478.09570907,513474.78958732,   0.2036847813
81000,    0.810000,   96.782889,   -7.943386,496955.93150053, 16518.85783502,513474.78933555,   0.2039365550
81100,    0.811000,   96.774940,   -7.953193,496915.11876811, 16559.67031566,513474.78908378,   0.2041883286
81200,    0.812000,   96.766982,   -7.963000,496874.25568100, 16600.53315100,513474.78883200,   0.2044401022
81300,    0.813000,   96.759014,   -7.972806,496833.34223919, 16641.44634104,513474.78858023,   0.2046918757
81400,    0.814000,   96.751037,   -7.982613,496792.37844269, 16682.40988577,513474.78832846,   0.2049436494
81500,    0.815000,   96.743049,   -7.992420,496751.36429149, 16723.42378519,513474.78807668,   0.2051954230
81600,    0.816000,   96.735052,   -8.002226,496710.29978559, 16764.48803931,513474.78782491,   0.2054471966
81700,    0.817000,   96.727044,   -8.012033,496669.18492500, 16805.60264813,513474.78757314,   0.2056989702
81800,    0.818000,   96.719027,   -8.021840,496628.01970972, 16846.76761164,513474.78732136,   0.2059507439
81900,    0.819000,   96.711001,   -8.031646,496586.80413974, 16887.98292985,513474.78706959,   0.2062025174
82000,    0.820000,   96.702964,   -8.041453,496545.53821506, 16929.24860275,513474.78681781,   0.2064542911
82100,    0.821000,   96.694918,   -8.051260,496504.22193569, 16970.56463035,513474.78656604,   0.2067060649
82200,    0.822000,   96.686861,   -8.061066,496462.85530162, 17011.93101265,513474.78631427,   0.2069578383
82300,    0.823000,   96.678795,   -8.070873,496421.43831286, 17053.34774963,513474.78606249,   0.2072096120
82400,    0.824000,   96.670720,   -8.080680,496379.97096940, 17094.81484132,513474.78581072,   0.2074613856
82500,    0.825000,   96.662634,   -8.090486,496338.45327125, 17136.33228770,513474.78555895,   0.2077131593
82600,    0.826000,   96.654539,   -8.100293,496296.88521840, 17177.90008877,513474.78530717,   0.2079649327
82700,    0.827000,   96.646433,   -8.110100,496255.26681085, 17219.51824455,513474.78505540,   0.2082167065
82800,    0.828000,   96.638318,   -8.119906,496213.59804861, 17261.18675501,513474.78480363,   0.2084684801
82900,    0.829000,   96.630193,   -8.129713,496171.87893168, 17302.90562017,513474.78455185,   0.2087202537
83000,    0.830000,   96.622059,   -8.139519,496130.10946005, 17344.67484003,513474.78430008,   0.2089720274
83100,    0.831000,   96.613914,   -8.149326,496088.28963372, 17386.49441458,513474.78404830,   0.2092238010
83200,    0.832000,   96.605760,   -8.159133,496046.41945270, 17428.36434383,513474.78379653,   0.2094755746
83300,    0.833000,   96.597596,   -8.168939,496004.49891698, 17470.28462777,513474.78354476,   0.2097273481
83400,    0.834000,   96.589422,   -8.178746,495962.52802657, 17512.25526641,513474.78329298,   0.2099791219
83500,    0.835000,   96.581238,   -8.188553,495920.50678146, 17554.27625975,513474.78304121,   0.2102308955
83600,    0.836000,   96.573045,   -8.198359,495878.43518166, 17596.34760778,513474.78278944,   0.2104826691
83700,    0.837000,   96.564841,   -8.208166,495836.31322716, 17638.46931050,513474.78253766,   0.2107344427
83800,    0.838000,   96.556628,   -8.217973,495794.14091797, 17680.64136792,513474.78228589,   0.2109862164
83900,    0.839000,   96.548405,   -8.227779,495751.91825408, 17722.86378004,513474.78203412,   0.2112379899
84000,    0.840000,   96.540173,   -8.237586,495709.64523549, 17765.13654685,513474.78178234,   0.2114897635
84100,    0.841000,   96.531930,   -8.247393,495667.32186221, 17807.45966836,513474.78153057,   0.2117415371
84200,    0.842000,   96.523678,   -8.257199,495624.94813424, 17849.83314456,513474.78127879,   0.2119933109
84300,    0.843000,   96.515416,   -8.267006,495582.52405157, 17892.25697546,513474.78102702,   0.2122450844
84400,    0.844000,   96.507144,   -8.276813,495540.04961420, 17934.73116105,513474.78077525,   0.2124968580
84500,    0.845000,   96.498862,   -8.286619,495497.52482214, 17977.25570134,513474.78052347,   0.2127486318
84600,    0.846000,   96.490570,   -8.296426,495454.94967538, 18019.83059632,513474.78027170,   0.2130004053
84700,    0.847000,   96.482269,   -8.306233,495412.32417393, 18062.45584600,513474.78001993,   0.2132521790
84800,    0.848000,   96.473958,   -8.316039,495369.64831778, 18105.13145038,513474.77976815,   0.2135039526
84900,    0.849000,   96.465637,   -8.325846,495326.92210693, 18147.85740945,513474.77951638,   0.2137557263
85000,    0.850000,   96.457306,   -8.335652,495284.14554139, 18190.63372321,513474.77926461,   0.2140074999
85100,    0.851000,   96.448965,   -8.345459,495241.31862116, 18233.46039167,513474.77901283,   0.2142592735
85200,    0.852000,   96.440615,   -8.355266,495198.44134623, 18276.33741483,513474.77876106,   0.2145110471
85300,    0.853000,   96.432255,   -8.365072,495155.51371660, 18319.26479268,513474.77850929,   0.2147628207
85400,    0.854000,   96.423885,   -8.374879,495112.53573228, 18362.24252523,513474.77825751,   0.2150145943
85500,    0.855000,   96.415505,   -8.384686,495069.50739327, 18405.27061247,513474.77800574,   0.2152663681
85600,    0.856000,   96.407115,   -8.394492,495026.42869955, 18448.34905441,513474.77775396,   0.2155181416
85700,    0.857000,   96.398716,   -8.404299,494983.29965115, 18491.47785104,513474.77750219,   0.2157699152
85800,    0.858000,   96.390307,   -8.414106,494940.12024804, 18534.65700237,513474.77725042,   0.2160216889
85900,    0.859000,   96.381888,   -8.423912,494896.89049025, 18577.88650840,513474.77699864,   0.2162734625
86000,    0.860000,   96.373459,   -8.433719,494853.61037775, 18621.16636912,513474.77674687,   0.2165252361
86100,    0.861000,   96.365020,   -8.443526,494810.27991056, 18664.49658453,513474.77649510,   0.2167770098
86200,    0.862000,   96.356572,   -8.453332,494766.89908868, 18707.87715464,513474.77624332,   0.2170287835
86300,    0.863000,   96.348113,   -8.463139,494723.46791210, 18751.30807945,513474.77599155,   0.2172805570
86400,    0.864000,   96.339645,   -8.472946,494679.98638082, 18794.78935895,513474.77573978,   0.2175323306
86500,    0.865000,   96.331167,   -8.482752,494636.45449485, 18838.32099315,513474.77548800,   0.2177841043
86600,    0.866000,   96.322680,   -8.492559,494592.87225419, 18881.90298204,513474.77523623,   0.2180358779
86700,    0.867000,   96.314182,   -8.502366,494549.23965883, 18925.53532563,513474.77498445,   0.2182876515
86800,    0.868000,   96.305675,   -8.512172,494505.55670877, 18969.21802391,513474.77473268,   0.2185394252
86900,    0.869000,   96.297158,   -8.521979,494461.82340402, 19012.95107689,513474.77448091,   0.2187911989
87000,    0.870000,   96.288631,   -8.531785,494418.03974457, 19056.73448456,513474.77422913,   0.2190429724
87100,    0.871000,   96.280094,   -8.541592,494374.20573043, 19100.56824693,513474.77397736,   0.2192947461
87200,    0.872000,   96.271547,   -8.551399,494330.32136159, 19144.45236400,513474.77372559,   0.2195465197
87300,    0.873000,   96.262991,   -8.561205,494286.38663805, 19188.38683576,513474.77347381,   0.2197982933
87400,    0.874000,   96.254425,   -8.571012,494242.40155982, 19232.37166222,513474.77322204,   0.2200500669
87500,    0.875000,   96.245849,   -8.580819,494198.36612690, 19276.40684337,513474.77297027,   0.2203018406
87600,    0.876000,   96.237263,   -8.590625,494154.28033928, 19320.49237921,513474.77271849,   0.2205536143
87700,    0.877000,   96.228668,   -8.600432,494110.14419696, 19364.62826976,513474.77246672,   0.2208053878
87800,    0.878000,   96.220062,   -8.610239,494065.95769995, 19408.81451499,513474.77221494,   0.2210571615
87900,    0.879000,   96.211447,   -8.620045,494021.72084824, 19453.05111493,513474.77196317,   0.2213089351
88000,    0.880000,   96.202822,   -8.629852,493977.43364184, 19497.33806955,513474.77171140,   0.2215607087
88100,    0.881000,   96.194187,   -8.639659,493933.09608074, 19541.67537888,513474.77145962,   0.2218124823
88200,    0.882000,   96.185543,   -8.649465,493888.70816495, 19586.06304290,513474.77120785,   0.2220642561
88300,    0.883000,   96.176888,   -8.659272,493844.26989446, 19630.50106161,513474.77095608,   0.2223160297
88400,    0.884000,   96.168224,   -8.669079,493799.78126928, 19674.98943502,513474.77070430,   0.2225678032
88500,    0.885000,   96.159550,   -8.678885,493755.24228940, 19719.52816313,513474.77045253,   0.2228195769
88600,    0.886000,   96.150866,   -8.688692,493710.65295483, 19764.11724593,513474.77020076,   0.2230713506
88700,    0.887000,   96.142172,   -8.698499,493666.01326556, 19808.75668343,513474.76994898,   0.2233231241
88800,    0.888000,   96.133469,   -8.708305,493621.32322159, 19853.44647562,513474.76969721,   0.2235748977
88900,    0.889000,   96.124756,   -8.718112,493576.58282293, 19898.18662250,513474.76944543,   0.2238266715
89000,    0.890000,   96.116033,   -8.727918,493531.79206957, 19942.97712409,513474.76919366,   0.2240784451
89100,    0.891000,   96.107300,   -8.737725,493486.95096152, 19987.81798037,513474.76894189,   0.2243302187
89200,    0.892000,   96.098557,   -8.747532,493442.05949877, 20032.70919134,513474.76869011,   0.2245819924
89300,    0.893000,   96.089805,   -8.757338,493397.11768133, 20077.65075701,513474.76843834,   0.2248337660
89400,    0.894000,   96.081042,   -8.767145,493352.12550919, 20122.64267737,513474.76818657,   0.2250855396
89500,    0.895000,   96.072270,   -8.776952,493307.08298236, 20167.68495243,513474.76793479,   0.2253373131
89600,    0.896000,   96.063488,   -8.786758,493261.99010083, 20212.77758219,513474.76768302,   0.2255890870
89700,    0.897000,   96.054697,   -8.796565,493216.84686461, 20257.92056664,513474.76743125,   0.2258408605
89800,    0.898000,   96.045895,   -8.806372,493171.65327369, 20303.11390578,513474.76717947,   0.2260926341
89900,    0.899000,   96.037084,   -8.816178,493126.40932807, 20348.35759963,513474.76692770,   0.2263444078
90000,    0.900000,   96.028263,   -8.825985,493081.11502776, 20393.65164816,513474.76667592,   0.2265961814
90100,    0.901000,   96.019432,   -8.835792,493035.77037275, 20438.99605140,513474.76642415,   0.2268479551
90200,    0.902000,   96.010591,   -8.845598,492990.37536305, 20484.39080932,513474.76617238,   0.2270997287
90300,    0.903000,   96.001740,   -8.855405,492944.92999866, 20529.83592195,513474.76592060,   0.2273515023
90400,    0.904000,   95.992880,   -8.865212,492899.43427956, 20575.33138927,513474.76566883,   0.2276032760
90500,    0.905000,   95.984010,   -8.875018,492853.88820578, 20620.87721128,513474.76541706,   0.2278550496
90600,    0.906000,   95.975130,   -8.884825,492808.29177729, 20666.47338799,513474.76516528,   0.2281068233
90700,    0.907000,   95.966240,   -8.894632,492762.64499411, 20712.11991939,513474.76491351,   0.2283585969
90800,    0.908000,   95.957341,   -8.904438,492716.94785624, 20757.81680549,513474.76466174,   0.2286103704
90900,    0.909000,   95.948431,   -8.914245,492671.20036367, 20803.56404629,513474.76440996,   0.2288621442
91000,    0.910000,   95.939512,   -8.924051,492625.40251641, 20849.36164178,513474.76415819,   0.2291139178
91100,    0.911000,   95.930583,   -8.933858,492579.55431445, 20895.20959197,513474.76390641,   0.2293656914
91200,    0.912000,   95.921644,   -8.943665,492533.65575779, 20941.10789685,513474.76365464,   0.2296174651
91300,    0.913000,   95.912696,   -8.953471,492487.70684644, 20987.05655643,513474.76340287,   0.2298692387
91400,    0.914000,   95.903737,   -8.963278,492441.70758039, 21033.05557070,513474.76315109,   0.2301210123
91500,    0.915000,   95.894769,   -8.973085,492395.65795965, 21079.10493967,513474.76289932,   0.2303727859
91600,    0.916000,   95.885791,   -8.982891,492349.55798421, 21125.20466333,513474.76264755,   0.2306245597
91700,    0.917000,   95.876803,   -8.992698,492303.40765408, 21171.35474169,513474.76239577,   0.2308763332
91800,    0.918000,   95.867805,   -9.002505,492257.20696925, 21217.55517475,513474.76214400,   0.2311281068
91900,    0.919000,   95.858798,   -9.012311,492210.95592973, 21263.80596250,513474.76189223,   0.2313798805
92000,    0.920000,   95.849781,   -9.022118,492164.65453551, 21310.10710494,513474.76164045,   0.2316316542
92100,    0.921000,   95.840754,   -9.031925,492118.30278659, 21356.45860208,513474.76138868,   0.2318834278
92200,    0.922000,   95.831717,   -9.041731,492071.90068298, 21402.86045392,513474.76113690,   0.2321352014
92300,    0.923000,   95.822670,   -9.051538,492025.44822468, 21449.31266045,513474.76088513,   0.2323869751
92400,    0.924000,   95.813613,   -9.061345,491978.94541168, 21495.81522168,513474.76063336,   0.2326387487
92500,    0.925000,   95.804547,   -9.071151,491932.39224398, 21542.36813760,513474.76038158,   0.2328905223
92600,    0.926000,   95.795471,   -9.080958,491885.78872159, 21588.97140822,513474.76012981,   0.2331422960
92700,    0.927000,   95.786385,   -9.090765,491839.13484450, 21635.62503353,513474.75987804,   0.2333940697
92800,    0.928000,   95.777289,   -9.100571,491792.43061272, 21682.32901354,513474.75962626,   0.2336458432
92900,    0.929000,   95.768184,   -9.110378,491745.67602624, 21729.08334825,513474.75937449,   0.2338976170
93000,    0.930000,   95.759069,   -9.120184,491698.87108507, 21775.88803765,513474.75912272,   0.2341493907
93100,    0.931000,   95.749943,   -9.129991,491652.01578920, 21822.74308174,513474.75887094,   0.2344011642
93200,    0.932000,   95.740809,   -9.139798,491605.11013863, 21869.64848053,513474.75861917,   0.2346529378
93300,    0.933000,   95.731664,   -9.149604,491558.15413337, 21916.60423402,513474.75836739,   0.2349047115
93400,    0.934000,   95.722509,   -9.159411,491511.14777342, 21963.61034220,513474.75811562,   0.2351564851
93500,    0.935000,   95.713345,   -9.169218,491464.09105877, 22010.66680508,513474.75786385,   0.2354082587
93600,    0.936000,   95.704171,   -9.179024,491416.98398942, 22057.77362265,513474.75761207,   0.2356600324
93700,    0.937000,   95.694987,   -9.188831,491369.82656538, 22104.93079492,513474.75736030,   0.2359118060
93800,    0.938000,   95.685793,   -9.198638,491322.61878664, 22152.13832188,513474.75710853,   0.2361635797
93900,    0.939000,   95.676589,   -9.208444,491275.36065321, 22199.39620354,513474.75685675,   0.2364153533
94000,    0.940000,   95.667376,   -9.218251,491228.05216508, 22246.70443989,513474.75660498,   0.2366671271
94100,    0.941000,   95.658153,   -9.228058,491180.69332226, 22294.06303094,513474.75635321,   0.2369189006
94200,    0.942000,   95.648920,   -9.237864,491133.28412474, 22341.47197669,513474.75610143,   0.2371706742
94300,    0.943000,   95.639677,   -9.247671,491085.82457253, 22388.93127713,513474.75584966,   0.2374224479
94400,    0.944000,   95.630424,   -9.257478,491038.31466562, 22436.44093226,513474.75559788,   0.2376742216
94500,    0.945000,   95.621162,   -9.267284,490990.75440401, 22484.00094210,513474.75534611,   0.2379259952
94600,    0.946000,   95.611890,   -9.277091,490943.14378771, 22531.61130662,513474.75509434,   0.2381777688
94700,    0.947000,   95.602608,   -9.286898,490895.48281672, 22579.27202584,513474.75484256,   0.2384295426
94800,    0.948000,   95.593316,   -9.296704,490847.77149103, 22626.98309976,513474.75459079,   0.2386813161
94900,    0.949000,   95.584014,   -9.306511,490800.00981064, 22674.74452838,513474.75433902,   0.2389330898
95000,    0.950000,   95.574703,   -9.316317,490752.19777556, 22722.55631168,513474.75408724,   0.2391848635
95100,    0.951000,   95.565381,   -9.326124,490704.33538578, 22770.41844969,513474.75383547,   0.2394366371
95200,    0.952000,   95.556050,   -9.335931,490656.42264131, 22818.33094239,513474.75358370,   0.2396884107
95300,    0.953000,   95.546709,   -9.345737,490608.45954214, 22866.29378978,513474.75333192,   0.2399401845
95400,    0.954000,   95.537359,   -9.355544,490560.44608828, 22914.30699187,513474.75308015,   0.2401919581
95500,    0.955000,   95.527998,   -9.365351,490512.38227972, 22962.37054866,513474.75282837,   0.2404437316
95600,    0.956000,   95.518628,   -9.375157,490464.26811646, 23010.48446014,513474.75257660,   0.2406955053
95700,    0.957000,   95.509248,   -9.384964,490416.10359851, 23058.64872631,513474.75232483,   0.2409472790
95800,    0.958000,   95.499858,   -9.394771,490367.88872587, 23106.86334719,513474.75207305,   0.2411990526
95900,    0.959000,   95.490458,   -9.404577,490319.62349853, 23155.12832275,513474.75182128,   0.2414508262
96000,    0.960000,   95.481049,   -9.414384,490271.30791649, 23203.44365302,513474.75156951,   0.2417025999
96100,    0.961000,   95.471629,   -9.424191,490222.94197976, 23251.80933797,513474.75131773,   0.2419543735
96200,    0.962000,   95.462200,   -9.433997,490174.52568833, 23300.22537763,513474.75106596,   0.2422061472
96300,    0.963000,   95.452761,   -9.443804,490126.05904221, 23348.69177198,513474.75081418,   0.2424579209
96400,    0.964000,   95.443312,   -9.453611,490077.54204139, 23397.20852102,513474.75056241,   0.2427096945
96500,    0.965000,   95.433854,   -9.463417,490028.97468588, 23445.77562476,513474.75031064,   0.2429614681
96600,    0.966000,   95.424385,   -9.473224,489980.35697567, 23494.39308320,513474.75005886,   0.2432132418
96700,    0.967000,   95.414907,   -9.483031,489931.68891076, 23543.06089633,513474.74980709,   0.2434650155
96800,    0.968000,   95.405419,   -9.492837,489882.97049116, 23591.77906415,513474.74955532,   0.2437167891
96900,    0.969000,   95.395922,   -9.502644,489834.20171687, 23640.54758667,513474.74930354,   0.2439685627
97000,    0.970000,   95.386414,   -9.512450,489785.38258788, 23689.36646389,513474.74905177,   0.2442203364
97100,    0.971000,   95.376897,   -9.522257,489736.51310419, 23738.23569580,513474.74880000,   0.2444721100
97200,    0.972000,   95.367369,   -9.532064,489687.59326581, 23787.15528241,513474.74854822,   0.2447238836
97300,    0.973000,   95.357832,   -9.541870,489638.62307273, 23836.12522371,513474.74829645,   0.2449756573
97400,    0.974000,   95.348285,   -9.551677,489589.60252496, 23885.14551971,513474.74804467,   0.2452274311
97500,    0.975000,   95.338729,   -9.561484,489540.53162249, 23934.21617041,513474.74779290,   0.2454792046
97600,    0.976000,   95.329162,   -9.571290,489491.41036533, 23983.33717580,513474.74754113,   0.2457309783
97700,    0.977000,   95.319586,   -9.581097,489442.23875347, 24032.50853588,513474.74728935,   0.2459827519
97800,    0.978000,   95.310000,   -9.590904,489393.01678692, 24081.73025066,513474.74703758,   0.2462345256
97900,    0.979000,   95.300404,   -9.600710,489343.74446567, 24131.00232014,513474.74678581,   0.2464862991
98000,    0.980000,   95.290799,   -9.610517,489294.42178972, 24180.32474431,513474.74653403,   0.2467380728
98100,    0.981000,   95.281183,   -9.620324,489245.04875908, 24229.69752318,513474.74628226,   0.2469898466
98200,    0.982000,   95.271558,   -9.630130,489195.62537375, 24279.12065674,513474.74603049,   0.2472416201
98300,    0.983000,   95.261923,   -9.639937,489146.15163372, 24328.59414499,513474.74577871,   0.2474933938
98400,    0.984000,   95.252278,   -9.649744,489096.62753899, 24378.11798795,513474.74552694,   0.2477451675
98500,    0.985000,   95.242623,   -9.659550,489047.05308957, 24427.69218560,513474.74527516,   0.2479969412
98600,    0.986000,   95.232959,   -9.669357,488997.42828545, 24477.31673794,513474.74502339,   0.2482487147
98700,    0.987000,   95.223284,   -9.679164,488947.75312664, 24526.99164498,513474.74477162,   0.2485004884
98800,    0.988000,   95.213600,   -9.688970,488898.02761313, 24576.71690671,513474.74451984,   0.2487522620
98900,    0.989000,   95.203906,   -9.698777,488848.25174493, 24626.49252314,513474.74426807,   0.2490040357
99000,    0.990000,   95.194203,   -9.708583,488798.42552203, 24676.31849427,513474.74401630,   0.2492558093
99100,    0.991000,   95.184489,   -9.718390,488748.54894443, 24726.19482009,513474.74376452,   0.2495075832
99200,    0.992000,   95.174766,   -9.728197,488698.62201214, 24776.12150061,513474.74351275,   0.2497593567
99300,    0.993000,   95.165033,   -9.738003,488648.64472516, 24826.09853582,513474.74326098,   0.2500111303
99400,    0.994000,   95.155290,   -9.747810,488598.61708348, 24876.12592573,513474.74300920,   0.2502629041
99500,    0.995000,   95.145537,   -9.757617,488548.53908710, 24926.20367033,513474.74275743,   0.2505146776
99600,    0.996000,   95.135774,   -9.767423,488498.41073603, 24976.33176963,513474.74250565,   0.2507664512
99700,    0.997000,   95.126002,   -9.777230,488448.23203026, 25026.51022362,513474.74225388,   0.2510182249
99800,    0.998000,   95.116220,   -9.787037,488398.00296980, 25076.73903231,513474.74200211,   0.2512699986
99900,    0.999000,   95.106428,   -9.796843,488347.72355464, 25127.01819569,513474.74175033,   0.2515217722
100000,    1.000000,   95.096626,   -9.806650,488297.39378479, 25177.34771377,513474.74149856,   0.2517735459
100100,    1.001000,   95.086814,   -9.816457,488247.01366024, 25227.72758655,513474.74124679,   0.2520253196
100200,    1.002000,   95.076993,   -9.826263,488196.58318099, 25278.15781402,513474.74099501,   0.2522770932
100300,    1.003000,   95.067162,   -9.836070,488146.10234705, 25328.63839618,513474.74074324,   0.2525288668
100400,    1.004000,   95.057321,   -9.845877,488095.57115842, 25379.16933305,513474.74049147,   0.2527806406
100500,    1.005000,   95.047470,   -9.855683,488044.98961509, 25429.75062460,513474.74023969,   0.2530324142
100600,    1.006000,   95.037609,   -9.865490,487994.35771706, 25480.38227085,513474.73998792,   0.2532841878
100700,    1.007000,   95.027739,   -9.875297,487943.67546434, 25531.06427180,513474.73973614,   0.2535359616
100800,    1.008000,   95.017859,   -9.885103,487892.94285692, 25581.79662745,513474.73948437,   0.2537877352
100900,    1.009000,   95.007969,   -9.894910,487842.15989481, 25632.57933778,513474.73923260,   0.2540395088
101000,    1.010000,   94.998069,   -9.904716,487791.32657801, 25683.41240282,513474.73898082,   0.2542912824
101100,    1.011000,   94.988159,   -9.914523,487740.44290650, 25734.29582255,513474.73872905,   0.2545430561
101200,    1.012000,   94.978239,   -9.924330,487689.50888030, 25785.22959697,513474.73847728,   0.2547948298
101300,    1.013000,   94.968310,   -9.934136,487638.52449941, 25836.21372609,513474.73822550,   0.2550466034
101400,    1.014000,   94.958371,   -9.943943,487587.48976382, 25887.24820991,513474.73797373,   0.2552983771
101500,    1.015000,   94.948422,   -9.953750,487536.40467354, 25938.33304842,513474.73772196,   0.2555501507
101600,    1.016000,   94.938464,   -9.963556,487485.26922856, 25989.46824163,513474.73747018,   0.2558019243
101700,    1.017000,   94.928495,   -9.973363,487434.08342888, 26040.65378953,513474.73721841,   0.2560536980
101800,    1.018000,   94.918517,   -9.983170,487382.84727451, 26091.88969213,513474.73696663,   0.2563054718
101900,    1.019000,   94.908529,   -9.992976,487331.56076544, 26143.17594942,513474.73671486,   0.2565572453
102000,    1.020000,   94.898531,  -10.002783,487280.22390168, 26194.51256141,513474.73646309,   0.2568090190
102100,    1.021000,   94.888523,  -10.012590,487228.83668322, 26245.89952809,513474.73621131,   0.2570607926
102200,    1.022000,   94.878505,  -10.022396,487177.39911007, 26297.33684947,513474.73595954,   0.2573125664
102300,    1.023000,   94.868478,  -10.032203,487125.91118222, 26348.82452554,513474.73570777,   0.2575643399
102400,    1.024000,   94.858441,  -10.042010,487074.37289968, 26400.36255631,513474.73545599,   0.2578161136
102500,    1.025000,   94.848394,  -10.051816,487022.78426244, 26451.95094178,513474.73520422,   0.2580678874
102600,    1.026000,   94.838337,  -10.061623,486971.14527050, 26503.58968194,513474.73495244,   0.2583196609
102700,    1.027000,   94.828271,  -10.071430,486919.45592387, 26555.27877680,513474.73470067,   0.2585714346
102800,    1.028000,   94.818194,  -10.081236,486867.71622255, 26607.01822635,513474.73444890,   0.2588232083
102900,    1.029000,   94.808108,  -10.091043,486815.92616653, 26658.80803060,513474.73419712,   0.2590749819
103000,    1.030000,   94.798012,  -10.100849,486764.08575581, 26710.64818954,513474.73394535,   0.2593267555
103100,    1.031000,   94.787906,  -10.110656,486712.19499040, 26762.53870318,513474.73369358,   0.2595785293
103200,    1.032000,   94.777791,  -10.120463,486660.25387029, 26814.47957151,513474.73344180,   0.2598303029
103300,    1.033000,   94.767665,  -10.130269,486608.26239549, 26866.47079454,513474.73319003,   0.2600820767
103400,    1.034000,   94.757530,  -10.140076,486556.22056599, 26918.51237226,513474.73293826,   0.2603338502
103500,    1.035000,   94.747385,  -10.149883,486504.12838180, 26970.60430468,513474.73268648,   0.2605856239
103600,    1.036000,   94.737230,  -10.159689,486451.98584291, 27022.74659180,513474.73243471,   0.2608373975
103700,    1.037000,   94.727065,  -10.169496,486399.79294933, 27074.93923361,513474.73218293,   0.2610891712
103800,    1.038000,   94.716891,  -10.179303,486347.54970105, 27127.18223011,513474.73193116,   0.2613409449
103900,    1.039000,   94.706707,  -10.189109,486295.25609807, 27179.47558132,513474.73167939,   0.2615927185
104000,    1.040000,   94.696513,  -10.198916,486242.91214040, 27231.81928721,513474.73142761,   0.2618444921
104100,    1.041000,   94.686309,  -10.208723,486190.51782804, 27284.21334780,513474.73117584,   0.2620962659
104200,    1.042000,   94.676095,  -10.218529,486138.07316097, 27336.65776309,513474.73092407,   0.2623480395
104300,    1.043000,   94.665872,  -10.228336,486085.57813922, 27389.15253308,513474.73067229,   0.2625998131
104400,    1.044000,   94.655638,  -10.238143,486033.03276276, 27441.69765775,513474.73042052,   0.2628515868
104500,    1.045000,   94.645395,  -10.247949,485980.43703162, 27494.29313713,513474.73016875,   0.2631033606
104600,    1.046000,   94.635142,  -10.257756,485927.79094577, 27546.93897120,513474.72991697,   0.2633551342
104700,    1.047000,   94.624880,  -10.267563,485875.09450524, 27599.63515996,513474.72966520,   0.2636069078
104800,    1.048000,   94.614607,  -10.277369,485822.34771000, 27652.38170342,513474.72941342,   0.2638586815
104900,    1.049000,   94.604325,  -10.287176,485769.55056007, 27705.17860158,513474.72916165,   0.2641104552
105000,    1.050000,   94.594033,  -10.296982,485716.70305545, 27758.02585443,513474.72890988,   0.2643622287
105100,    1.051000,   94.583731,  -10.306789,485663.80519613, 27810.92346198,513474.72865810,   0.2646140024
105200,    1.052000,   94.573419,  -10.316596,485610.85698211, 27863.87142422,513474.72840633,   0.2648657762
105300,    1.053000,   94.563097,  -10.326402,485557.85841340, 27916.86974116,513474.72815456,   0.2651175497
105400,    1.054000,   94.552766,  -10.336209,485504.80948999, 27969.91841279,513474.72790278,   0.2653693235
105500,    1.055000,   94.542425,  -10.346016,485451.71021189, 28023.01743912,513474.72765101,   0.2656210971
105600,    1.056000,   94.532074,  -10.355822,485398.56057909, 28076.16682014,513474.72739923,   0.2658728708
105700,    1.057000,   94.521713,  -10.365629,485345.36059160, 28129.36655586,513474.72714746,   0.2661246444
105800,    1.058000,   94.511343,  -10.375436,485292.11024941, 28182.61664627,513474.72689569,   0.2663764181
105900,    1.059000,   94.500962,  -10.385242,485238.80955253, 28235.91709138,513474.72664391,   0.2666281919
106000,    1.060000,   94.490572,  -10.395049,485185.45850095, 28289.26789119,513474.72639214,   0.2668799654
106100,    1.061000,   94.480172,  -10.404856,485132.05709468, 28342.66904569,513474.72614037,   0.2671317391
106200,    1.062000,   94.469762,  -10.414662,485078.60533371, 28396.12055489,513474.72588859,   0.2673835129
106300,    1.063000,   94.459343,  -10.424469,485025.10321804, 28449.62241878,513474.72563682,   0.2676352864
106400,    1.064000,   94.448913,  -10.434276,484971.55074768, 28503.17463736,513474.72538505,   0.2678870601
106500,    1.065000,   94.438474,  -10.444082,484917.94792262, 28556.77721065,513474.72513327,   0.2681388338
106600,    1.066000,   94.428025,  -10.453889,484864.29474287, 28610.43013863,513474.72488150,   0.2683906075
106700,    1.067000,   94.417566,  -10.463696,484810.59120843, 28664.13342130,513474.72462972,   0.2686423811
106800,    1.068000,   94.407097,  -10.473502,484756.83731928, 28717.88705867,513474.72437795,   0.2688941547
106900,    1.069000,   94.396619,  -10.483309,484703.03307545, 28771.69105073,513474.72412618,   0.2691459285
107000,    1.070000,   94.386131,  -10.493115,484649.17847691, 28825.54539749,513474.72387440,   0.2693977020
107100,    1.071000,   94.375633,  -10.502922,484595.27352368, 28879.45009895,513474.72362263,   0.2696494757
107200,    1.072000,   94.365125,  -10.512729,484541.31821576, 28933.40515510,513474.72337086,   0.2699012494
107300,    1.073000,   94.354607,  -10.522535,484487.31255314, 28987.41056594,513474.72311908,   0.2701530230
107400,    1.074000,   94.344080,  -10.532342,484433.25653582, 29041.46633148,513474.72286731,   0.2704047967
107500,    1.075000,   94.333542,  -10.542149,484379.15016381, 29095.57245172,513474.72261554,   0.2706565704
107600,    1.076000,   94.322995,  -10.551955,484324.99343711, 29149.72892665,513474.72236376,   0.2709083441
107700,    1.077000,   94.312438,  -10.561762,484270.78635571, 29203.93575628,513474.72211199,   0.2711601176
107800,    1.078000,   94.301872,  -10.571569,484216.52891961, 29258.19294060,513474.72186021,   0.2714118914
107900,    1.079000,   94.291295,  -10.581375,484162.22112882, 29312.50047962,513474.72160844,   0.2716636651
108000,    1.080000,   94.280709,  -10.591182,484107.86298333, 29366.85837334,513474.72135667,   0.2719154387
108100,    1.081000,   94.270113,  -10.600989,484053.45448315, 29421.26662175,513474.72110489,   0.2721672123
108200,    1.082000,   94.259507,  -10.610795,483998.99562827, 29475.72522485,513474.72085312,   0.2724189860
108300,    1.083000,   94.248891,  -10.620602,483944.48641870, 29530.23418265,513474.72060135,   0.2726707596
108400,    1.084000,   94.238265,  -10.630409,483889.92685443, 29584.79349515,513474.72034957,   0.2729225333
108500,    1.085000,   94.227630,  -10.640215,483835.31693546, 29639.40316234,513474.72009780,   0.2731743070
108600,    1.086000,   94.216985,  -10.650022,483780.65666180, 29694.06318422,513474.71984603,   0.2734260807
108700,    1.087000,   94.206330,  -10.659829,483725.94603345, 29748.77356081,513474.71959425,   0.2736778544
108800,    1.088000,   94.195665,  -10.669635,483671.18505039, 29803.53429208,513474.71934248,   0.2739296280
108900,    1.089000,   94.184991,  -10.679442,483616.37371265, 29858.34537806,513474.71909070,   0.2741814017
109000,    1.090000,   94.174306,  -10.689248,483561.51202021, 29913.20681872,513474.71883893,   0.2744331753
109100,    1.091000,   94.163612,  -10.699055,483506.59997307, 29968.11861409,513474.71858716,   0.2746849490
109200,    1.092000,   94.152908,  -10.708862,483451.63757124, 30023.08076415,513474.71833538,   0.2749367226
109300,    1.093000,   94.142194,  -10.718668,483396.62481471, 30078.09326890,513474.71808361,   0.2751884964
109400,    1.094000,   94.131470,  -10.728475,483341.56170348, 30133.15612835,513474.71783184,   0.2754402700
109500,    1.095000,   94.120737,  -10.738282,483286.44823757, 30188.26934250,513474.71758006,   0.2756920437
109600,    1.096000,   94.109994,  -10.748088,483231.28441695, 30243.43291134,513474.71732829,   0.2759438175
109700,    1.097000,   94.099241,  -10.757895,483176.07024164, 30298.64683487,513474.71707651,   0.2761955910
109800,    1.098000,   94.088478,  -10.767702,483120.80571164, 30353.91111311,513474.71682474,   0.2764473646
109900,    1.099000,   94.077705,  -10.777508,483065.49082693, 30409.22574603,513474.71657297,   0.2766991383
110000,    1.100000,   94.066923,  -10.787315,483010.12558754, 30464.59073366,513474.71632119,   0.2769509120
110100,    1.101000,   94.056131,  -10.797122,482954.70999345, 30520.00607597,513474.71606942,   0.2772026856
110200,    1.102000,   94.045328,  -10.806928,482899.24404466, 30575.47177299,513474.71581765,   0.2774544593
110300,    1.103000,   94.034517,  -10.816735,482843.72774118, 30630.98782470,513474.71556587,   0.2777062330
110400,    1.104000,   94.023695,  -10.826542,482788.16108300, 30686.55423110,513474.71531410,   0.2779580067
110500,    1.105000,   94.012863,  -10.836348,482732.54407013, 30742.17099220,513474.71506233,   0.2782097803
110600,    1.106000,   94.002022,  -10.846155,482676.87670256, 30797.83810799,513474.71481055,   0.2784615540
110700,    1.107000,   93.991171,  -10.855962,482621.15898029, 30853.55557848,513474.71455878,   0.2787133277
110800,    1.108000,   93.980310,  -10.865768,482565.39090333, 30909.32340367,513474.71430700,   0.2789651013
110900,    1.109000,   93.969439,  -10.875575,482509.57247168, 30965.14158355,513474.71405523,   0.2792168750
111000,    1.110000,   93.958559,  -10.885381,482453.70368533, 31021.01011813,513474.71380346,   0.2794686487
111100,    1.111000,   93.947669,  -10.895188,482397.78454428, 31076.92900740,513474.71355168,   0.2797204223
111200,    1.112000,   93.936768,  -10.904995,482341.81504854, 31132.89825137,513474.71329991,   0.2799721959
111300,    1.113000,   93.925858,  -10.914801,482285.79519810, 31188.91785003,513474.71304814,   0.2802239697
111400,    1.114000,   93.914939,  -10.924608,482229.72499297, 31244.98780339,513474.71279636,   0.2804757433
111500,    1.115000,   93.904009,  -10.934415,482173.60443315, 31301.10811144,513474.71254459,   0.2807275169
111600,    1.116000,   93.893070,  -10.944221,482117.43351862, 31357.27877419,513474.71229282,   0.2809792907
111700,    1.117000,   93.882121,  -10.954028,482061.21224940, 31413.49979164,513474.71204104,   0.2812310643
111800,    1.118000,   93.871162,  -10.963835,482004.94062549, 31469.77116378,513474.71178927,   0.2814828380
111900,    1.119000,   93.860193,  -10.973641,481948.61864688, 31526.09289061,513474.71153749,   0.2817346117
112000,    1.120000,   93.849214,  -10.983448,481892.24631358, 31582.46497214,513474.71128572,   0.2819863854
112100,    1.121000,   93.838226,  -10.993255,481835.82362558, 31638.88740837,513474.71103395,   0.2822381589
112200,    1.122000,   93.827228,  -11.003061,481779.35058288, 31695.36019929,513474.71078217,   0.2824899327
112300,    1.123000,   93.816220,  -11.012868,481722.82718549, 31751.88334491,513474.71053040,   0.2827417063
112400,    1.124000,   93.805202,  -11.022675,481666.25343340, 31808.45684522,513474.71027863,   0.2829934800
112500,    1.125000,   93.794174,  -11.032481,481609.62932662, 31865.08070023,513474.71002685,   0.2832452537
112600,    1.126000,   93.783137,  -11.042288,481552.95486514, 31921.75490993,513474.70977508,   0.2834970274
112700,    1.127000,   93.772089,  -11.052095,481496.23004897, 31978.47947433,513474.70952330,   0.2837488011
112800,    1.128000,   93.761032,  -11.061901,481439.45487810, 32035.25439343,513474.70927153,   0.2840005747
112900,    1.129000,   93.749966,  -11.071708,481382.62935254, 32092.07966722,513474.70901976,   0.2842523484
113000,    1.130000,   93.738889,  -11.081514,481325.75347228, 32148.95529570,513474.70876798,   0.2845041222
113100,    1.131000,   93.727802,  -11.091321,481268.82723733, 32205.88127888,513474.70851621,   0.2847558957
113200,    1.132000,   93.716706,  -11.101128,481211.85064768, 32262.85761676,513474.70826444,   0.2850076694
113300,    1.133000,   93.705600,  -11.110934,481154.82370333, 32319.88430933,513474.70801266,   0.2852594431
113400,    1.134000,   93.694484,  -11.120741,481097.74640429, 32376.96135660,513474.70776089,   0.2855112167
113500,    1.135000,   93.683358,  -11.130548,481040.61875055, 32434.08875856,513474.70750912,   0.2857629904
113600,    1.136000,   93.672223,  -11.140354,480983.44074212, 32491.26651522,513474.70725734,   0.2860147640
113700,    1.137000,   93.661078,  -11.150161,480926.21237900, 32548.49462657,513474.70700557,   0.2862665377
113800,    1.138000,   93.649923,  -11.159968,480868.93366117, 32605.77309262,513474.70675379,   0.2865183114
113900,    1.139000,   93.638758,  -11.169774,480811.60458866, 32663.10191337,513474.70650202,   0.2867700850
114000,    1.140000,   93.627583,  -11.179581,480754.22516144, 32720.48108880,513474.70625025,   0.2870218589
114100,    1.141000,   93.616398,  -11.189388,480696.79537953, 32777.91061894,513474.70599847,   0.2872736324
114200,    1.142000,   93.605204,  -11.199194,480639.31524293, 32835.39050377,513474.70574670,   0.2875254060
114300,    1.143000,   93.594000,  -11.209001,480581.78475163, 32892.92074330,513474.70549493,   0.2877771797
114400,    1.144000,   93.582786,  -11.218808,480524.20390563, 32950.50133752,513474.70524315,   0.2880289535
114500,    1.145000,   93.571562,  -11.228614,480466.57270494, 33008.13228643,513474.70499138,   0.2882807271
114600,    1.146000,   93.560329,  -11.238421,480408.89114956, 33065.81359005,513474.70473960,   0.2885325009
114700,    1.147000,   93.549085,  -11.248228,480351.15923948, 33123.54524835,513474.70448783,   0.2887842746
114800,    1.148000,   93.537832,  -11.258034,480293.37697470, 33181.32726136,513474.70423606,   0.2890360482
114900,    1.149000,   93.526569,  -11.267841,480235.54435523, 33239.15962906,513474.70398428,   0.2892878218
115000,    1.150000,   93.515296,  -11.277647,480177.66138106, 33297.04235145,513474.70373251,   0.2895395955
115100,    1.151000,   93.504014,  -11.287454,480119.72805220, 33354.97542854,513474.70348074,   0.2897913692
115200,    1.152000,   93.492721,  -11.297261,480061.74436864, 33412.95886032,513474.70322896,   0.2900431428
115300,    1.153000,   93.481419,  -11.307067,480003.71033039, 33470.99264680,513474.70297719,   0.2902949165
115400,    1.154000,   93.470107,  -11.316874,479945.62593744, 33529.07678798,513474.70272542,   0.2905466902
115500,    1.155000,   93.458785,  -11.326681,479887.49118979, 33587.21128385,513474.70247364,   0.2907984639
115600,    1.156000,   93.447454,  -11.336487,479829.30608745, 33645.39613442,513474.70222187,   0.2910502375
115700,    1.157000,   93.436112,  -11.346294,479771.07063042, 33703.63133968,513474.70197009,   0.2913020113
115800,    1.158000,   93.424761,  -11.356101,479712.78481869, 33761.91689964,513474.70171832,   0.2915537850
115900,    1.159000,   93.413400,  -11.365907,479654.44865226, 33820.25281429,513474.70146655,   0.2918055585
116000,    1.160000,   93.402029,  -11.375714,479596.06213114, 33878.63908364,513474.70121477,   0.2920573323
116100,    1.161000,   93.390648,  -11.385521,479537.62525532, 33937.07570768,513474.70096300,   0.2923091060
116200,    1.162000,   93.379258,  -11.395327,479479.13802481, 33995.56268642,513474.70071123,   0.2925608796
116300,    1.163000,   93.367858,  -11.405134,479420.60043960, 34054.10001985,513474.70045945,   0.2928126533
116400,    1.164000,   93.356447,  -11.414941,479362.01249970, 34112.68770798,513474.70020768,   0.2930644270
116500,    1.165000,   93.345028,  -11.424747,479303.37420510, 34171.32575081,513474.69995591,   0.2933162007
116600,    1.166000,   93.333598,  -11.434554,479244.68555580, 34230.01414833,513474.69970413,   0.2935679743
116700,    1.167000,   93.322158,  -11.444361,479185.94655181, 34288.75290054,513474.69945236,   0.2938197481
116800,    1.168000,   93.310709,  -11.454167,479127.15719313, 34347.54200746,513474.69920058,   0.2940715217
116900,    1.169000,   93.299250,  -11.463974,479068.31747975, 34406.38146906,513474.69894881,   0.2943232954
117000,    1.170000,   93.287781,  -11.473780,479009.42741167, 34465.27128537,513474.69869704,   0.2945750691
117100,    1.171000,   93.276302,  -11.483587,478950.48698890, 34524.21145636,513474.69844526,   0.2948268428
117200,    1.172000,   93.264814,  -11.493394,478891.49621143, 34583.20198206,513474.69819349,   0.2950786164
117300,    1.173000,   93.253315,  -11.503200,478832.45507927, 34642.24286245,513474.69794172,   0.2953303902
117400,    1.174000,   93.241807,  -11.513007,478773.36359241, 34701.33409753,513474.69768994,   0.2955821638
117500,    1.175000,   93.230289,  -11.522814,478714.22175086, 34760.47568731,513474.69743817,   0.2958339374
117600,    1.176000,   93.218762,  -11.532620,478655.02955461, 34819.66763178,513474.69718639,   0.2960857110
117700,    1.177000,   93.207224,  -11.542427,478595.78700367, 34878.90993095,513474.69693462,   0.2963374848
117800,    1.178000,   93.195677,  -11.552234,478536.49409803, 34938.20258482,513474.69668285,   0.2965892585
117900,    1.179000,   93.184119,  -11.562040,478477.15083769, 34997.54559338,513474.69643107,   0.2968410321
118000,    1.180000,   93.172552,  -11.571847,478417.75722266, 35056.93895664,513474.69617930,   0.2970928059
118100,    1.181000,   93.160976,  -11.581654,478358.31325294, 35116.38267459,513474.69592753,   0.2973445795
118200,    1.182000,   93.149389,  -11.591460,478298.81892851, 35175.87674724,513474.69567575,   0.2975963532
118300,    1.183000,   93.137793,  -11.601267,478239.27424940, 35235.42117458,513474.69542398,   0.2978481269
118400,    1.184000,   93.126186,  -11.611074,478179.67921559, 35295.01595662,513474.69517221,   0.2980999007
118500,    1.185000,   93.114570,  -11.620880,478120.03382708, 35354.66109335,513474.69492043,   0.2983516743
118600,    1.186000,   93.102945,  -11.630687,478060.33808388, 35414.35658478,513474.69466866,   0.2986034479
118700,    1.187000,   93.091309,  -11.640494,478000.59198598, 35474.10243091,513474.69441688,   0.2988552217
118800,    1.188000,   93.079663,  -11.650300,477940.79553338, 35533.89863173,513474.69416511,   0.2991069953
118900,    1.189000,   93.068008,  -11.660107,477880.94872609, 35593.74518724,513474.69391334,   0.2993587689
119000,    1.190000,   93.056343,  -11.669913,477821.05156411, 35653.64209745,513474.69366156,   0.2996105427
119100,    1.191000,   93.044668,  -11.679720,477761.10404743, 35713.58936236,513474.69340979,   0.2998623165
119200,    1.192000,   93.032984,  -11.689527,477701.10617605, 35773.58698196,513474.69315802,   0.3001140900
119300,    1.193000,   93.021289,  -11.699333,477641.05794998, 35833.63495626,513474.69290624,   0.3003658637
119400,    1.194000,   93.009585,  -11.709140,477580.95936922, 35893.73328525,513474.69265447,   0.3006176373
119500,    1.195000,   92.997871,  -11.718947,477520.81043376, 35953.88196894,513474.69240269,   0.3008694111
119600,    1.196000,   92.986147,  -11.728753,477460.61114360, 36014.08100732,513474.69215092,   0.3011211848
119700,    1.197000,   92.974413,  -11.738560,477400.36149875, 36074.33040040,513474.69189915,   0.3013729585
119800,    1.198000,   92.962670,  -11.748367,477340.06149920, 36134.63014818,513474.69164737,   0.3016247323
119900,    1.199000,   92.950916,  -11.758173,477279.71114495, 36194.98025065,513474.69139560,   0.3018765058
120000,    1.200000,   92.939153,  -11.767980,477219.31043601, 36255.38070781,513474.69114383,   0.3021282795
120100,    1.201000,   92.927380,  -11.777787,477158.85937238, 36315.83151967,513474.69089205,   0.3023800533
120200,    1.202000,   92.915597,  -11.787593,477098.35795405, 36376.33268623,513474.69064028,   0.3026318268
120300,    1.203000,   92.903805,  -11.797400,477037.80618103, 36436.88420748,513474.69038851,   0.3028836005
120400,    1.204000,   92.892003,  -11.807207,476977.20405331, 36497.48608343,513474.69013673,   0.3031353743
120500,    1.205000,   92.880190,  -11.817013,476916.55157089, 36558.13831407,513474.68988496,   0.3033871479
120600,    1.206000,   92.868368,  -11.826820,476855.84873378, 36618.84089941,513474.68963318,   0.3036389216
120700,    1.207000,   92.856537,  -11.836627,476795.09554197, 36679.59383944,513474.68938141,   0.3038906953
120800,    1.208000,   92.844695,  -11.846433,476734.29199547, 36740.39713417,513474.68912964,   0.3041424690
120900,    1.209000,   92.832844,  -11.856240,476673.43809427, 36801.25078359,513474.68887786,   0.3043942427
121000,    1.210000,   92.820983,  -11.866046,476612.53383838, 36862.15478771,513474.68862609,   0.3046460163
121100,    1.211000,   92.809112,  -11.875853,476551.57922779, 36923.10914653,513474.68837432,   0.3048977901
121200,    1.212000,   92.797231,  -11.885660,476490.57426250, 36984.11386004,513474.68812254,   0.3051495638
121300,    1.213000,   92.785340,  -11.895466,476429.51894253, 37045.16892824,513474.68787077,   0.3054013374
121400,    1.214000,   92.773440,  -11.905273,476368.41326785, 37106.27435114,513474.68761899,   0.3056531111
121500,    1.215000,   92.761529,  -11.915080,476307.25723848, 37167.43012874,513474.68736722,   0.3059048849
121600,    1.216000,   92.749609,  -11.924886,476246.05085441, 37228.63626103,513474.68711545,   0.3061566585
121700,    1.217000,   92.737680,  -11.934693,476184.79411565, 37289.89274802,513474.68686367,   0.3064084321
121800,    1.218000,   92.725740,  -11.944500,476123.48702220, 37351.19958970,513474.68661190,   0.3066602059
121900,    1.219000,   92.713791,  -11.954306,476062.12957404, 37412.55678608,513474.68636013,   0.3069119796
122000,    1.220000,   92.701831,  -11.964113,476000.72177120, 37473.96433716,513474.68610835,   0.3071637531
122100,    1.221000,   92.689862,  -11.973920,475939.26361365, 37535.42224292,513474.68585658,   0.3074155269
122200,    1.222000,   92.677883,  -11.983726,475877.75510142, 37596.93050339,513474.68560481,   0.3076673007
122300,    1.223000,   92.665895,  -11.993533,475816.19623448, 37658.48911855,513474.68535303,   0.3079190743
122400,    1.224000,   92.653896,  -12.003340,475754.58701285, 37720.09808840,513474.68510126,   0.3081708480
122500,    1.225000,   92.641888,  -12.013146,475692.92743653, 37781.75741296,513474.68484948,   0.3084226217
122600,    1.226000,   92.629870,  -12.022953,475631.21750551, 37843.46709220,513474.68459771,   0.3086743954
122700,    1.227000,   92.617842,  -12.032760,475569.45721979, 37905.22712614,513474.68434594,   0.3089261691
122800,    1.228000,   92.605804,  -12.042566,475507.64657938, 37967.03751478,513474.68409416,   0.3091779428
122900,    1.229000,   92.593757,  -12.052373,475445.78558428, 38028.89825811,513474.68384239,   0.3094297164
123000,    1.230000,   92.581699,  -12.062179,475383.87423447, 38090.80935614,513474.68359062,   0.3096814901
123100,    1.231000,   92.569632,  -12.071986,475321.91252998, 38152.77080887,513474.68333884,   0.3099332638
123200,    1.232000,   92.557555,  -12.081793,475259.90047078, 38214.78261628,513474.68308707,   0.3101850376
123300,    1.233000,   92.545468,  -12.091599,475197.83805690, 38276.84477840,513474.68283529,   0.3104368112
123400,    1.234000,   92.533372,  -12.101406,475135.72528831, 38338.95729521,513474.68258352,   0.3106885848
123500,    1.235000,   92.521266,  -12.111213,475073.56216503, 38401.12016671,513474.68233175,   0.3109403587
123600,    1.236000,   92.509149,  -12.121019,475011.34868706, 38463.33339291,513474.68207997,   0.3111921323
123700,    1.237000,   92.497023,  -12.130826,474949.08485439, 38525.59697381,513474.68182820,   0.3114439059
123800,    1.238000,   92.484888,  -12.140633,474886.77066702, 38587.91090940,513474.68157643,   0.3116956797
123900,    1.239000,   92.472742,  -12.150439,474824.40612496, 38650.27519969,513474.68132465,   0.3119474534
124000,    1.240000,   92.460587,  -12.160246,474761.99122821, 38712.68984467,513474.68107288,   0.3121992270
124100,    1.241000,   92.448421,  -12.170053,474699.52597676, 38775.15484435,513474.68082111,   0.3124510007
124200,    1.242000,   92.436246,  -12.179859,474637.01037061, 38837.67019872,513474.68056933,   0.3127027745
124300,    1.243000,   92.424062,  -12.189666,474574.44440977, 38900.23590779,513474.68031756,   0.3129545481
124400,    1.244000,   92.411867,  -12.199473,474511.82809423, 38962.85197155,513474.68006578,   0.3132063218
124500,    1.245000,   92.399663,  -12.209279,474449.16142400, 39025.51839001,513474.67981401,   0.3134580955
124600,    1.246000,   92.387448,  -12.219086,474386.44439907, 39088.23516317,513474.67956224,   0.3137098692
124700,    1.247000,   92.375224,  -12.228893,474323.67701944, 39151.00229102,513474.67931046,   0.3139616429
124800,    1.248000,   92.362991,  -12.238699,474260.85928512, 39213.81977356,513474.67905869,   0.3142134166
124900,    1.249000,   92.350747,  -12.248506,474197.99119611, 39276.68761081,513474.67880692,   0.3144651903
125000,    1.250000,   92.338493,  -12.258312,474135.07275240, 39339.60580274,513474.67855514,   0.3147169639
125100,    1.251000,   92.326230,  -12.268119,474072.10395399, 39402.57434937,513474.67830337,   0.3149687377
125200,    1.252000,   92.313957,  -12.277926,474009.08480089, 39465.59325070,513474.67805159,   0.3152205114
125300,    1.253000,   92.301674,  -12.287732,473946.01529310, 39528.66250672,513474.67779982,   0.3154722851
125400,    1.254000,   92.289381,  -12.297539,473882.89543060, 39591.78211744,513474.67754805,   0.3157240587
125500,    1.255000,   92.277079,  -12.307346,473819.72521342, 39654.95208286,513474.67729627,   0.3159758325
125600,    1.256000,   92.264767,  -12.317152,473756.50464153, 39718.17240297,513474.67704450,   0.3162276061
125700,    1.257000,   92.252445,  -12.326959,473693.23371496, 39781.44307777,513474.67679273,   0.3164793798
125800,    1.258000,   92.240113,  -12.336766,473629.91243368, 39844.76410727,513474.67654095,   0.3167311535
125900,    1.259000,   92.227771,  -12.346572,473566.54079771, 39908.13549147,513474.67628918,   0.3169829273
126000,    1.260000,   92.215419,  -12.356379,473503.11880705, 39971.55723036,513474.67603740,   0.3172347008
126100,    1.261000,   92.203058,  -12.366186,473439.64646169, 40035.02932394,513474.67578563,   0.3174864745
126200,    1.262000,   92.190687,  -12.375992,473376.12376163, 40098.55177222,513474.67553386,   0.3177382484
126300,    1.263000,   92.178306,  -12.385799,473312.55070688, 40162.12457520,513474.67528208,   0.3179900220
126400,    1.264000,   92.165915,  -12.395606,473248.92729744, 40225.74773287,513474.67503031,   0.3182417957
126500,    1.265000,   92.153515,  -12.405412,473185.25353329, 40289.42124524,513474.67477854,   0.3184935694
126600,    1.266000,   92.141104,  -12.415219,473121.52941446, 40353.14511231,513474.67452676,   0.3187453431
126700,    1.267000,   92.128684,  -12.425026,473057.75494092, 40416.91933406,513474.67427499,   0.3189971167
126800,    1.268000,   92.116254,  -12.434832,472993.93011270, 40480.74391052,513474.67402322,   0.3192488904
126900,    1.269000,   92.103814,  -12.444639,472930.05492977, 40544.61884167,513474.67377144,   0.3195006642
127000,    1.270000,   92.091365,  -12.454445,472866.12939215, 40608.54412751,513474.67351967,   0.3197524378
127100,    1.271000,   92.078905,  -12.464252,472802.15349984, 40672.51976805,513474.67326789,   0.3200042116
127200,    1.272000,   92.066436,  -12.474059,472738.12725283, 40736.54576329,513474.67301612,   0.3202559853
127300,    1.273000,   92.053957,  -12.483865,472674.05065113, 40800.62211322,513474.67276435,   0.3205077589
127400,    1.274000,   92.041468,  -12.493672,472609.92369472, 40864.74881785,513474.67251257,   0.3207595326
127500,    1.275000,   92.028970,  -12.503479,472545.74638363, 40928.92587717,513474.67226080,   0.3210113064
127600,    1.276000,   92.016461,  -12.513285,472481.51871784, 40993.15329119,513474.67200903,   0.3212630802
127700,    1.277000,   92.003943,  -12.523092,472417.24069735, 41057.43105990,513474.67175725,   0.3215148538
127800,    1.278000,   91.991415,  -12.532899,472352.91232217, 41121.75918331,513474.67150548,   0.3217666274
127900,    1.279000,   91.978877,  -12.542705,472288.53359229, 41186.13766141,513474.67125370,   0.3220184012
128000,    1.280000,   91.966330,  -12.552512,472224.10450772, 41250.56649421,513474.67100193,   0.3222701749
128100,    1.281000,   91.953772,  -12.562319,472159.62506845, 41315.04568171,513474.67075016,   0.3225219485
128200,    1.282000,   91.941205,  -12.572125,472095.09527448, 41379.57522390,513474.67049838,   0.3227737223
128300,    1.283000,   91.928628,  -12.581932,472030.51512583, 41444.15512078,513474.67024661,   0.3230254959
128400,    1.284000,   91.916041,  -12.591739,471965.88462247, 41508.78537237,513474.66999484,   0.3232772696
128500,    1.285000,   91.903444,  -12.601545,471901.20376442, 41573.46597864,513474.66974306,   0.3235290433
128600,    1.286000,   91.890838,  -12.611352,471836.47255167, 41638.19693961,513474.66949129,   0.3237808171
128700,    1.287000,   91.878221,  -12.621159,471771.69098423, 41702.97825528,513474.66923952,   0.3240325907
128800,    1.288000,   91.865595,  -12.630965,471706.85906210, 41767.80992564,513474.66898774,   0.3242843645
128900,    1.289000,   91.852959,  -12.640772,471641.97678527, 41832.69195070,513474.66873597,   0.3245361382
129000,    1.290000,   91.840314,  -12.650578,471577.04415374, 41897.62433046,513474.66848419,   0.3247879119
129100,    1.291000,   91.827658,  -12.660385,471512.06116752, 41962.60706491,513474.66823242,   0.3250396855
129200,    1.292000,   91.814993,  -12.670192,471447.02782660, 42027.64015405,513474.66798065,   0.3252914592
129300,    1.293000,   91.802318,  -12.679998,471381.94413098, 42092.72359789,513474.66772887,   0.3255432330
129400,    1.294000,   91.789633,  -12.689805,471316.81008067, 42157.85739643,513474.66747710,   0.3257950065
129500,    1.295000,   91.776938,  -12.699612,471251.62567567, 42223.04154966,513474.66722533,   0.3260467803
129600,    1.296000,   91.764233,  -12.709418,471186.39091597, 42288.27605758,513474.66697355,   0.3262985541
129700,    1.297000,   91.751519,  -12.719225,471121.10580157, 42353.56092020,513474.66672178,   0.3265503278
129800,    1.298000,   91.738795,  -12.729032,471055.77033248, 42418.89613752,513474.66647000,   0.3268021015
129900,    1.299000,   91.726061,  -12.738838,470990.38450870, 42484.28170953,513474.66621823,   0.3270538751
130000,    1.300000,   91.713317,  -12.748645,470924.94833022, 42549.71763624,513474.66596646,   0.3273056489
130100,    1.301000,   91.700563,  -12.758452,470859.46179704, 42615.20391764,513474.66571468,   0.3275574225
130200,    1.302000,   91.687800,  -12.768258,470793.92490917, 42680.74055374,513474.66546291,   0.3278091963
130300,    1.303000,   91.675027,  -12.778065,470728.33766660, 42746.32754454,513474.66521114,   0.3280609701
130400,    1.304000,   91.662244,  -12.787872,470662.70006933, 42811.96489003,513474.66495936,   0.3283127437
130500,    1.305000,   91.649451,  -12.797678,470597.01211738, 42877.65259021,513474.66470759,   0.3285645173
130600,    1.306000,   91.636648,  -12.807485,470531.27381072, 42943.39064509,513474.66445581,   0.3288162911
130700,    1.307000,   91.623836,  -12.817292,470465.48514937, 43009.17905467,513474.66420404,   0.3290680647
130800,    1.308000,   91.611014,  -12.827098,470399.64613333, 43075.01781894,513474.66395227,   0.3293198384
130900,    1.309000,   91.598182,  -12.836905,470333.75676259, 43140.90693791,513474.66370049,   0.3295716122
131000,    1.310000,   91.585340,  -12.846711,470267.81703715, 43206.84641157,513474.66344872,   0.3298233859
131100,    1.311000,   91.572488,  -12.856518,470201.82695702, 43272.83623993,513474.66319695,   0.3300751596
131200,    1.312000,   91.559627,  -12.866325,470135.78652219, 43338.87642298,513474.66294517,   0.3303269332
131300,    1.313000,   91.546755,  -12.876131,470069.69573267, 43404.96696073,513474.66269340,   0.3305787071
131400,    1.314000,   91.533874,  -12.885938,470003.55458845, 43471.10785317,513474.66244163,   0.3308304807
131500,    1.315000,   91.520983,  -12.895745,469937.36308954, 43537.29910031,513474.66218985,   0.3310822544
131600,    1.316000,   91.508083,  -12.905551,469871.12123593, 43603.54070215,513474.66193808,   0.3313340281
131700,    1.317000,   91.495172,  -12.915358,469804.82902763, 43669.83265868,513474.66168630,   0.3315858019
131800,    1.318000,   91.482252,  -12.925165,469738.48646463, 43736.17496990,513474.66143453,   0.3318375755
131900,    1.319000,   91.469322,  -12.934971,469672.09354693, 43802.56763582,513474.66118276,   0.3320893492
132000,    1.320000,   91.456382,  -12.944778,469605.65027454, 43869.01065644,513474.66093098,   0.3323411230
132100,    1.321000,   91.443432,  -12.954585,469539.15664746, 43935.50403175,513474.66067921,   0.3325928966
132200,    1.322000,   91.430473,  -12.964391,469472.61266568, 44002.04776176,513474.66042744,   0.3328446703
132300,    1.323000,   91.417503,  -12.974198,469406.01832920, 44068.64184646,513474.66017566,   0.3330964441
132400,    1.324000,   91.404524,  -12.984005,469339.37363803, 44135.28628586,513474.65992389,   0.3333482178
132500,    1.325000,   91.391535,  -12.993811,469272.67859216, 44201.98107995,513474.65967211,   0.3335999913
132600,    1.326000,   91.378536,  -13.003618,469205.93319160, 44268.72622874,513474.65942034,   0.3338517651
132700,    1.327000,   91.365528,  -13.013425,469139.13743634, 44335.52173223,513474.65916857,   0.3341035389
132800,    1.328000,   91.352509,  -13.023231,469072.29132639, 44402.36759041,513474.65891679,   0.3343553126
132900,    1.329000,   91.339481,  -13.033038,469005.39486174, 44469.26380328,513474.65866502,   0.3346070863
133000,    1.330000,   91.326443,  -13.042844,468938.44804239, 44536.21037085,513474.65841325,   0.3348588601
133100,    1.331000,   91.313395,  -13.052651,468871.45086835, 44603.20729312,513474.65816147,   0.3351106338
133200,    1.332000,   91.300338,  -13.062458,468804.40333962, 44670.25457008,513474.65790970,   0.3353624074
133300,    1.333000,   91.287270,  -13.072264,468737.30545619, 44737.35220174,513474.65765792,   0.3356141811
133400,    1.334000,   91.274193,  -13.082071,468670.15721806, 44804.50018809,513474.65740615,   0.3358659549
133500,    1.335000,   91.261106,  -13.091878,468602.95862524, 44871.69852914,513474.65715438,   0.3361177286
133600,    1.336000,   91.248009,  -13.101684,468535.70967772, 44938.94722488,513474.65690260,   0.3363695022
133700,    1.337000,   91.234903,  -13.111491,468468.41037551, 45006.24627532,513474.65665083,   0.3366212760
133800,    1.338000,   91.221786,  -13.121298,468401.06071860, 45073.59568046,513474.65639906,   0.3368730496
133900,    1.339000,   91.208660,  -13.131104,468333.66070700, 45140.99544028,513474.65614728,   0.3371248234
134000,    1.340000,   91.195524,  -13.140911,468266.21034070, 45208.44555481,513474.65589551,   0.3373765971
134100,    1.341000,   91.182378,  -13.150718,468198.70961970, 45275.94602403,513474.65564373,   0.3376283708
134200,    1.342000,   91.169222,  -13.160524,468131.15854401, 45343.49684795,513474.65539196,   0.3378801445
134300,    1.343000,   91.156057,  -13.170331,468063.55711363, 45411.09802656,513474.65514019,   0.3381319182
134400,    1.344000,   91.142882,  -13.180138,467995.90532855, 45478.74955986,513474.65488841,   0.3383836920
134500,    1.345000,   91.129697,  -13.189944,467928.20318877, 45546.45144787,513474.65463664,   0.3386354656
134600,    1.346000,   91.116502,  -13.199751,467860.45069430, 45614.20369056,513474.65438487,   0.3388872393
134700,    1.347000,   91.103297,  -13.209558,467792.64784514, 45682.00628796,513474.65413309,   0.3391390131
134800,    1.348000,   91.090082,  -13.219364,467724.79464127, 45749.85924005,513474.65388132,   0.3393907868
134900,    1.349000,   91.076858,  -13.229171,467656.89108272, 45817.76254683,513474.65362955,   0.3396425605
135000,    1.350000,   91.063624,  -13.238977,467588.93716946, 45885.71620831,513474.65337777,   0.3398943343
135100,    1.351000,   91.050380,  -13.248784,467520.93290151, 45953.72022448,513474.65312600,   0.3401461079
135200,    1.352000,   91.037126,  -13.258591,467452.87827887, 46021.77459535,513474.65287422,   0.3403978816
135300,    1.353000,   91.023863,  -13.268397,467384.77330153, 46089.87932092,513474.65262245,   0.3406496553
135400,    1.354000,   91.010589,  -13.278204,467316.61796950, 46158.03440118,513474.65237068,   0.3409014291
135500,    1.355000,   90.997306,  -13.288011,467248.41228277, 46226.23983614,513474.65211890,   0.3411532028
135600,    1.356000,   90.984013,  -13.297817,467180.15624134, 46294.49562579,513474.65186713,   0.3414049765
135700,    1.357000,   90.970711,  -13.307624,467111.84984522, 46362.80177014,513474.65161536,   0.3416567502
135800,    1.358000,   90.957398,  -13.317431,467043.49309440, 46431.15826918,513474.65136358,   0.3419085240
135900,    1.359000,   90.944076,  -13.327237,466975.08598889, 46499.56512292,513474.65111181,   0.3421602976
136000,    1.360000,   90.930743,  -13.337044,466906.62852868, 46568.02233135,513474.65086003,   0.3424120713
136100,    1.361000,   90.917401,  -13.346851,466838.12071378, 46636.52989448,513474.65060826,   0.3426638451
136200,    1.362000,   90.904050,  -13.356657,466769.56254418, 46705.08781230,513474.65035649,   0.3429156187
136300,    1.363000,   90.890688,  -13.366464,466700.95401989, 46773.69608482,513474.65010471,   0.3431673924
136400,    1.364000,   90.877317,  -13.376271,466632.29514090, 46842.35471204,513474.64985294,   0.3434191663
136500,    1.365000,   90.863935,  -13.386077,466563.58590722, 46911.06369395,513474.64960117,   0.3436709398
136600,    1.366000,   90.850544,  -13.395884,466494.82631884, 46979.82303056,513474.64934939,   0.3439227136
136700,    1.367000,   90.837143,  -13.405691,466426.01637576, 47048.63272186,513474.64909762,   0.3441744873
136800,    1.368000,   90.823733,  -13.415497,466357.15607799, 47117.49276785,513474.64884584,   0.3444262611
136900,    1.369000,   90.810312,  -13.425304,466288.24542552, 47186.40316855,513474.64859407,   0.3446780348
137000,    1.370000,   90.796882,  -13.435110,466219.28441836, 47255.36392394,513474.64834230,   0.3449298085
137100,    1.371000,   90.783442,  -13.444917,466150.27305651, 47324.37503402,513474.64809052,   0.3451815823
137200,    1.372000,   90.769992,  -13.454724,466081.21133995, 47393.43649880,513474.64783875,   0.3454333559
137300,    1.373000,   90.756533,  -13.464530,466012.09926870, 47462.54831827,513474.64758698,   0.3456851296
137400,    1.374000,   90.743063,  -13.474337,465942.93684276, 47531.71049244,513474.64733520,   0.3459369034
137500,    1.375000,   90.729584,  -13.484144,465873.72406212, 47600.92302131,513474.64708343,   0.3461886771
137600,    1.376000,   90.716095,  -13.493950,465804.46092679, 47670.18590487,513474.64683166,   0.3464404507
137700,    1.377000,   90.702596,  -13.503757,465735.14743676, 47739.49914312,513474.64657988,   0.3466922245
137800,    1.378000,   90.689087,  -13.513564,465665.78359203, 47808.86273607,513474.64632811,   0.3469439982
137900,    1.379000,   90.675569,  -13.523370,465596.36939261, 47878.27668372,513474.64607633,   0.3471957719
138000,    1.380000,   90.662040,  -13.533177,465526.90483850, 47947.74098606,513474.64582456,   0.3474475457
138100,    1.381000,   90.648502,  -13.542984,465457.38992969, 48017.25564310,513474.64557279,   0.3476993194
138200,    1.382000,   90.634954,  -13.552790,465387.82466618, 48086.82065483,513474.64532101,   0.3479510931
138300,    1.383000,   90.621396,  -13.562597,465318.20904798, 48156.43602126,513474.64506924,   0.3482028668
138400,    1.384000,   90.607829,  -13.572404,465248.54307508, 48226.10174239,513474.64481747,   0.3484546405
138500,    1.385000,   90.594251,  -13.582210,465178.82674749, 48295.81781820,513474.64456569,   0.3487064142
138600,    1.386000,   90.580664,  -13.592017,465109.06006520, 48365.58424872,513474.64431392,   0.3489581879
138700,    1.387000,   90.567067,  -13.601824,465039.24302821, 48435.40103393,513474.64406214,   0.3492099617
138800,    1.388000,   90.553461,  -13.611630,464969.37563654, 48505.26817383,513474.64381037,   0.3494617355
138900,    1.389000,   90.539844,  -13.621437,464899.45789016, 48575.18566844,513474.64355860,   0.3497135090
139000,    1.390000,   90.526218,  -13.631243,464829.48978909, 48645.15351773,513474.64330682,   0.3499652828
139100,    1.391000,   90.512581,  -13.641050,464759.47133332, 48715.17172172,513474.64305505,   0.3502170566
139200,    1.392000,   90.498935,  -13.650857,464689.40252286, 48785.24028041,513474.64280328,   0.3504688302
139300,    1.393000,   90.485280,  -13.660663,464619.28335771, 48855.35919379,513474.64255150,   0.3507206040
139400,    1.394000,   90.471614,  -13.670470,464549.11383786, 48925.52846187,513474.64229973,   0.3509723777
139500,    1.395000,   90.457939,  -13.680277,464478.89396331, 48995.74808465,513474.64204795,   0.3512241515
139600,    1.396000,   90.444253,  -13.690083,464408.62373407, 49066.01806211,513474.64179618,   0.3514759251
139700,    1.397000,   90.430558,  -13.699890,464338.30315013, 49136.33839428,513474.64154441,   0.3517276989
139800,    1.398000,   90.416853,  -13.709697,464267.93221149, 49206.70908114,513474.64129263,   0.3519794726
139900,    1.399000,   90.403139,  -13.719503,464197.51091817, 49277.13012269,513474.64104086,   0.3522312462
140000,    1.400000,   90.389414,  -13.729310,464127.03927014, 49347.60151895,513474.64078909,   0.3524830199
140100,    1.401000,   90.375680,  -13.739117,464056.51726742, 49418.12326989,513474.64053731,   0.3527347937
140200,    1.402000,   90.361936,  -13.748923,463985.94491001, 49488.69537553,513474.64028554,   0.3529865674
140300,    1.403000,   90.348182,  -13.758730,463915.32219789, 49559.31783587,513474.64003376,   0.3532383412
140400,    1.404000,   90.334418,  -13.768537,463844.64913109, 49629.99065090,513474.63978199,   0.3534901149
140500,    1.405000,   90.320645,  -13.778343,463773.92570959, 49700.71382063,513474.63953022,   0.3537418886
140600,    1.406000,   90.306862,  -13.788150,463703.15193339, 49771.48734505,513474.63927844,   0.3539936624
140700,    1.407000,   90.293069,  -13.797957,463632.32780250, 49842.31122417,513474.63902667,   0.3542454360
140800,    1.408000,   90.279266,  -13.807763,463561.45331691, 49913.18545799,513474.63877490,   0.3544972099
140900,    1.409000,   90.265453,  -13.817570,463490.52847663, 49984.11004650,513474.63852312,   0.3547489835
141000,    1.410000,   90.251630,  -13.827376,463419.55328165, 50055.08498970,513474.63827135,   0.3550007572
141100,    1.411000,   90.237798,  -13.837183,463348.52773197, 50126.11028760,513474.63801957,   0.3552525309
141200,    1.412000,   90.223956,  -13.846990,463277.45182760, 50197.18594020,513474.63776780,   0.3555043047
141300,    1.413000,   90.210104,  -13.856796,463206.32556854, 50268.31194749,513474.63751603,   0.3557560784
141400,    1.414000,   90.196242,  -13.866603,463135.14895478, 50339.48830947,513474.63726425,   0.3560078521
141500,    1.415000,   90.182371,  -13.876410,463063.92198632, 50410.71502616,513474.63701248,   0.3562596259
141600,    1.416000,   90.168489,  -13.886216,462992.64466317, 50481.99209753,513474.63676071,   0.3565113996
141700,    1.417000,   90.154598,  -13.896023,462921.31698533, 50553.31952361,513474.63650893,   0.3567631733
141800,    1.418000,   90.140697,  -13.905830,462849.93895278, 50624.69730438,513474.63625716,   0.3570149470
141900,    1.419000,   90.126786,  -13.915636,462778.51056555, 50696.12543984,513474.63600538,   0.3572667208
142000,    1.420000,   90.112866,  -13.925443,462707.03182361, 50767.60393000,513474.63575361,   0.3575184944
142100,    1.421000,   90.098935,  -13.935250,462635.50272698, 50839.13277485,513474.63550184,   0.3577702682
142200,    1.422000,   90.084995,  -13.945056,462563.92327566, 50910.71197440,513474.63525006,   0.3580220420
142300,    1.423000,   90.071045,  -13.954863,462492.29346964, 50982.34152865,513474.63499829,   0.3582738156
142400,    1.424000,   90.057085,  -13.964670,462420.61330893, 51054.02143759,513474.63474652,   0.3585255893
142500,    1.425000,   90.043116,  -13.974476,462348.88279352, 51125.75170123,513474.63449474,   0.3587773631
142600,    1.426000,   90.029136,  -13.984283,462277.10192341, 51197.53231956,513474.63424297,   0.3590291368
142700,    1.427000,   90.015147,  -13.994090,462205.27069861, 51269.36329259,513474.63399120,   0.3592809105
142800,    1.428000,   90.001148,  -14.003896,462133.38911911, 51341.24462031,513474.63373942,   0.3595326843
142900,    1.429000,   89.987139,  -14.013703,462061.45718492, 51413.17630273,513474.63348765,   0.3597844580
143000,    1.430000,   89.973121,  -14.023509,461989.47489603, 51485.15833984,513474.63323587,   0.3600362316
143100,    1.431000,   89.959092,  -14.033316,461917.44225245, 51557.19073165,513474.63298410,   0.3602880054
143200,    1.432000,   89.945054,  -14.043123,461845.35925417, 51629.27347815,513474.63273233,   0.3605397792
143300,    1.433000,   89.931006,  -14.052929,461773.22590120, 51701.40657935,513474.63248055,   0.3607915529
143400,    1.434000,   89.916948,  -14.062736,461701.04219353, 51773.59003525,513474.63222878,   0.3610433266
143500,    1.435000,   89.902880,  -14.072543,461628.80813117, 51845.82384584,513474.63197701,   0.3612951004
143600,    1.436000,   89.888803,  -14.082349,461556.52371411, 51918.10801112,513474.63172523,   0.3615468740
143700,    1.437000,   89.874715,  -14.092156,461484.18894235, 51990.44253111,513474.63147346,   0.3617986477
143800,    1.438000,   89.860618,  -14.101963,461411.80381590, 52062.82740578,513474.63122168,   0.3620504215
143900,    1.439000,   89.846511,  -14.111769,461339.36833476, 52135.26263516,513474.63096991,   0.3623021953
144000,    1.440000,   89.832395,  -14.121576,461266.88249891, 52207.74821922,513474.63071814,   0.3625539689
144100,    1.441000,   89.818268,  -14.131383,461194.34630838, 52280.28415799,513474.63046636,   0.3628057427
144200,    1.442000,   89.804132,  -14.141189,461121.75976314, 52352.87045145,513474.63021459,   0.3630575165
144300,    1.443000,   89.789986,  -14.150996,461049.12286322, 52425.50709960,513474.62996282,   0.3633092901
144400,    1.444000,   89.775830,  -14.160803,460976.43560859, 52498.19410245,513474.62971104,   0.3635610638
144500,    1.445000,   89.761664,  -14.170609,460903.69799927, 52570.93145999,513474.62945927,   0.3638128376
144600,    1.446000,   89.747488,  -14.180416,460830.91003526, 52643.71917223,513474.62920749,   0.3640646113
144700,    1.447000,   89.733303,  -14.190223,460758.07171655, 52716.55723917,513474.62895572,   0.3643163850
144800,    1.448000,   89.719108,  -14.200029,460685.18304315, 52789.44566080,513474.62870395,   0.3645681588
144900,    1.449000,   89.704903,  -14.209836,460612.24401505, 52862.38443713,513474.62845217,   0.3648199326
145000,    1.450000,   89.690688,  -14.219642,460539.25463225, 52935.37356815,513474.62820040,   0.3650717062
145100,    1.451000,   89.676463,  -14.229449,460466.21489476, 53008.41305387,513474.62794863,   0.3653234799
145200,    1.452000,   89.662229,  -14.239256,460393.12480257, 53081.50289428,513474.62769685,   0.3655752537
145300,    1.453000,   89.647985,  -14.249062,460319.98435569, 53154.64308939,513474.62744508,   0.3658270275
145400,    1.454000,   89.633731,  -14.258869,460246.79355411, 53227.83363919,513474.62719330,   0.3660788010
145500,    1.455000,   89.619467,  -14.268676,460173.55239784, 53301.07454369,513474.62694153,   0.3663305749
145600,    1.456000,   89.605193,  -14.278482,460100.26088687, 53374.36580289,513474.62668976,   0.3665823487
145700,    1.457000,   89.590910,  -14.288289,460026.91902121, 53447.70741678,513474.62643798,   0.3668341223
145800,    1.458000,   89.576617,  -14.298096,459953.52680085, 53521.09938536,513474.62618621,   0.3670858960
145900,    1.459000,   89.562314,  -14.307902,459880.08422579, 53594.54170864,513474.62593444,   0.3673376699
146000,    1.460000,   89.548001,  -14.317709,459806.59129604, 53668.03438662,513474.62568266,   0.3675894436
146100,    1.461000,   89.533678,  -14.327516,459733.04801160, 53741.57741929,513474.62543089,   0.3678412173
146200,    1.462000,   89.519346,  -14.337322,459659.45437246, 53815.17080666,513474.62517911,   0.3680929911
146300,    1.463000,   89.505003,  -14.347129,459585.81037862, 53888.81454872,513474.62492734,   0.3683447647
146400,    1.464000,   89.490651,  -14.356936,459512.11603009, 53962.50864548,513474.62467557,   0.3685965384
146500,    1.465000,   89.476289,  -14.366742,459438.37132686, 54036.25309693,513474.62442379,   0.3688483122
146600,    1.466000,   89.461918,  -14.376549,459364.57626894, 54110.04790308,513474.62417202,   0.3691000860
146700,    1.467000,   89.447536,  -14.386356,459290.73085632, 54183.89306392,513474.62392025,   0.3693518596
146800,    1.468000,   89.433145,  -14.396162,459216.83508901, 54257.78857946,513474.62366847,   0.3696036334
146900,    1.469000,   89.418744,  -14.405969,459142.88896700, 54331.73444970,513474.62341670,   0.3698554072
147000,    1.470000,   89.404333,  -14.415775,459068.89249029, 54405.73067463,513474.62316492,   0.3701071809
147100,    1.471000,   89.389912,  -14.425582,458994.84565889, 54479.77725426,513474.62291315,   0.3703589546
147200,    1.472000,   89.375482,  -14.435389,458920.74847280, 54553.87418858,513474.62266138,   0.3706107283
147300,    1.473000,   89.361041,  -14.445195,458846.60093201, 54628.02147759,513474.62240960,   0.3708625021
147400,    1.474000,   89.346591,  -14.455002,458772.40303652, 54702.21912131,513474.62215783,   0.3711142758
147500,    1.475000,   89.332131,  -14.464809,458698.15478634, 54776.46711971,513474.62190606,   0.3713660496
147600,    1.476000,   89.317661,  -14.474615,458623.85618146, 54850.76547282,513474.62165428,   0.3716178234
147700,    1.477000,   89.303182,  -14.484422,458549.50722189, 54925.11418062,513474.62140251,   0.3718695970
147800,    1.478000,   89.288693,  -14.494229,458475.10790762, 54999.51324311,513474.62115074,   0.3721213707
147900,    1.479000,   89.274193,  -14.504035,458400.65823866, 55073.96266030,513474.62089896,   0.3723731445
148000,    1.480000,   89.259684,  -14.513842,458326.15821500, 55148.46243219,513474.62064719,   0.3726249182
148100,    1.481000,   89.245166,  -14.523649,458251.60783665, 55223.01255877,513474.62039541,   0.3728766919
148200,    1.482000,   89.230637,  -14.533455,458177.00710360, 55297.61304004,513474.62014364,   0.3731284657
148300,    1.483000,   89.216099,  -14.543262,458102.35601585, 55372.26387601,513474.61989187,   0.3733802395
148400,    1.484000,   89.201550,  -14.553069,458027.65457341, 55446.96506668,513474.61964009,   0.3736320132
148500,    1.485000,   89.186992,  -14.562875,457952.90277628, 55521.71661204,513474.61938832,   0.3738837868
148600,    1.486000,   89.172424,  -14.572682,457878.10062445, 55596.51851210,513474.61913655,   0.3741355607
148700,    1.487000,   89.157847,  -14.582489,457803.24811792, 55671.37076685,513474.61888477,   0.3743873343
148800,    1.488000,   89.143259,  -14.592295,457728.34525670, 55746.27337630,513474.61863300,   0.3746391081
148900,    1.489000,   89.128662,  -14.602102,457653.39204078, 55821.22634044,513474.61838122,   0.3748908818
149000,    1.490000,   89.114055,  -14.611908,457578.38847017, 55896.22965928,513474.61812945,   0.3751426556
149100,    1.491000,   89.099438,  -14.621715,457503.33454486, 55971.28333282,513474.61787768,   0.3753944293
149200,    1.492000,   89.084812,  -14.631522,457428.23026486, 56046.38736105,513474.61762590,   0.3756462030
149300,    1.493000,   89.070175,  -14.641328,457353.07563016, 56121.54174397,513474.61737413,   0.3758979769
149400,    1.494000,   89.055529,  -14.651135,457277.87064076, 56196.74648159,513474.61712236,   0.3761497505
149500,    1.495000,   89.040873,  -14.660942,457202.61529667, 56272.00157391,513474.61687058,   0.3764015243
149600,    1.496000,   89.026207,  -14.670748,457127.30959789, 56347.30702092,513474.61661881,   0.3766532980
149700,    1.497000,   89.011531,  -14.680555,457051.95354441, 56422.66282263,513474.61636703,   0.3769050718
149800,    1.498000,   88.996846,  -14.690362,456976.54713623, 56498.06897903,513474.61611526,   0.3771568455
149900,    1.499000,   88.982150,  -14.700168,456901.09037336, 56573.52549013,513474.61586349,   0.3774086192
150000,    1.500000,   88.967445,  -14.709975,456825.58325579, 56649.03235592,513474.61561171,   0.3776603930
150100,    1.501000,   88.952730,  -14.719782,456750.02578353, 56724.58957641,513474.61535994,   0.3779121667
150200,    1.502000,   88.938006,  -14.729588,456674.41795657, 56800.19715160,513474.61510817,   0.3781639404
150300,    1.503000,   88.923271,  -14.739395,456598.75977492, 56875.85508148,513474.61485639,   0.3784157143
150400,    1.504000,   88.908527,  -14.749202,456523.05123857, 56951.56336605,513474.61460462,   0.3786674879
150500,    1.505000,   88.893772,  -14.759008,456447.29234752, 57027.32200532,513474.61435284,   0.3789192616
150600,    1.506000,   88.879009,  -14.768815,456371.48310178, 57103.13099929,513474.61410107,   0.3791710354
150700,    1.507000,   88.864235,  -14.778622,456295.62350135, 57178.99034795,513474.61384930,   0.3794228091
150800,    1.508000,   88.849451,  -14.788428,456219.71354622, 57254.90005131,513474.61359752,   0.3796745829
150900,    1.509000,   88.834658,  -14.798235,456143.75323639, 57330.86010936,513474.61334575,   0.3799263565
151000,    1.510000,   88.819855,  -14.808041,456067.74257187, 57406.87052211,513474.61309398,   0.3801781305
151100,    1.511000,   88.805042,  -14.817848,455991.68155265, 57482.93128955,513474.61284220,   0.3804299040
151200,    1.512000,   88.790219,  -14.827655,455915.57017874, 57559.04241169,513474.61259043,   0.3806816778
151300,    1.513000,   88.775386,  -14.837461,455839.40845013, 57635.20388852,513474.61233865,   0.3809334516
151400,    1.514000,   88.760544,  -14.847268,455763.19636683, 57711.41572005,513474.61208688,   0.3811852253
151500,    1.515000,   88.745692,  -14.857075,455686.93392883, 57787.67790628,513474.61183511,   0.3814369990
151600,    1.516000,   88.730830,  -14.866881,455610.62113614, 57863.99044720,513474.61158333,   0.3816887728
151700,    1.517000,   88.715958,  -14.876688,455534.25798875, 57940.35334281,513474.61133156,   0.3819405466
151800,    1.518000,   88.701076,  -14.886495,455457.84448666, 58016.76659312,513474.61107979,   0.3821923202
151900,    1.519000,   88.686185,  -14.896301,455381.38062988, 58093.23019813,513474.61082801,   0.3824440940
152000,    1.520000,   88.671283,  -14.906108,455304.86641841, 58169.74415783,513474.61057624,   0.3826958679
152100,    1.521000,   88.656372,  -14.915915,455228.30185224, 58246.30847223,513474.61032446,   0.3829476416
152200,    1.522000,   88.641451,  -14.925721,455151.68693137, 58322.92314132,513474.61007269,   0.3831994152
152300,    1.523000,   88.626521,  -14.935528,455075.02165581, 58399.58816511,513474.60982092,   0.3834511890
152400,    1.524000,   88.611580,  -14.945335,454998.30602555, 58476.30354359,513474.60956914,   0.3837029628
152500,    1.525000,   88.596630,  -14.955141,454921.54004060, 58553.06927677,513474.60931737,   0.3839547365
152600,    1.526000,   88.581670,  -14.964948,454844.72370095, 58629.88536465,513474.60906560,   0.3842065102
152700,    1.527000,   88.566700,  -14.974755,454767.85700661, 58706.75180722,513474.60881382,   0.3844582840
152800,    1.528000,   88.551720,  -14.984561,454690.93995757, 58783.66860448,513474.60856205,   0.3847100577
152900,    1.529000,   88.536731,  -14.994368,454613.97255383, 58860.63575644,513474.60831027,   0.3849618314
153000,    1.530000,   88.521731,  -15.004174,454536.95479540, 58937.65326310,513474.60805850,   0.3852136052
153100,    1.531000,   88.506722,  -15.013981,454459.88668228, 59014.72112445,513474.60780673,   0.3854653789
153200,    1.532000,   88.491703,  -15.023788,454382.76821446, 59091.83934050,513474.60755495,   0.3857171527
153300,    1.533000,   88.476675,  -15.033594,454305.59939194, 59169.00791124,513474.60730318,   0.3859689264
153400,    1.534000,   88.461636,  -15.043401,454228.38021473, 59246.22683668,513474.60705141,   0.3862207002
153500,    1.535000,   88.446588,  -15.053208,454151.11068282, 59323.49611681,513474.60679963,   0.3864724739
153600,    1.536000,   88.431530,  -15.063014,454073.79079622, 59400.81575164,513474.60654786,   0.3867242476
153700,    1.537000,   88.416462,  -15.072821,453996.42055492, 59478.18574116,513474.60629608,   0.3869760215
153800,    1.538000,   88.401384,  -15.082628,453918.99995893, 59555.60608538,513474.60604431,   0.3872277951
153900,    1.539000,   88.386296,  -15.092434,453841.52900824, 59633.07678430,513474.60579254,   0.3874795689
154000,    1.540000,   88.371199,  -15.102241,453764.00770285, 59710.59783791,513474.60554076,   0.3877313426
154100,    1.541000,   88.356092,  -15.112048,453686.43604277, 59788.16924622,513474.60528899,   0.3879831164
154200,    1.542000,   88.340975,  -15.121854,453608.81402800, 59865.79100922,513474.60503722,   0.3882348901
154300,    1.543000,   88.325848,  -15.131661,453531.14165853, 59943.46312691,513474.60478544,   0.3884866639
154400,    1.544000,   88.310711,  -15.141468,453453.41893436, 60021.18559931,513474.60453367,   0.3887384377
154500,    1.545000,   88.295565,  -15.151274,453375.64585550, 60098.95842639,513474.60428189,   0.3889902114
154600,    1.546000,   88.280409,  -15.161081,453297.82242194, 60176.78160818,513474.60403012,   0.3892419851
154700,    1.547000,   88.265243,  -15.170888,453219.94863369, 60254.65514466,513474.60377835,   0.3894937589
154800,    1.548000,   88.250067,  -15.180694,453142.02449074, 60332.57903583,513474.60352657,   0.3897455326
154900,    1.549000,   88.234881,  -15.190501,453064.04999310, 60410.55328170,513474.60327480,   0.3899973063
155000,    1.550000,   88.219686,  -15.200307,452986.02514076, 60488.57788226,513474.60302303,   0.3902490801
155100,    1.551000,   88.204480,  -15.210114,452907.94993373, 60566.65283752,513474.60277125,   0.3905008539
155200,    1.552000,   88.189265,  -15.219921,452829.82437200, 60644.77814748,513474.60251948,   0.3907526276
155300,    1.553000,   88.174040,  -15.229727,452751.64845557, 60722.95381213,513474.60226770,   0.3910044014
155400,    1.554000,   88.158806,  -15.239534,452673.42218445, 60801.17983148,513474.60201593,   0.3912561752
155500,    1.555000,   88.143561,  -15.249341,452595.14555864, 60879.45620552,513474.60176416,   0.3915079489
155600,    1.556000,   88.128307,  -15.259147,452516.81857813, 60957.78293426,513474.60151238,   0.3917597226
155700,    1.557000,   88.113043,  -15.268954,452438.44124292, 61036.16001769,513474.60126061,   0.3920114964
155800,    1.558000,   88.097769,  -15.278761,452360.01355302, 61114.58745582,513474.60100884,   0.3922632701
155900,    1.559000,   88.082485,  -15.288567,452281.53550842, 61193.06524864,513474.60075706,   0.3925150438
156000,    1.560000,   88.067192,  -15.298374,452203.00710913, 61271.59339616,513474.60050529,   0.3927668175
156100,    1.561000,   88.051888,  -15.308181,452124.42835514, 61350.17189837,513474.60025351,   0.3930185915
156200,    1.562000,   88.036575,  -15.317987,452045.79924646, 61428.80075528,513474.60000174,   0.3932703650
156300,    1.563000,   88.021252,  -15.327794,451967.11978308, 61507.47996689,513474.59974997,   0.3935221388
156400,    1.564000,   88.005920,  -15.337601,451888.38996500, 61586.20953319,513474.59949819,   0.3937739126
156500,    1.565000,   87.990577,  -15.347407,451809.60979223, 61664.98945419,513474.59924642,   0.3940256864
156600,    1.566000,   87.975225,  -15.357214,451730.77926477, 61743.81972988,513474.59899465,   0.3942774601
156700,    1.567000,   87.959863,  -15.367021,451651.89838261, 61822.70036027,513474.59874287,   0.3945292338
156800,    1.568000,   87.944491,  -15.376827,451572.96714575, 61901.63134535,513474.59849110,   0.3947810077
156900,    1.569000,   87.929109,  -15.386634,451493.98555420, 61980.61268513,513474.59823932,   0.3950327813
157000,    1.570000,   87.913717,  -15.396440,451414.95360795, 62059.64437960,513474.59798755,   0.3952845550
157100,    1.571000,   87.898316,  -15.406247,451335.87130701, 62138.72642877,513474.59773578,   0.3955363289
157200,    1.572000,   87.882905,  -15.416054,451256.73865137, 62217.85883263,513474.59748400,   0.3957881026
157300,    1.573000,   87.867484,  -15.425860,451177.55564104, 62297.04159119,513474.59723223,   0.3960398763
157400,    1.574000,   87.852053,  -15.435667,451098.32227601, 62376.27470445,513474.59698046,   0.3962916501
157500,    1.575000,   87.836612,  -15.445474,451019.03855628, 62455.55817240,513474.59672868,   0.3965434238
157600,    1.576000,   87.821162,  -15.455280,450939.70448186, 62534.89199504,513474.59647691,   0.3967951976
157700,    1.577000,   87.805702,  -15.465087,450860.32005275, 62614.27617238,513474.59622513,   0.3970469714
157800,    1.578000,   87.790231,  -15.474894,450780.88526894, 62693.71070442,513474.59597336,   0.3972987452
157900,    1.579000,   87.774752,  -15.484700,450701.40013043, 62773.19559115,513474.59572159,   0.3975505189
158000,    1.580000,   87.759262,  -15.494507,450621.86463723, 62852.73083258,513474.59546981,   0.3978022925
158100,    1.581000,   87.743763,  -15.504314,450542.27878933, 62932.31642870,513474.59521804,   0.3980540664
158200,    1.582000,   87.728253,  -15.514120,450462.64258674, 63011.95237952,513474.59496627,   0.3983058400
158300,    1.583000,   87.712734,  -15.523927,450382.95602946, 63091.63868504,513474.59471449,   0.3985576138
158400,    1.584000,   87.697205,  -15.533734,450303.21911747, 63171.37534525,513474.59446272,   0.3988093876
158500,    1.585000,   87.681667,  -15.543540,450223.43185079, 63251.16236015,513474.59421094,   0.3990611614
158600,    1.586000,   87.666118,  -15.553347,450143.59422942, 63330.99972975,513474.59395917,   0.3993129351
158700,    1.587000,   87.650560,  -15.563154,450063.70625335, 63410.88745405,513474.59370740,   0.3995647089
158800,    1.588000,   87.634992,  -15.572960,449983.76792259, 63490.82553304,513474.59345562,   0.3998164827
158900,    1.589000,   87.619414,  -15.582767,449903.77923713, 63570.81396672,513474.59320385,   0.4000682564
159000,    1.590000,   87.603826,  -15.592573,449823.74019697, 63650.85275511,513474.59295208,   0.4003200302
159100,    1.591000,   87.588229,  -15.602380,449743.65080212, 63730.94189818,513474.59270030,   0.4005718039
159200,    1.592000,   87.572621,  -15.612187,449663.51105257, 63811.08139596,513474.59244853,   0.4008235778
159300,    1.593000,   87.557004,  -15.621993,449583.32094833, 63891.27124842,513474.59219675,   0.4010753513
159400,    1.594000,   87.541377,  -15.631800,449503.08048939, 63971.51145559,513474.59194498,   0.4013271252
159500,    1.595000,   87.525740,  -15.641607,449422.78967576, 64051.80201745,513474.59169321,   0.4015788989
159600,    1.596000,   87.510094,  -15.651413,449342.44850743, 64132.14293400,513474.59144143,   0.4018306726
159700,    1.597000,   87.494437,  -15.661220,449262.05698441, 64212.53420525,513474.59118966,   0.4020824464
159800,    1.598000,   87.478771,  -15.671027,449181.61510669, 64292.97583120,513474.59093789,   0.4023342203
159900,    1.599000,   87.463095,  -15.680833,449101.12287427, 64373.46781184,513474.59068611,   0.4025859939
160000,    1.600000,   87.447410,  -15.690640,449020.58028716, 64454.01014717,513474.59043434,   0.4028377677
160100,    1.601000,   87.431714,  -15.700447,448939.98734536, 64534.60283721,513474.59018256,   0.4030895415
160200,    1.602000,   87.416009,  -15.710253,448859.34404886, 64615.24588193,513474.58993079,   0.4033413152
160300,    1.603000,   87.400293,  -15.720060,448778.65039766, 64695.93928135,513474.58967902,   0.4035930890
160400,    1.604000,   87.384568,  -15.729867,448697.90639177, 64776.68303547,513474.58942724,   0.4038448628
160500,    1.605000,   87.368834,  -15.739673,448617.11203118, 64857.47714429,513474.58917547,   0.4040966366
160600,    1.606000,   87.353089,  -15.749480,448536.26731590, 64938.32160779,513474.58892370,   0.4043484103
160700,    1.607000,   87.337334,  -15.759287,448455.37224592, 65019.21642600,513474.58867192,   0.4046001840
160800,    1.608000,   87.321570,  -15.769093,448374.42682125, 65100.16159890,513474.58842015,   0.4048519579
160900,    1.609000,   87.305796,  -15.778900,448293.43104188, 65181.15712649,513474.58816837,   0.4051037314
161000,    1.610000,   87.290012,  -15.788706,448212.38490782, 65262.20300878,513474.58791660,   0.4053555052
161100,    1.611000,   87.274219,  -15.798513,448131.28841906, 65343.29924577,513474.58766483,   0.4056072790
161200,    1.612000,   87.258415,  -15.808320,448050.14157560, 65424.44583745,513474.58741305,   0.4058590528
161300,    1.613000,   87.242602,  -15.818126,447968.94437745, 65505.64278383,513474.58716128,   0.4061108265
161400,    1.614000,   87.226779,  -15.827933,447887.69682461, 65586.89008490,513474.58690951,   0.4063626003
161500,    1.615000,   87.210946,  -15.837740,447806.39891706, 65668.18774067,513474.58665773,   0.4066143741
161600,    1.616000,   87.195103,  -15.847546,447725.05065483, 65749.53575113,513474.58640596,   0.4068661478
161700,    1.617000,   87.179251,  -15.857353,447643.65203790, 65830.93411629,513474.58615418,   0.4071179216
161800,    1.618000,   87.163388,  -15.867160,447562.20306627, 65912.38283614,513474.58590241,   0.4073696954
161900,    1.619000,   87.147516,  -15.876966,447480.70373994, 65993.88191069,513474.58565064,   0.4076214692
162000,    1.620000,   87.131634,  -15.886773,447399.15405893, 66075.43133994,513474.58539886,   0.4078732428
162100,    1.621000,   87.115743,  -15.896580,447317.55402321, 66157.03112388,513474.58514709,   0.4081250167
162200,    1.622000,   87.099841,  -15.906386,447235.90363280, 66238.68126251,513474.58489532,   0.4083767904
162300,    1.623000,   87.083930,  -15.916193,447154.20288770, 66320.38175584,513474.58464354,   0.4086285642
162400,    1.624000,   87.068009,  -15.926000,447072.45178790, 66402.13260387,513474.58439177,   0.4088803379
162500,    1.625000,   87.052078,  -15.935806,446990.65033340, 66483.93380659,513474.58413999,   0.4091321118
162600,    1.626000,   87.036137,  -15.945613,446908.79852421, 66565.78536401,513474.58388822,   0.4093838854
162700,    1.627000,   87.020186,  -15.955420,446826.89636032, 66647.68727612,513474.58363645,   0.4096356591
162800,    1.628000,   87.004226,  -15.965226,446744.94384174, 66729.63954293,513474.58338467,   0.4098874329
162900,    1.629000,   86.988256,  -15.975033,446662.94096847, 66811.64216443,513474.58313290,   0.4101392068
163000,    1.630000,   86.972276,  -15.984839,446580.88774049, 66893.69514063,513474.58288113,   0.4103909805
163100,    1.631000,   86.956286,  -15.994646,446498.78415782, 66975.79847153,513474.58262935,   0.4106427542
163200,    1.632000,   86.940286,  -16.004453,446416.63022046, 67057.95215712,513474.58237758,   0.4108945274
163300,    1.633000,   86.924277,  -16.014259,446334.42592840, 67140.15619740,513474.58212581,   0.4111462996
163400,    1.634000,   86.908258,  -16.024066,446252.17128165, 67222.41059239,513474.58187403,   0.4113980719
163500,    1.635000,   86.892229,  -16.033873,446169.86628020, 67304.71534206,513474.58162226,   0.4116498442
163600,    1.636000,   86.876190,  -16.043679,446087.51092405, 67387.07044644,513474.58137049,   0.4119016164
163700,    1.637000,   86.860141,  -16.053486,446005.10521321, 67469.47590551,513474.58111872,   0.4121533887
163800,    1.638000,   86.844083,  -16.063293,445922.64914768, 67551.93171927,513474.58086694,   0.4124051610
163900,    1.639000,   86.828015,  -16.073099,445840.14272744, 67634.43788773,513474.58061517,   0.4126569334
164000,    1.640000,   86.811937,  -16.082906,445757.58595252, 67716.99441088,513474.58036340,   0.4129087054
164100,    1.641000,   86.795849,  -16.092713,445674.97882289, 67799.60128873,513474.58011163,   0.4131604777
164200,    1.642000,   86.779751,  -16.102519,445592.32133858, 67882.25852128,513474.57985986,   0.4134122500
164300,    1.643000,   86.763644,  -16.112326,445509.61349956, 67964.96610852,513474.57960808,   0.4136640222
164400,    1.644000,   86.747526,  -16.122133,445426.85530585, 68047.72405046,513474.57935631,   0.4139157944
164500,    1.645000,   86.731399,  -16.131939,445344.04675745, 68130.53234709,513474.57910454,   0.4141675668
164600,    1.646000,   86.715262,  -16.141746,445261.18785435, 68213.39099842,513474.57885277,   0.4144193390
164700,    1.647000,   86.699116,  -16.151553,445178.27859656, 68296.30000444,513474.57860099,   0.4146711112
164800,    1.648000,   86.682959,  -16.161359,445095.31898407, 68379.25936516,513474.57834922,   0.4149228836
164900,    1.649000,   86.666793,  -16.171166,445012.30901688, 68462.26908057,513474.57809745,   0.4151746558
165000,    1.650000,   86.650617,  -16.180972,444929.24869500, 68545.32915068,513474.57784568,   0.4154264281
165100,    1.651000,   86.634431,  -16.190779,444846.13801842, 68628.43957548,513474.57759391,   0.4156782003
165200,    1.652000,   86.618235,  -16.200586,444762.97698715, 68711.60035498,513474.57734213,   0.4159299725
165300,    1.653000,   86.602030,  -16.210392,444679.76560118, 68794.81148918,513474.57709036,   0.4161817449
165400,    1.654000,   86.585814,  -16.220199,444596.50386052, 68878.07297807,513474.57683859,   0.4164335170
165500,    1.655000,   86.569589,  -16.230006,444513.19176516, 68961.38482166,513474.57658682,   0.4166852893
165600,    1.656000,   86.553354,  -16.239812,444429.82931511, 69044.74701994,513474.57633504,   0.4169370616
165700,    1.657000,   86.537109,  -16.249619,444346.41651036, 69128.15957291,513474.57608327,   0.4171888338
165800,    1.658000,   86.520855,  -16.259426,444262.95335091, 69211.62248059,513474.57583150,   0.4174406060
165900,    1.659000,   86.504590,  -16.269232,444179.43983677, 69295.13574296,513474.57557973,   0.4176923784
166000,    1.660000,   86.488316,  -16.279039,444095.87596794, 69378.69936002,513474.57532796,   0.4179441505
166100,    1.661000,   86.472032,  -16.288846,444012.26174441, 69462.31333178,513474.57507618,   0.4181959229
166200,    1.662000,   86.455738,  -16.298652,443928.59716618, 69545.97765823,513474.57482441,   0.4184476950
166300,    1.663000,   86.439435,  -16.308459,443844.88223326, 69629.69233938,513474.57457264,   0.4186994674
166400,    1.664000,   86.423121,  -16.318266,443761.11694564, 69713.45737523,513474.57432087,   0.4189512396
166500,    1.665000,   86.406798,  -16.328072,443677.30130333, 69797.27276577,513474.57406909,   0.4192030118
166600,    1.666000,   86.390465,  -16.337879,443593.43530632, 69881.13851100,513474.57381732,   0.4194547842
166700,    1.667000,   86.374122,  -16.347686,443509.51895462, 69965.05461093,513474.57356555,   0.4197065563
166800,    1.668000,   86.357770,  -16.357492,443425.55224822, 70049.02106556,513474.57331378,   0.4199583285
166900,    1.669000,   86.341407,  -16.367299,443341.53518712, 70133.03787488,513474.57306200,   0.4202101008
167000,    1.670000,   86.325035,  -16.377105,443257.46777133, 70217.10503890,513474.57281023,   0.4204618731
167100,    1.671000,   86.308653,  -16.386912,443173.35000085, 70301.22255761,513474.57255846,   0.4207136452
167200,    1.672000,   86.292261,  -16.396719,443089.18187567, 70385.39043102,513474.57230669,   0.4209654176
167300,    1.673000,   86.275859,  -16.406525,443004.96339579, 70469.60865913,513474.57205492,   0.4212171898
167400,    1.674000,   86.259448,  -16.416332,442920.69456122, 70553.87724193,513474.57180314,   0.4214689620
167500,    1.675000,   86.243027,  -16.426139,442836.37537195, 70638.19617942,513474.57155137,   0.4217207343
167600,    1.676000,   86.226596,  -16.435945,442752.00582799, 70722.56547161,513474.57129960,   0.4219725066
167700,    1.677000,   86.210155,  -16.445752,442667.58592933, 70806.98511850,513474.57104783,   0.4222242787
167800,    1.678000,   86.193704,  -16.455559,442583.11567598, 70891.45512008,513474.57079605,   0.4224760509
167900,    1.679000,   86.177243,  -16.465365,442498.59506793, 70975.97547635,513474.57054428,   0.4227278232
168000,    1.680000,   86.160773,  -16.475172,442414.02410518, 71060.54618733,513474.57029251,   0.4229795955
168100,    1.681000,   86.144293,  -16.484979,442329.40278774, 71145.16725299,513474.57004074,   0.4232313677
168200,    1.682000,   86.127803,  -16.494785,442244.73111561, 71229.83867336,513474.56978897,   0.4234831398
168300,    1.683000,   86.111303,  -16.504592,442160.00908878, 71314.56044841,513474.56953719,   0.4237349122
168400,    1.684000,   86.094794,  -16.514399,442075.23670725, 71399.33257817,513474.56928542,   0.4239866844
168500,    1.685000,   86.078274,  -16.524205,441990.41397103, 71484.15506262,513474.56903365,   0.4242384566
168600,    1.686000,   86.061745,  -16.534012,441905.54088012, 71569.02790176,513474.56878188,   0.4244902288
168700,    1.687000,   86.045206,  -16.543819,441820.61743450, 71653.95109560,513474.56853010,   0.4247420011
168800,    1.688000,   86.028658,  -16.553625,441735.64363420, 71738.92464414,513474.56827833,   0.4249937733
168900,    1.689000,   86.012099,  -16.563432,441650.61947919, 71823.94854737,513474.56802656,   0.4252455455
169000,    1.690000,   85.995531,  -16.573238,441565.54496949, 71909.02280529,513474.56777479,   0.4254973179
169100,    1.691000,   85.978952,  -16.583045,441480.42010510, 71994.14741792,513474.56752302,   0.4257490900
169200,    1.692000,   85.962364,  -16.592852,441395.24488601, 72079.32238523,513474.56727124,   0.4260008622
169300,    1.693000,   85.945767,  -16.602658,441310.01931223, 72164.54770725,513474.56701947,   0.4262526344
169400,    1.694000,   85.929159,  -16.612465,441224.74338375, 72249.82338395,513474.56676770,   0.4265044067
169500,    1.695000,   85.912542,  -16.622272,441139.41710057, 72335.14941536,513474.56651593,   0.4267561789
169600,    1.696000,   85.895914,  -16.632078,441054.04046270, 72420.52580146,513474.56626415,   0.4270079511
169700,    1.697000,   85.879277,  -16.641885,440968.61347013, 72505.95254225,513474.56601238,   0.4272597234
169800,    1.698000,   85.862630,  -16.651692,440883.13612287, 72591.42963774,513474.56576061,   0.4275114957
169900,    1.699000,   85.845974,  -16.661498,440797.60842091, 72676.95708792,513474.56550884,   0.4277632679
170000,    1.700000,   85.829307,  -16.671305,440712.03036426, 72762.53489280,513474.56525707,   0.4280150401
170100,    1.701000,   85.812631,  -16.681112,440626.40195291, 72848.16305238,513474.56500529,   0.4282668123
170200,    1.702000,   85.795945,  -16.690918,440540.72318687, 72933.84156665,513474.56475352,   0.4285185845
170300,    1.703000,   85.779249,  -16.700725,440454.99406613, 73019.57043562,513474.56450175,   0.4287703568
170400,    1.704000,   85.762544,  -16.710532,440369.21459070, 73105.34965928,513474.56424998,   0.4290221290
170500,    1.705000,   85.745828,  -16.720338,440283.38476057, 73191.17923764,513474.56399820,   0.4292739012
170600,    1.706000,   85.729103,  -16.730145,440197.50457574, 73277.05917069,513474.56374643,   0.4295256734
170700,    1.707000,   85.712368,  -16.739952,440111.57403622, 73362.98945844,513474.56349466,   0.4297774457
170800,    1.708000,   85.695623,  -16.749758,440025.59314200, 73448.97010088,513474.56324289,   0.4300292179
170900,    1.709000,   85.678868,  -16.759565,439939.56189309, 73535.00109802,513474.56299112,   0.4302809900
171000,    1.710000,   85.662104,  -16.769371,439853.48028949, 73621.08244986,513474.56273934,   0.4305327624
171100,    1.711000,   85.645329,  -16.779178,439767.34833118, 73707.21415639,513474.56248757,   0.4307845345
171200,    1.712000,   85.628545,  -16.788985,439681.16601818, 73793.39621761,513474.56223580,   0.4310363067
171300,    1.713000,   85.611751,  -16.798791,439594.93335049, 73879.62863354,513474.56198403,   0.4312880789
171400,    1.714000,   85.594947,  -16.808598,439508.65032810, 73965.91140415,513474.56173225,   0.4315398512
171500,    1.715000,   85.578134,  -16.818405,439422.31695102, 74052.24452946,513474.56148048,   0.4317916234
171600,    1.716000,   85.561310,  -16.828211,439335.93321924, 74138.62800947,513474.56122871,   0.4320433955
171700,    1.717000,   85.544477,  -16.838018,439249.49913276, 74225.06184417,513474.56097694,   0.4322951679
171800,    1.718000,   85.527634,  -16.847825,439163.01469159, 74311.54603357,513474.56072517,   0.4325469400
171900,    1.719000,   85.510782,  -16.857631,439076.47989573, 74398.08057767,513474.56047339,   0.4327987122
172000,    1.720000,   85.493919,  -16.867438,438989.89474517, 74484.66547646,513474.56022162,   0.4330504845
172100,    1.721000,   85.477047,  -16.877245,438903.25923991, 74571.30072994,513474.55996985,   0.4333022567
172200,    1.722000,   85.460164,  -16.887051,438816.57337996, 74657.98633812,513474.55971808,   0.4335540288
172300,    1.723000,   85.443272,  -16.896858,438729.83716531, 74744.72230099,513474.55946630,   0.4338058011
172400,    1.724000,   85.426371,  -16.906665,438643.05059597, 74831.50861857,513474.55921453,   0.4340575733
172500,    1.725000,   85.409459,  -16.916471,438556.21367193, 74918.34529083,513474.55896276,   0.4343093455
172600,    1.726000,   85.392538,  -16.926278,438469.32639319, 75005.23231779,513474.55871099,   0.4345611177
172700,    1.727000,   85.375606,  -16.936085,438382.38875977, 75092.16969945,513474.55845922,   0.4348128900
172800,    1.728000,   85.358665,  -16.945891,438295.40077164, 75179.15743580,513474.55820744,   0.4350646621
172900,    1.729000,   85.341714,  -16.955698,438208.36242882, 75266.19552685,513474.55795567,   0.4353164343
173000,    1.730000,   85.324754,  -16.965504,438121.27373130, 75353.28397259,513474.55770390,   0.4355682065
173100,    1.731000,   85.307783,  -16.975311,438034.13467909, 75440.42277303,513474.55745213,   0.4358199788
173200,    1.732000,   85.290803,  -16.985118,437946.94527219, 75527.61192817,513474.55720035,   0.4360717509
173300,    1.733000,   85.273813,  -16.994924,437859.70551059, 75614.85143800,513474.55694858,   0.4363235231
173400,    1.734000,   85.256813,  -17.004731,437772.41539429, 75702.14130252,513474.55669681,   0.4365752955
173500,    1.735000,   85.239803,  -17.014538,437685.07492330, 75789.48152174,513474.55644504,   0.4368270676
173600,    1.736000,   85.222784,  -17.024344,437597.68409761, 75876.87209566,513474.55619327,   0.4370788398
173700,    1.737000,   85.205755,  -17.034151,437510.24291722, 75964.31302427,513474.55594149,   0.4373306120
173800,    1.738000,   85.188716,  -17.043958,437422.75138214, 76051.80430758,513474.55568972,   0.4375823842
173900,    1.739000,   85.171667,  -17.053764,437335.20949237, 76139.34594558,513474.55543795,   0.4378341563
174000,    1.740000,   85.154608,  -17.063571,437247.61724790, 76226.93793828,513474.55518618,   0.4380859285
174100,    1.741000,   85.137539,  -17.073378,437159.97464873, 76314.58028567,513474.55493440,   0.4383377008
174200,    1.742000,   85.120461,  -17.083184,437072.28169487, 76402.27298776,513474.55468263,   0.4385894729
174300,    1.743000,   85.103373,  -17.092991,436984.53838632, 76490.01604454,513474.55443086,   0.4388412451
174400,    1.744000,   85.086275,  -17.102798,436896.74472307, 76577.80945602,513474.55417909,   0.4390930173
174500,    1.745000,   85.069167,  -17.112604,436808.90070512, 76665.65322220,513474.55392732,   0.4393447895
174600,    1.746000,   85.052050,  -17.122411,436721.00633248, 76753.54734307,513474.55367554,   0.4395965616
174700,    1.747000,   85.034922,  -17.132218,436633.06160514, 76841.49181863,513474.55342377,   0.4398483338
174800,    1.748000,   85.017785,  -17.142024,436545.06652311, 76929.48664889,513474.55317200,   0.4401001061
174900,    1.749000,   85.000638,  -17.151831,436457.02108638, 77017.53183385,513474.55292023,   0.4403518782
175000,    1.750000,   84.983481,  -17.161637,436368.92529495, 77105.62737350,513474.55266846,   0.4406036503
175100,    1.751000,   84.966315,  -17.171444,436280.77914883, 77193.77326785,513474.55241668,   0.4408554226
175200,    1.752000,   84.949138,  -17.181251,436192.58264802, 77281.96951689,513474.55216491,   0.4411071948
175300,    1.753000,   84.931952,  -17.191057,436104.33579251, 77370.21612063,513474.55191314,   0.4413589669
175400,    1.754000,   84.914756,  -17.200864,436016.03858230, 77458.51307906,513474.55166137,   0.4416107391
175500,    1.755000,   84.897550,  -17.210671,435927.69101740, 77546.86039219,513474.55140959,   0.4418625113
175600,    1.756000,   84.880335,  -17.220477,435839.29309780, 77635.25806002,513474.55115782,   0.4421142834
175700,    1.757000,   84.863109,  -17.230284,435750.84482351, 77723.70608254,513474.55090605,   0.4423660556
175800,    1.758000,   84.845874,  -17.240091,435662.34619452, 77812.20445975,513474.55065428,   0.4426178279
175900,    1.759000,   84.828629,  -17.249897,435573.79721084, 77900.75319166,513474.55040251,   0.4428696000
176000,    1.760000,   84.811374,  -17.259704,435485.19787246, 77989.35227827,513474.55015073,   0.4431213721
176100,    1.761000,   84.794110,  -17.269511,435396.54817939, 78078.00171957,513474.54989896,   0.4433731444
176200,    1.762000,   84.776835,  -17.279317,435307.84813162, 78166.70151557,513474.54964719,   0.4436249165
176300,    1.763000,   84.759551,  -17.289124,435219.09772915, 78255.45166626,513474.54939542,   0.4438766887
176400,    1.764000,   84.742257,  -17.298931,435130.29697199, 78344.25217165,513474.54914364,   0.4441284608
176500,    1.765000,   84.724953,  -17.308737,435041.44586014, 78433.10303173,513474.54889187,   0.4443802331
176600,    1.766000,   84.707639,  -17.318544,434952.54439359, 78522.00424651,513474.54864010,   0.4446320052
176700,    1.767000,   84.690316,  -17.328351,434863.59257234, 78610.95581599,513474.54838833,   0.4448837774
176800,    1.768000,   84.672982,  -17.338157,434774.59039640, 78699.95774016,513474.54813656,   0.4451355496
176900,    1.769000,   84.655639,  -17.347964,434685.53786576, 78789.01001902,513474.54788478,   0.4453873217
177000,    1.770000,   84.638286,  -17.357770,434596.43498043, 78878.11265258,513474.54763301,   0.4456390938
177100,    1.771000,   84.620924,  -17.367577,434507.28174040, 78967.26564084,513474.54738124,   0.4458908661
177200,    1.772000,   84.603551,  -17.377384,434418.07814568, 79056.46898379,513474.54712947,   0.4461426383
177300,    1.773000,   84.586169,  -17.387190,434328.82419626, 79145.72268144,513474.54687770,   0.4463944103
177400,    1.774000,   84.568777,  -17.396997,434239.51989214, 79235.02673378,513474.54662592,   0.4466461825
177500,    1.775000,   84.551375,  -17.406804,434150.16523333, 79324.38114082,513474.54637415,   0.4468979548
177600,    1.776000,   84.533963,  -17.416610,434060.76021983, 79413.78590255,513474.54612238,   0.4471497269
177700,    1.777000,   84.516541,  -17.426417,433971.30485163, 79503.24101898,513474.54587061,   0.4474014990
177800,    1.778000,   84.499110,  -17.436224,433881.79912873, 79592.74649010,513474.54561883,   0.4476532712
177900,    1.779000,   84.481669,  -17.446030,433792.24305114, 79682.30231592,513474.54536706,   0.4479050434
178000,    1.780000,   84.464218,  -17.455837,433702.63661885, 79771.90849644,513474.54511529,   0.4481568155
178100,    1.781000,   84.446757,  -17.465644,433612.97983187, 79861.56503165,513474.54486352,   0.4484085877
178200,    1.782000,   84.429286,  -17.475450,433523.27269019, 79951.27192155,513474.54461175,   0.4486603600
178300,    1.783000,   84.411806,  -17.485257,433433.51519382, 80041.02916615,513474.54435997,   0.4489121320
178400,    1.784000,   84.394316,  -17.495064,433343.70734275, 80130.83676545,513474.54410820,   0.4491639041
178500,    1.785000,   84.376816,  -17.504870,433253.84913699, 80220.69471944,513474.54385643,   0.4494156764
178600,    1.786000,   84.359306,  -17.514677,433163.94057653, 80310.60302813,513474.54360466,   0.4496674485
178700,    1.787000,   84.341786,  -17.524484,433073.98166137, 80400.56169151,513474.54335289,   0.4499192206
178800,    1.788000,   84.324257,  -17.534290,432983.97239152, 80490.57070959,513474.54310111,   0.4501709928
178900,    1.789000,   84.306718,  -17.544097,432893.91276698, 80580.63008236,513474.54284934,   0.4504227650
179000,    1.790000,   84.289169,  -17.553903,432803.80278774, 80670.73980983,513474.54259757,   0.4506745371
179100,    1.791000,   84.271610,  -17.563710,432713.64245380, 80760.89989200,513474.54234580,   0.4509263093
179200,    1.792000,   84.254041,  -17.573517,432623.43176517, 80851.11032886,513474.54209402,   0.4511780815
179300,    1.793000,   84.236463,  -17.583323,432533.17072184, 80941.37112041,513474.54184225,   0.4514298536
179400,    1.794000,   84.218874,  -17.593130,432442.85932382, 81031.68226666,513474.54159048,   0.4516816257
179500,    1.795000,   84.201276,  -17.602937,432352.49757110, 81122.04376761,513474.54133871,   0.4519333979
179600,    1.796000,   84.183668,  -17.612743,432262.08546368, 81212.45562325,513474.54108694,   0.4521851701
179700,    1.797000,   84.166051,  -17.622550,432171.62300157, 81302.91783359,513474.54083516,   0.4524369421
179800,    1.798000,   84.148423,  -17.632357,432081.11018477, 81393.43039862,513474.54058339,   0.4526887143
179900,    1.799000,   84.130786,  -17.642163,431990.54701327, 81483.99331835,513474.54033162,   0.4529404865
180000,    1.800000,   84.113139,  -17.651970,431899.93348707, 81574.60659277,513474.54007985,   0.4531922585
180100,    1.801000,   84.095482,  -17.661777,431809.26960618, 81665.27022189,513474.53982807,   0.4534440308
180200,    1.802000,   84.077815,  -17.671583,431718.55537060, 81755.98420571,513474.53957630,   0.4536958030
180300,    1.803000,   84.060139,  -17.681390,431627.79078031, 81846.74854422,513474.53932453,   0.4539475751
180400,    1.804000,   84.042452,  -17.691197,431536.97583534, 81937.56323742,513474.53907276,   0.4541993472
180500,    1.805000,   84.024756,  -17.701003,431446.11053566, 82028.42828532,513474.53882099,   0.4544511194
180600,    1.806000,   84.007050,  -17.710810,431355.19488130, 82119.34368792,513474.53856921,   0.4547028916
180700,    1.807000,   83.989334,  -17.720617,431264.22887223, 82210.30944521,513474.53831744,   0.4549546637
180800,    1.808000,   83.971609,  -17.730423,431173.21250847, 82301.32555720,513474.53806567,   0.4552064358
180900,    1.809000,   83.953873,  -17.740230,431082.14579002, 82392.39202388,513474.53781390,   0.4554582081
181000,    1.810000,   83.936128,  -17.750036,430991.02871687, 82483.50884526,513474.53756213,   0.4557099801
181100,    1.811000,   83.918373,  -17.759843,430899.86128902, 82574.67602133,513474.53731035,   0.4559617522
181200,    1.812000,   83.900608,  -17.769650,430808.64350648, 82665.89355210,513474.53705858,   0.4562135244
181300,    1.813000,   83.882834,  -17.779456,430717.37536925, 82757.16143756,513474.53680681,   0.4564652966
181400,    1.814000,   83.865049,  -17.789263,430626.05687732, 82848.47967772,513474.53655504,   0.4567170686
181500,    1.815000,   83.847255,  -17.799070,430534.68803069, 82939.84827258,513474.53630326,   0.4569688408
181600,    1.816000,   83.829451,  -17.808876,430443.26882937, 83031.26722213,513474.53605149,   0.4572206130
181700,    1.817000,   83.811637,  -17.818683,430351.79927335, 83122.73652637,513474.53579972,   0.4574723851
181800,    1.818000,   83.793814,  -17.828490,430260.27936263, 83214.25618531,513474.53554795,   0.4577241573
181900,    1.819000,   83.775980,  -17.838296,430168.70909723, 83305.82619895,513474.53529618,   0.4579759294
182000,    1.820000,   83.758137,  -17.848103,430077.08847712, 83397.44656728,513474.53504440,   0.4582277015
182100,    1.821000,   83.740284,  -17.857910,429985.41750232, 83489.11729031,513474.53479263,   0.4584794737
182200,    1.822000,   83.722421,  -17.867716,429893.69617283, 83580.83836803,513474.53454086,   0.4587312458
182300,    1.823000,   83.704548,  -17.877523,429801.92448864, 83672.60980045,513474.53428909,   0.4589830179
182400,    1.824000,   83.686666,  -17.887330,429710.10244975, 83764.43158756,513474.53403732,   0.4592347899
182500,    1.825000,   83.668774,  -17.897136,429618.23005617, 83856.30372937,513474.53378554,   0.4594865622
182600,    1.826000,   83.650872,  -17.906943,429526.30730789, 83948.22622588,513474.53353377,   0.4597383344
182700,    1.827000,   83.632960,  -17.916750,429434.33420492, 84040.19907708,513474.53328200,   0.4599901064
182800,    1.828000,   83.615038,  -17.926556,429342.31074725, 84132.22228297,513474.53303023,   0.4602418786
182900,    1.829000,   83.597106,  -17.936363,429250.23693489, 84224.29584356,513474.53277845,   0.4604936508
183000,    1.830000,   83.579165,  -17.946169,429158.11276783, 84316.41975885,513474.53252668,   0.4607454229
183100,    1.831000,   83.561214,  -17.955976,429065.93824608, 84408.59402883,513474.53227491,   0.4609971949
183200,    1.832000,   83.543253,  -17.965783,428973.71336963, 84500.81865351,513474.53202314,   0.4612489671
183300,    1.833000,   83.525282,  -17.975589,428881.43813848, 84593.09363288,513474.53177137,   0.4615007393
183400,    1.834000,   83.507302,  -17.985396,428789.11255264, 84685.41896695,513474.53151959,   0.4617525114
183500,    1.835000,   83.489312,  -17.995203,428696.73661211, 84777.79465571,513474.53126782,   0.4620042835
183600,    1.836000,   83.471311,  -18.005009,428604.31031688, 84870.22069917,513474.53101605,   0.4622560557
183700,    1.837000,   83.453301,  -18.014816,428511.83366695, 84962.69709733,513474.53076428,   0.4625078277
183800,    1.838000,   83.435282,  -18.024623,428419.30666233, 85055.22385018,513474.53051251,   0.4627595998
183900,    1.839000,   83.417252,  -18.034429,428326.72930301, 85147.80095772,513474.53026073,   0.4630113720
184000,    1.840000,   83.399213,  -18.044236,428234.10158900, 85240.42841996,513474.53000896,   0.4632631442
184100,    1.841000,   83.381163,  -18.054043,428141.42352029, 85333.10623690,513474.52975719,   0.4635149162
184200,    1.842000,   83.363104,  -18.063849,428048.69509689, 85425.83440853,513474.52950542,   0.4637666884
184300,    1.843000,   83.345036,  -18.073656,427955.91631879, 85518.61293486,513474.52925365,   0.4640184606
184400,    1.844000,   83.326957,  -18.083463,427863.08718599, 85611.44181588,513474.52900187,   0.4642702326
184500,    1.845000,   83.308869,  -18.093269,427770.20769850, 85704.32105160,513474.52875010,   0.4645220048
184600,    1.846000,   83.290770,  -18.103076,427677.27785632, 85797.25064201,513474.52849833,   0.4647737769
184700,    1.847000,   83.272662,  -18.112883,427584.29765944, 85890.23058712,513474.52824656,   0.4650255491
184800,    1.848000,   83.254545,  -18.122689,427491.26710786, 85983.26088692,513474.52799478,   0.4652773211
184900,    1.849000,   83.236417,  -18.132496,427398.18620159, 86076.34154142,513474.52774301,   0.4655290932
185000,    1.850000,   83.218279,  -18.142302,427305.05494062, 86169.47255062,513474.52749124,   0.4657808653
185100,    1.851000,   83.200132,  -18.152109,427211.87332496, 86262.65391451,513474.52723947,   0.4660326374
185200,    1.852000,   83.181975,  -18.161916,427118.64135460, 86355.88563309,513474.52698770,   0.4662844095
185300,    1.853000,   83.163808,  -18.171722,427025.35902955, 86449.16770637,513474.52673592,   0.4665361817
185400,    1.854000,   83.145632,  -18.181529,426932.02634980, 86542.50013435,513474.52648415,   0.4667879538
185500,    1.855000,   83.127445,  -18.191336,426838.64331536, 86635.88291702,513474.52623238,   0.4670397258
185600,    1.856000,   83.109249,  -18.201142,426745.20992622, 86729.31605439,513474.52598061,   0.4672914980
185700,    1.857000,   83.091043,  -18.210949,426651.72618238, 86822.79954645,513474.52572884,   0.4675432701
185800,    1.858000,   83.072827,  -18.220756,426558.19208385, 86916.33339321,513474.52547706,   0.4677950422
185900,    1.859000,   83.054601,  -18.230562,426464.60763063, 87009.91759467,513474.52522529,   0.4680468142
186000,    1.860000,   83.036366,  -18.240369,426370.97282270, 87103.55215082,513474.52497352,   0.4682985865
186100,    1.861000,   83.018120,  -18.250176,426277.28766009, 87197.23706166,513474.52472175,   0.4685503584
186200,    1.862000,   82.999865,  -18.259982,426183.55214278, 87290.97232720,513474.52446998,   0.4688021305
186300,    1.863000,   82.981600,  -18.269789,426089.76627077, 87384.75794744,513474.52421820,   0.4690539027
186400,    1.864000,   82.963326,  -18.279596,425995.93004406, 87478.59392237,513474.52396643,   0.4693056747
186500,    1.865000,   82.945041,  -18.289402,425902.04346267, 87572.48025199,513474.52371466,   0.4695574468
186600,    1.866000,   82.926747,  -18.299209,425808.10652657, 87666.41693631,513474.52346289,   0.4698092189
186700,    1.867000,   82.908442,  -18.309016,425714.11923578, 87760.40397533,513474.52321111,   0.4700609911
186800,    1.868000,   82.890128,  -18.318822,425620.08159030, 87854.44136904,513474.52295934,   0.4703127631
186900,    1.869000,   82.871805,  -18.328629,425525.99359012, 87948.52911745,513474.52270757,   0.4705645352
187000,    1.870000,   82.853471,  -18.338435,425431.85523524, 88042.66722056,513474.52245580,   0.4708163074
187100,    1.871000,   82.835128,  -18.348242,425337.66652567, 88136.85567835,513474.52220403,   0.4710680794
187200,    1.872000,   82.816775,  -18.358049,425243.42746141, 88231.09449085,513474.52195225,   0.4713198515
187300,    1.873000,   82.798412,  -18.367855,425149.13804244, 88325.38365804,513474.52170048,   0.4715716235
187400,    1.874000,   82.780039,  -18.377662,425054.79826879, 88419.72317992,513474.52144871,   0.4718233958
187500,    1.875000,   82.761656,  -18.387469,424960.40814043, 88514.11305650,513474.52119694,   0.4720751678
187600,    1.876000,   82.743264,  -18.397275,424865.96765739, 88608.55328778,513474.52094517,   0.4723269399
187700,    1.877000,   82.724861,  -18.407082,424771.47681964, 88703.04387375,513474.52069339,   0.4725787120
187800,    1.878000,   82.706449,  -18.416889,424676.93562720, 88797.58481442,513474.52044162,   0.4728304840
187900,    1.879000,   82.688028,  -18.426695,424582.34408007, 88892.17610978,513474.52018985,   0.4730822561
188000,    1.880000,   82.669596,  -18.436502,424487.70217824, 88986.81775984,513474.51993808,   0.4733340283
188100,    1.881000,   82.651154,  -18.446309,424393.00992171, 89081.50976459,513474.51968631,   0.4735858004
188200,    1.882000,   82.632703,  -18.456115,424298.26731049, 89176.25212404,513474.51943453,   0.4738375724
188300,    1.883000,   82.614242,  -18.465922,424203.47434458, 89271.04483818,513474.51918276,   0.4740893444
188400,    1.884000,   82.595771,  -18.475729,424108.63102396, 89365.88790702,513474.51893099,   0.4743411166
188500,    1.885000,   82.577291,  -18.485535,424013.73734866, 89460.78133056,513474.51867922,   0.4745928887
188600,    1.886000,   82.558800,  -18.495342,423918.79331866, 89555.72510879,513474.51842745,   0.4748446607
188700,    1.887000,   82.540300,  -18.505149,423823.79893396, 89650.71924172,513474.51817567,   0.4750964329
188800,    1.888000,   82.521790,  -18.514955,423728.75419456, 89745.76372934,513474.51792390,   0.4753482049
188900,    1.889000,   82.503270,  -18.524762,423633.65910048, 89840.85857165,513474.51767213,   0.4755999770
189000,    1.890000,   82.484740,  -18.534568,423538.51365169, 89936.00376867,513474.51742036,   0.4758517491
189100,    1.891000,   82.466201,  -18.544375,423443.31784821, 90031.19932037,513474.51716858,   0.4761035212
189200,    1.892000,   82.447651,  -18.554182,423348.07169004, 90126.44522678,513474.51691681,   0.4763552932
189300,    1.893000,   82.429092,  -18.563988,423252.77517717, 90221.74148787,513474.51666504,   0.4766070654
189400,    1.894000,   82.410523,  -18.573795,423157.42830960, 90317.08810367,513474.51641327,   0.4768588375
189500,    1.895000,   82.391944,  -18.583602,423062.03108734, 90412.48507416,513474.51616150,   0.4771106094
189600,    1.896000,   82.373356,  -18.593408,422966.58351038, 90507.93239934,513474.51590972,   0.4773623816
189700,    1.897000,   82.354758,  -18.603215,422871.08557873, 90603.43007922,513474.51565795,   0.4776141536
189800,    1.898000,   82.336149,  -18.613022,422775.53729238, 90698.97811380,513474.51540618,   0.4778659257
189900,    1.899000,   82.317531,  -18.622828,422679.93865134, 90794.57650307,513474.51515441,   0.4781176977
190000,    1.900000,   82.298904,  -18.632635,422584.28965560, 90890.22524703,513474.51490264,   0.4783694698
190100,    1.901000,   82.280266,  -18.642442,422488.59030517, 90985.92434570,513474.51465086,   0.4786212420
190200,    1.902000,   82.261619,  -18.652248,422392.84060004, 91081.67379905,513474.51439909,   0.4788730140
190300,    1.903000,   82.242961,  -18.662055,422297.04054021, 91177.47360711,513474.51414732,   0.4791247861
190400,    1.904000,   82.224294,  -18.671862,422201.19012569, 91273.32376985,513474.51389555,   0.4793765582
190500,    1.905000,   82.205618,  -18.681668,422105.28935648, 91369.22428730,513474.51364378,   0.4796283302
190600,    1.906000,   82.186931,  -18.691475,422009.33823257, 91465.17515944,513474.51339200,   0.4798801022
190700,    1.907000,   82.168235,  -18.701282,421913.33675396, 91561.17638627,513474.51314023,   0.4801318744
190800,    1.908000,   82.149528,  -18.711088,421817.28492066, 91657.22796780,513474.51288846,   0.4803836464
190900,    1.909000,   82.130812,  -18.720895,421721.18273266, 91753.32990403,513474.51263669,   0.4806354186
191000,    1.910000,   82.112086,  -18.730702,421625.03018997, 91849.48219495,513474.51238492,   0.4808871905
191100,    1.911000,   82.093351,  -18.740508,421528.82729258, 91945.68484056,513474.51213314,   0.4811389627
191200,    1.912000,   82.074605,  -18.750315,421432.57404050, 92041.93784087,513474.51188137,   0.4813907347
191300,    1.913000,   82.055850,  -18.760121,421336.27043372, 92138.24119588,513474.51162960,   0.4816425068
191400,    1.914000,   82.037085,  -18.769928,421239.91647224, 92234.59490558,513474.51137783,   0.4818942789
191500,    1.915000,   82.018310,  -18.779735,421143.51215607, 92330.99896998,513474.51112605,   0.4821460508
191600,    1.916000,   81.999525,  -18.789541,421047.05748521, 92427.45338907,513474.51087428,   0.4823978228
191700,    1.917000,   81.980731,  -18.799348,420950.55245965, 92523.95816286,513474.51062251,   0.4826495950
191800,    1.918000,   81.961927,  -18.809155,420853.99707939, 92620.51329135,513474.51037074,   0.4829013672
191900,    1.919000,   81.943112,  -18.818961,420757.39134444, 92717.11877453,513474.51011897,   0.4831531392
192000,    1.920000,   81.924289,  -18.828768,420660.73525479, 92813.77461240,513474.50986719,   0.4834049112
192100,    1.921000,   81.905455,  -18.838575,420564.02881045, 92910.48080497,513474.50961542,   0.4836566833
192200,    1.922000,   81.886611,  -18.848381,420467.27201141, 93007.23735224,513474.50936365,   0.4839084553
192300,    1.923000,   81.867758,  -18.858188,420370.46485768, 93104.04425420,513474.50911188,   0.4841602274
192400,    1.924000,   81.848895,  -18.867995,420273.60734925, 93200.90151086,513474.50886011,   0.4844119995
192500,    1.925000,   81.830022,  -18.877801,420176.69948613, 93297.80912221,513474.50860833,   0.4846637716
192600,    1.926000,   81.811139,  -18.887608,420079.74126831, 93394.76708826,513474.50835656,   0.4849155435
192700,    1.927000,   81.792247,  -18.897415,419982.73269579, 93491.77540900,513474.50810479,   0.4851673156
192800,    1.928000,   81.773344,  -18.907221,419885.67376858, 93588.83408444,513474.50785302,   0.4854190877
192900,    1.929000,   81.754432,  -18.917028,419788.56448668, 93685.94311457,513474.50760125,   0.4856708598
193000,    1.930000,   81.735510,  -18.926835,419691.40485007, 93783.10249940,513474.50734947,   0.4859226317
193100,    1.931000,   81.716578,  -18.936641,419594.19485878, 93880.31223892,513474.50709770,   0.4861744039
193200,    1.932000,   81.697637,  -18.946448,419496.93451279, 93977.57233314,513474.50684593,   0.4864261760
193300,    1.933000,   81.678685,  -18.956254,419399.62381210, 94074.88278206,513474.50659416,   0.4866779480
193400,    1.934000,   81.659724,  -18.966061,419302.26275671, 94172.24358567,513474.50634239,   0.4869297200
193500,    1.935000,   81.640753,  -18.975868,419204.85134664, 94269.65474398,513474.50609061,   0.4871814921
193600,    1.936000,   81.621772,  -18.985674,419107.38958186, 94367.11625698,513474.50583884,   0.4874332641
193700,    1.937000,   81.602782,  -18.995481,419009.87746239, 94464.62812468,513474.50558707,   0.4876850361
193800,    1.938000,   81.583781,  -19.005288,418912.31498823, 94562.19034707,513474.50533530,   0.4879368083
193900,    1.939000,   81.564771,  -19.015094,418814.70215937, 94659.80292416,513474.50508353,   0.4881885803
194000,    1.940000,   81.545751,  -19.024901,418717.03897581, 94757.46585594,513474.50483175,   0.4884403523
194100,    1.941000,   81.526721,  -19.034708,418619.32543756, 94855.17914242,513474.50457998,   0.4886921244
194200,    1.942000,   81.507681,  -19.044514,418521.56154462, 94952.94278359,513474.50432821,   0.4889438965
194300,    1.943000,   81.488632,  -19.054321,418423.74729697, 95050.75677946,513474.50407644,   0.4891956684
194400,    1.944000,   81.469573,  -19.064128,418325.88269464, 95148.62113003,513474.50382467,   0.4894474404
194500,    1.945000,   81.450504,  -19.073934,418227.96773760, 95246.53583529,513474.50357289,   0.4896992127
194600,    1.946000,   81.431425,  -19.083741,418130.00242588, 95344.50089525,513474.50332112,   0.4899509846
194700,    1.947000,   81.412336,  -19.093548,418031.98675945, 95442.51630990,513474.50306935,   0.4902027567
194800,    1.948000,   81.393237,  -19.103354,417933.92073833, 95540.58207924,513474.50281758,   0.4904545287
194900,    1.949000,   81.374129,  -19.113161,417835.80436252, 95638.69820329,513474.50256580,   0.4907063008
195000,    1.950000,   81.355011,  -19.122968,417737.63763201, 95736.86468202,513474.50231403,   0.4909580728
195100,    1.951000,   81.335883,  -19.132774,417639.42054680, 95835.08151546,513474.50206226,   0.4912098449
195200,    1.952000,   81.316745,  -19.142581,417541.15310690, 95933.34870359,513474.50181049,   0.4914616170
195300,    1.953000,   81.297598,  -19.152387,417442.83531231, 96031.66624641,513474.50155872,   0.4917133889
195400,    1.954000,   81.278441,  -19.162194,417344.46716301, 96130.03414393,513474.50130694,   0.4919651609
195500,    1.955000,   81.259273,  -19.172001,417246.04865903, 96228.45239614,513474.50105517,   0.4922169331
195600,    1.956000,   81.240096,  -19.181807,417147.57980035, 96326.92100306,513474.50080340,   0.4924687051
195700,    1.957000,   81.220910,  -19.191614,417049.06058697, 96425.43996466,513474.50055163,   0.4927204771
195800,    1.958000,   81.201713,  -19.201421,416950.49101889, 96524.00928096,513474.50029986,   0.4929722492
195900,    1.959000,   81.182507,  -19.211227,416851.87109613, 96622.62895196,513474.50004808,   0.4932240212
196000,    1.960000,   81.163291,  -19.221034,416753.20081866, 96721.29897765,513474.49979631,   0.4934757932
196100,    1.961000,   81.144065,  -19.230841,416654.48018650, 96820.01935804,513474.49954454,   0.4937275652
196200,    1.962000,   81.124829,  -19.240647,416555.70919965, 96918.79009312,513474.49929277,   0.4939793373
196300,    1.963000,   81.105583,  -19.250454,416456.88785810, 97017.61118290,513474.49904100,   0.4942311093
196400,    1.964000,   81.086328,  -19.260261,416358.01616185, 97116.48262737,513474.49878922,   0.4944828812
196500,    1.965000,   81.067063,  -19.270067,416259.09411091, 97215.40442654,513474.49853745,   0.4947346533
196600,    1.966000,   81.047788,  -19.279874,416160.12170527, 97314.37658041,513474.49828568,   0.4949864253
196700,    1.967000,   81.028503,  -19.289681,416061.09894494, 97413.39908897,513474.49803391,   0.4952381973
196800,    1.968000,   81.009208,  -19.299487,415962.02582991, 97512.47195222,513474.49778214,   0.4954899693
196900,    1.969000,   80.989904,  -19.309294,415862.90236019, 97611.59517017,513474.49753036,   0.4957417415
197000,    1.970000,   80.970589,  -19.319101,415763.72853577, 97710.76874282,513474.49727859,   0.4959935134
197100,    1.971000,   80.951265,  -19.328907,415664.50435666, 97809.99267016,513474.49702682,   0.4962452854
197200,    1.972000,   80.931931,  -19.338714,415565.22982285, 97909.26695220,513474.49677505,   0.4964970575
197300,    1.973000,   80.912588,  -19.348520,415465.90493434, 98008.59158893,513474.49652328,   0.4967488294
197400,    1.974000,   80.893234,  -19.358327,415366.52969114, 98107.96658036,513474.49627150,   0.4970006015
197500,    1.975000,   80.873871,  -19.368134,415267.10409325, 98207.39192648,513474.49601973,   0.4972523735
197600,    1.976000,   80.854498,  -19.377940,415167.62814066, 98306.86762730,513474.49576796,   0.4975041455
197700,    1.977000,   80.835115,  -19.387747,415068.10183337, 98406.39368282,513474.49551619,   0.4977559174
197800,    1.978000,   80.815722,  -19.397554,414968.52517139, 98505.97009303,513474.49526442,   0.4980076895
197900,    1.979000,   80.796320,  -19.407360,414868.89815471, 98605.59685793,513474.49501264,   0.4982594616
198000,    1.980000,   80.776908,  -19.417167,414769.22078334, 98705.27397753,513474.49476087,   0.4985112335
198100,    1.981000,   80.757485,  -19.426974,414669.49305727, 98805.00145183,513474.49450910,   0.4987630055
198200,    1.982000,   80.738054,  -19.436780,414569.71497651, 98904.77928082,513474.49425733,   0.4990147777
198300,    1.983000,   80.718612,  -19.446587,414469.88654105, 99004.60746451,513474.49400556,   0.4992665496
198400,    1.984000,   80.699160,  -19.456394,414370.00775089, 99104.48600289,513474.49375378,   0.4995183215
198500,    1.985000,   80.679699,  -19.466200,414270.07860604, 99204.41489597,513474.49350201,   0.4997700936
198600,    1.986000,   80.660228,  -19.476007,414170.09910650, 99304.39414374,513474.49325024,   0.5000218657
198700,    1.987000,   80.640747,  -19.485814,414070.06925226, 99404.42374621,513474.49299847,   0.5002736376
198800,    1.988000,   80.621256,  -19.495620,413969.98904332, 99504.50370337,513474.49274670,   0.5005254095
198900,    1.989000,   80.601755,  -19.505427,413869.85847969, 99604.63401523,513474.49249492,   0.5007771817
199000,    1.990000,   80.582245,  -19.515234,413769.67756136, 99704.81468179,513474.49224315,   0.5010289536
199100,    1.991000,   80.562725,  -19.525040,413669.44628834, 99805.04570304,513474.49199138,   0.5012807256
199200,    1.992000,   80.543195,  -19.534847,413569.16466062, 99905.32707899,513474.49173961,   0.5015324976
199300,    1.993000,   80.523655,  -19.544653,413468.83267821,100005.65880963,513474.49148784,   0.5017842697
199400,    1.994000,   80.504106,  -19.554460,413368.45034110,100106.04089496,513474.49123606,   0.5020360416
199500,    1.995000,   80.484546,  -19.564267,413268.01764930,100206.47333500,513474.49098429,   0.5022878136
199600,    1.996000,   80.464977,  -19.574073,413167.53460280,100306.95612972,513474.49073252,   0.5025395858
199700,    1.997000,   80.445398,  -19.583880,413067.00120160,100407.48927915,513474.49048075,   0.5027913576
199800,    1.998000,   80.425809,  -19.593687,412966.41744571,100508.07278326,513474.49022898,   0.5030431297
199900,    1.999000,   80.406210,  -19.603493,412865.78333513,100608.70664208,513474.48997720,   0.5032949016
200000,    2.000000,   80.386602,  -19.613300,412765.09886984,100709.39085559,513474.48972543,   0.5035466737
200100,    2.001000,   80.366984,  -19.623107,412664.36404987,100810.12542379,513474.48947366,   0.5037984456
200200,    2.002000,   80.347356,  -19.632913,412563.57887520,100910.91034669,513474.48922189,   0.5040502177
200300,    2.003000,   80.327718,  -19.642720,412462.74334583,101011.74562429,513474.48897012,   0.5043019897
200400,    2.004000,   80.308070,  -19.652527,412361.85746177,101112.63125658,513474.48871834,   0.5045537616
200500,    2.005000,   80.288413,  -19.662333,412260.92122301,101213.56724357,513474.48846657,   0.5048055336
200600,    2.006000,   80.268745,  -19.672140,412159.93462955,101314.55358525,513474.48821480,   0.5050573057
200700,    2.007000,   80.249068,  -19.681947,412058.89768140,101415.59028162,513474.48796303,   0.5053090777
200800,    2.008000,   80.229381,  -19.691753,411957.81037856,101516.67733270,513474.48771126,   0.5055608496
200900,    2.009000,   80.209685,  -19.701560,411856.67272102,101617.81473847,513474.48745948,   0.5058126217
201000,    2.010000,   80.189978,  -19.711367,411755.48470878,101719.00249893,513474.48720771,   0.5060643937
201100,    2.011000,   80.170262,  -19.721173,411654.24634185,101820.24061409,513474.48695594,   0.5063161656
201200,    2.012000,   80.150536,  -19.730980,411552.95762023,101921.52908394,513474.48670417,   0.5065679377
201300,    2.013000,   80.130800,  -19.740786,411451.61854390,102022.86790849,513474.48645240,   0.5068197097
201400,    2.014000,   80.111054,  -19.750593,411350.22911289,102124.25708774,513474.48620062,   0.5070714816
201500,    2.015000,   80.091298,  -19.760400,411248.78932717,102225.69662168,513474.48594885,   0.5073232535
201600,    2.016000,   80.071533,  -19.770206,411147.29918677,102327.18651031,513474.48569708,   0.5075750256
201700,    2.017000,   80.051758,  -19.780013,411045.75869166,102428.72675365,513474.48544531,   0.5078267975
201800,    2.018000,   80.031973,  -19.789820,410944.16784186,102530.31735167,513474.48519354,   0.5080785695
201900,    2.019000,   80.012178,  -19.799626,410842.52663737,102631.95830440,513474.48494176,   0.5083303415
202000,    2.020000,   79.992374,  -19.809433,410740.83507818,102733.64961181,513474.48468999,   0.5085821137
202100,    2.021000,   79.972559,  -19.819240,410639.09316429,102835.39127393,513474.48443822,   0.5088338855
202200,    2.022000,   79.952735,  -19.829046,410537.30089571,102937.18329073,513474.48418645,   0.5090856575
202300,    2.023000,   79.932901,  -19.838853,410435.45827244,103039.02566224,513474.48393468,   0.5093374295
202400,    2.024000,   79.913057,  -19.848660,410333.56529447,103140.91838844,513474.48368290,   0.5095892015
202500,    2.025000,   79.893204,  -19.858466,410231.62196180,103242.86146933,513474.48343113,   0.5098409735
202600,    2.026000,   79.873340,  -19.868273,410129.62827444,103344.85490492,513474.48317936,   0.5100927455
202700,    2.027000,   79.853467,  -19.878080,410027.58423238,103446.89869521,513474.48292759,   0.5103445175
202800,    2.028000,   79.833584,  -19.887886,409925.48983563,103548.99284019,513474.48267582,   0.5105962894
202900,    2.029000,   79.813691,  -19.897693,409823.34508418,103651.13733987,513474.48242404,   0.5108480614
203000,    2.030000,   79.793788,  -19.907500,409721.14997803,103753.33219424,513474.48217227,   0.5110998335
203100,    2.031000,   79.773876,  -19.917306,409618.90451719,103855.57740331,513474.48192050,   0.5113516054
203200,    2.032000,   79.753954,  -19.927113,409516.60870166,103957.87296707,513474.48166873,   0.5116033773
203300,    2.033000,   79.734022,  -19.936919,409414.26253143,104060.21888553,513474.48141696,   0.5118551494
203400,    2.034000,   79.714080,  -19.946726,409311.86600650,104162.61515868,513474.48116518,   0.5121069213
203500,    2.035000,   79.694128,  -19.956533,409209.41912688,104265.06178653,513474.48091341,   0.5123586932
203600,    2.036000,   79.674167,  -19.966339,409106.92189256,104367.55876908,513474.48066164,   0.5126104653
203700,    2.037000,   79.654195,  -19.976146,409004.37430355,104470.10610632,513474.48040987,   0.5128622372
203800,    2.038000,   79.634214,  -19.985953,408901.77635984,104572.70379825,513474.48015810,   0.5131140092
203900,    2.039000,   79.614223,  -19.995759,408799.12806144,104675.35184488,513474.47990632,   0.5133657812
204000,    2.040000,   79.594223,  -20.005566,408696.42940834,104778.05024621,513474.47965455,   0.5136175532
204100,    2.041000,   79.574212,  -20.015373,408593.68040055,104880.79900223,513474.47940278,   0.5138693251
204200,    2.042000,   79.554192,  -20.025179,408490.88103806,104983.59811295,513474.47915101,   0.5141210971
204300,    2.043000,   79.534162,  -20.034986,408388.03132087,105086.44757836,513474.47889924,   0.5143728691
204400,    2.044000,   79.514122,  -20.044793,408285.13124899,105189.34739847,513474.47864746,   0.5146246411
204500,    2.045000,   79.494072,  -20.054599,408182.18082242,105292.29757327,513474.47839569,   0.5148764130
204600,    2.046000,   79.474012,  -20.064406,408079.18004115,105395.29810277,513474.47814392,   0.5151281850
204700,    2.047000,   79.453943,  -20.074213,407976.12890518,105498.34898697,513474.47789215,   0.5153799572
204800,    2.048000,   79.433864,  -20.084019,407873.02741452,105601.45022586,513474.47764038,   0.5156317289
204900,    2.049000,   79.413775,  -20.093826,407769.87556916,105704.60181944,513474.47738860,   0.5158835009
205000,    2.050000,   79.393676,  -20.103633,407666.67336911,105807.80376772,513474.47713683,   0.5161352729
205100,    2.051000,   79.373568,  -20.113439,407563.42081436,105911.05607070,513474.47688506,   0.5163870449
205200,    2.052000,   79.353449,  -20.123246,407460.11790492,106014.35872837,513474.47663329,   0.5166388168
205300,    2.053000,   79.333321,  -20.133052,407356.76464078,106117.71174074,513474.47638152,   0.5168905888
205400,    2.054000,   79.313183,  -20.142859,407253.36102194,106221.11510780,513474.47612974,   0.5171423608
205500,    2.055000,   79.293035,  -20.152666,407149.90704841,106324.56882956,513474.47587797,   0.5173941327
205600,    2.056000,   79.272878,  -20.162472,407046.40272019,106428.07290601,513474.47562620,   0.5176459047
205700,    2.057000,   79.252710,  -20.172279,406942.84803727,106531.62733716,513474.47537443,   0.5178976767
205800,    2.058000,   79.232533,  -20.182086,406839.24299965,106635.23212300,513474.47512266,   0.5181494486
205900,    2.059000,   79.212346,  -20.191892,406735.58760734,106738.88726354,513474.47487089,   0.5184012204
206000,    2.060000,   79.192149,  -20.201699,406631.88186033,106842.59275878,513474.47461911,   0.5186529926
206100,    2.061000,   79.171942,  -20.211506,406528.12575863,106946.34860871,513474.47436734,   0.5189047646
206200,    2.062000,   79.151726,  -20.221312,406424.31930223,107050.15481334,513474.47411557,   0.5191565364
206300,    2.063000,   79.131500,  -20.231119,406320.46249114,107154.01137266,513474.47386380,   0.5194083084
206400,    2.064000,   79.111264,  -20.240926,406216.55532535,107257.91828667,513474.47361203,   0.5196600805
206500,    2.065000,   79.091018,  -20.250732,406112.59780487,107361.87555539,513474.47336025,   0.5199118523
206600,    2.066000,   79.070762,  -20.260539,406008.58992969,107465.88317879,513474.47310848,   0.5201636244
206700,    2.067000,   79.050497,  -20.270346,405904.53169981,107569.94115690,513474.47285671,   0.5204153963
206800,    2.068000,   79.030221,  -20.280152,405800.42311524,107674.04948969,513474.47260494,   0.5206671683
206900,    2.069000,   79.009936,  -20.289959,405696.26417598,107778.20817719,513474.47235317,   0.5209189402
207000,    2.070000,   78.989641,  -20.299766,405592.05488202,107882.41721938,513474.47210139,   0.5211707121
207100,    2.071000,   78.969336,  -20.309572,405487.79523336,107986.67661626,513474.47184962,   0.5214224841
207200,    2.072000,   78.949022,  -20.319379,405383.48523001,108090.98636784,513474.47159785,   0.5216742560
207300,    2.073000,   78.928698,  -20.329185,405279.12487196,108195.34647412,513474.47134608,   0.5219260280
207400,    2.074000,   78.908363,  -20.338992,405174.71415922,108299.75693509,513474.47109431,   0.5221777999
207500,    2.075000,   78.888020,  -20.348799,405070.25309178,108404.21775076,513474.47084253,   0.5224295718
207600,    2.076000,   78.867666,  -20.358605,404965.74166964,108508.72892112,513474.47059076,   0.5226813438
207700,    2.077000,   78.847302,  -20.368412,404861.17989281,108613.29044618,513474.47033899,   0.5229331157
207800,    2.078000,   78.826929,  -20.378219,404756.56776129,108717.90232593,513474.47008722,   0.5231848877
207900,    2.079000,   78.806546,  -20.388025,404651.90527507,108822.56456038,513474.46983545,   0.5234366595
208000,    2.080000,   78.786153,  -20.397832,404547.19243415,108927.27714952,513474.46958367,   0.5236884315
208100,    2.081000,   78.765750,  -20.407639,404442.42923854,109032.04009336,513474.46933190,   0.5239402035
208200,    2.082000,   78.745337,  -20.417445,404337.61568824,109136.85339189,513474.46908013,   0.5241919754
208300,    2.083000,   78.724915,  -20.427252,404232.75178324,109241.71704512,513474.46882836,   0.5244437473
208400,    2.084000,   78.704483,  -20.437059,404127.83752354,109346.63105305,513474.46857659,   0.5246955192
208500,    2.085000,   78.684041,  -20.446865,404022.87290915,109451.59541567,513474.46832481,   0.5249472912
208600,    2.086000,   78.663589,  -20.456672,403917.85794006,109556.61013299,513474.46807304,   0.5251990631
208700,    2.087000,   78.643127,  -20.466479,403812.79261627,109661.67520500,513474.46782127,   0.5254508351
208800,    2.088000,   78.622656,  -20.476285,403707.67693779,109766.79063170,513474.46756950,   0.5257026071
208900,    2.089000,   78.602175,  -20.486092,403602.51090462,109871.95641311,513474.46731773,   0.5259543789
209000,    2.090000,   78.581684,  -20.495899,403497.29451675,109977.17254920,513474.46706595,   0.5262061508
209100,    2.091000,   78.561183,  -20.505705,403392.02777419,110082.43904000,513474.46681418,   0.5264579228
209200,    2.092000,   78.540672,  -20.515512,403286.71067692,110187.75588549,513474.46656241,   0.5267096947
209300,    2.093000,   78.520152,  -20.525318,403181.34322497,110293.12308567,513474.46631064,   0.5269614666
209400,    2.094000,   78.499621,  -20.535125,403075.92541832,110398.54064055,513474.46605887,   0.5272132386
209500,    2.095000,   78.479081,  -20.544932,402970.45725697,110504.00855013,513474.46580710,   0.5274650106
209600,    2.096000,   78.458531,  -20.554738,402864.93874093,110609.52681440,513474.46555532,   0.5277167824
209700,    2.097000,   78.437972,  -20.564545,402759.36987019,110715.09543336,513474.46530355,   0.5279685543
209800,    2.098000,   78.417402,  -20.574352,402653.75064476,110820.71440702,513474.46505178,   0.5282203263
209900,    2.099000,   78.396823,  -20.584158,402548.08106463,110926.38373538,513474.46480001,   0.5284720981
210000,    2.100000,   78.376234,  -20.593965,402442.36112980,111032.10341843,513474.46454824,   0.5287238701
210100,    2.101000,   78.355635,  -20.603772,402336.59084028,111137.87345618,513474.46429646,   0.5289756421
210200,    2.102000,   78.335026,  -20.613578,402230.77019607,111243.69384862,513474.46404469,   0.5292274141
210300,    2.103000,   78.314408,  -20.623385,402124.89919716,111349.56459576,513474.46379292,   0.5294791859
210400,    2.104000,   78.293779,  -20.633192,402018.97784355,111455.48569760,513474.46354115,   0.5297309578
210500,    2.105000,   78.273141,  -20.642998,401913.00613525,111561.45715412,513474.46328938,   0.5299827298
210600,    2.106000,   78.252493,  -20.652805,401806.98407225,111667.47896535,513474.46303760,   0.5302345016
210700,    2.107000,   78.231835,  -20.662612,401700.91165456,111773.55113127,513474.46278583,   0.5304862736
210800,    2.108000,   78.211168,  -20.672418,401594.78888218,111879.67365189,513474.46253406,   0.5307380455
210900,    2.109000,   78.190490,  -20.682225,401488.61575509,111985.84652720,513474.46228229,   0.5309898175
211000,    2.110000,   78.169803,  -20.692032,401382.39227331,112092.06975720,513474.46203052,   0.5312415892
211100,    2.111000,   78.149106,  -20.701838,401276.11843684,112198.34334190,513474.46177874,   0.5314933613
211200,    2.112000,   78.128400,  -20.711645,401169.79424567,112304.66728130,513474.46152697,   0.5317451332
211300,    2.113000,   78.107683,  -20.721451,401063.41969981,112411.04157539,513474.46127520,   0.5319969051
211400,    2.114000,   78.086957,  -20.731258,400956.99479925,112517.46622418,513474.46102343,   0.5322486770
211500,    2.115000,   78.066220,  -20.741065,400850.51954399,112623.94122767,513474.46077166,   0.5325004490
211600,    2.116000,   78.045474,  -20.750871,400743.99393404,112730.46658585,513474.46051988,   0.5327522208
211700,    2.117000,   78.024718,  -20.760678,400637.41796939,112837.04229872,513474.46026811,   0.5330039928
211800,    2.118000,   78.003953,  -20.770485,400530.79165005,112943.66836629,513474.46001634,   0.5332557647
211900,    2.119000,   77.983177,  -20.780291,400424.11497601,113050.34478856,513474.45976457,   0.5335075366
212000,    2.120000,   77.962392,  -20.790098,400317.38794728,113157.07156552,513474.45951280,   0.5337593085
212100,    2.121000,   77.941597,  -20.799905,400210.61056385,113263.84869717,513474.45926103,   0.5340110804
212200,    2.122000,   77.920792,  -20.809711,400103.78282573,113370.67618352,513474.45900925,   0.5342628525
212300,    2.123000,   77.899978,  -20.819518,399996.90473291,113477.55402457,513474.45875748,   0.5345146242
212400,    2.124000,   77.879153,  -20.829325,399889.97628540,113584.48222031,513474.45850571,   0.5347663961
212500,    2.125000,   77.858319,  -20.839131,399782.99748319,113691.46077075,513474.45825394,   0.5350181682
212600,    2.126000,   77.837475,  -20.848938,399675.96832628,113798.48967588,513474.45800217,   0.5352699399
212700,    2.127000,   77.816621,  -20.858745,399568.88881468,113905.56893571,513474.45775039,   0.5355217119
212800,    2.128000,   77.795757,  -20.868551,399461.75894838,114012.69855024,513474.45749862,   0.5357734838
212900,    2.129000,   77.774884,  -20.878358,399354.57872739,114119.87851946,513474.45724685,   0.5360252557
213000,    2.130000,   77.754000,  -20.888165,399247.34815171,114227.10884337,513474.45699508,   0.5362770275
213100,    2.131000,   77.733107,  -20.897971,399140.06722132,114334.38952198,513474.45674331,   0.5365287995
213200,    2.132000,   77.712204,  -20.907778,399032.73593625,114441.72055529,513474.45649153,   0.5367805714
213300,    2.133000,   77.691292,  -20.917584,398925.35429647,114549.10194329,513474.45623976,   0.5370323433
213400,    2.134000,   77.670369,  -20.927391,398817.92230200,114656.53368599,513474.45598799,   0.5372841152
213500,    2.135000,   77.649437,  -20.937198,398710.43995284,114764.01578338,513474.45573622,   0.5375358872
213600,    2.136000,   77.628495,  -20.947004,398602.90724898,114871.54823547,513474.45548445,   0.5377876590
213700,    2.137000,   77.607543,  -20.956811,398495.32419042,114979.13104225,513474.45523267,   0.5380394309
213800,    2.138000,   77.586581,  -20.966618,398387.69077717,115086.76420373,513474.45498090,   0.5382912029
213900,    2.139000,   77.565609,  -20.976424,398280.00700923,115194.44771990,513474.45472913,   0.5385429748
214000,    2.140000,   77.544628,  -20.986231,398172.27288659,115302.18159077,513474.45447736,   0.5387947466
214100,    2.141000,   77.523637,  -20.996038,398064.48840925,115409.96581634,513474.45422559,   0.5390465185
214200,    2.142000,   77.502636,  -21.005844,397956.65357722,115517.80039660,513474.45397382,   0.5392982905
214300,    2.143000,   77.481625,  -21.015651,397848.76839049,115625.68533155,513474.45372204,   0.5395500623
214400,    2.144000,   77.460604,  -21.025458,397740.83284907,115733.62062120,513474.45347027,   0.5398018342
214500,    2.145000,   77.439574,  -21.035264,397632.84695295,115841.60626555,513474.45321850,   0.5400536061
214600,    2.146000,   77.418534,  -21.045071,397524.81070214,115949.64226459,513474.45296673,   0.5403053781
214700,    2.147000,   77.397484,  -21.054878,397416.72409663,116057.72861833,513474.45271496,   0.5405571499
214800,    2.148000,   77.376424,  -21.064684,397308.58713642,116165.86532676,513474.45246318,   0.5408089217
214900,    2.149000,   77.355354,  -21.074491,397200.39982152,116274.05238989,513474.45221141,   0.5410606937
215000,    2.150000,   77.334275,  -21.084298,397092.16215193,116382.28980771,513474.45195964,   0.5413124655
215100,    2.151000,   77.313186,  -21.094104,396983.87412764,116490.57758023,513474.45170787,   0.5415642374
215200,    2.152000,   77.292086,  -21.103911,396875.53574865,116598.91570745,513474.45145610,   0.5418160094
215300,    2.153000,   77.270978,  -21.113717,396767.14701497,116707.30418936,513474.45120432,   0.5420677813
215400,    2.154000,   77.249859,  -21.123524,396658.70792659,116815.74302596,513474.45095255,   0.5423195531
215500,    2.155000,   77.228730,  -21.133331,396550.21848352,116924.23221726,513474.45070078,   0.5425713250
215600,    2.156000,   77.207592,  -21.143137,396441.67868575,117032.77176326,513474.45044901,   0.5428230970
215700,    2.157000,   77.186444,  -21.152944,396333.08853329,117141.36166395,513474.45019724,   0.5430748688
215800,    2.158000,   77.165286,  -21.162751,396224.44802613,117250.00191934,513474.44994547,   0.5433266407
215900,    2.159000,   77.144118,  -21.172557,396115.75716427,117358.69252942,513474.44969369,   0.5435784126
216000,    2.160000,   77.122941,  -21.182364,396007.01594772,117467.43349420,513474.44944192,   0.5438301846
216100,    2.161000,   77.101754,  -21.192171,395898.22437648,117576.22481367,513474.44919015,   0.5440819563
216200,    2.162000,   77.080557,  -21.201977,395789.38245054,117685.06648784,513474.44893838,   0.5443337283
216300,    2.163000,   77.059350,  -21.211784,395680.49016990,117793.95851671,513474.44868661,   0.5445855002
216400,    2.164000,   77.038133,  -21.221591,395571.54753457,117902.90090027,513474.44843483,   0.5448372720
216500,    2.165000,   77.016906,  -21.231397,395462.55454454,118011.89363852,513474.44818306,   0.5450890439
216600,    2.166000,   76.995670,  -21.241204,395353.51119982,118120.93673147,513474.44793129,   0.5453408159
216700,    2.167000,   76.974424,  -21.251011,395244.41750040,118230.03017912,513474.44767952,   0.5455925877
216800,    2.168000,   76.953168,  -21.260817,395135.27344629,118339.17398146,513474.44742775,   0.5458443596
216900,    2.169000,   76.931902,  -21.270624,395026.07903748,118448.36813849,513474.44717597,   0.5460961315
217000,    2.170000,   76.910627,  -21.280431,394916.83427398,118557.61265023,513474.44692420,   0.5463479033
217100,    2.171000,   76.889341,  -21.290237,394807.53915578,118666.90751665,513474.44667243,   0.5465996753
217200,    2.172000,   76.868046,  -21.300044,394698.19368288,118776.25273778,513474.44642066,   0.5468514471
217300,    2.173000,   76.846741,  -21.309850,394588.79785529,118885.64831360,513474.44616889,   0.5471032191
217400,    2.174000,   76.825426,  -21.319657,394479.35167300,118995.09424411,513474.44591711,   0.5473549908
217500,    2.175000,   76.804102,  -21.329464,394369.85513602,119104.59052932,513474.44566534,   0.5476067627
217600,    2.176000,   76.782767,  -21.339270,394260.30824435,119214.13716922,513474.44541357,   0.5478585346
217700,    2.177000,   76.761423,  -21.349077,394150.71099797,119323.73416382,513474.44516180,   0.5481103066
217800,    2.178000,   76.740069,  -21.358884,394041.06339691,119433.38151312,513474.44491003,   0.5483620784
217900,    2.179000,   76.718705,  -21.368690,393931.36544114,119543.07921711,513474.44465826,   0.5486138503
218000,    2.180000,   76.697331,  -21.378497,393821.61713069,119652.82727580,513474.44440648,   0.5488656221
218100,    2.181000,   76.675948,  -21.388304,393711.81846553,119762.62568918,513474.44415471,   0.5491173940
218200,    2.182000,   76.654555,  -21.398110,393601.96944568,119872.47445726,513474.44390294,   0.5493691659
218300,    2.183000,   76.633152,  -21.407917,393492.07007114,119982.37358003,513474.44365117,   0.5496209378
218400,    2.184000,   76.611739,  -21.417724,393382.12034190,120092.32305750,513474.44339940,   0.5498727097
218500,    2.185000,   76.590316,  -21.427530,393272.12025796,120202.32288966,513474.44314762,   0.5501244814
218600,    2.186000,   76.568884,  -21.437337,393162.06981933,120312.37307652,513474.44289585,   0.5503762534
218700,    2.187000,   76.547441,  -21.447144,393051.96902600,120422.47361808,513474.44264408,   0.5506280253
218800,    2.188000,   76.525989,  -21.456950,392941.81787798,120532.62451433,513474.44239231,   0.5508797970
218900,    2.189000,   76.504527,  -21.466757,392831.61637527,120642.82576527,513474.44214054,   0.5511315689
219000,    2.190000,   76.483056,  -21.476564,392721.36451785,120753.07737091,513474.44188876,   0.5513833408
219100,    2.191000,   76.461574,  -21.486370,392611.06230574,120863.37933125,513474.44163699,   0.5516351126
219200,    2.192000,   76.440083,  -21.496177,392500.70973894,120973.73164628,513474.44138522,   0.5518868844
219300,    2.193000,   76.418582,  -21.505983,392390.30681744,121084.13431601,513474.44113345,   0.5521386564
219400,    2.194000,   76.397071,  -21.515790,392279.85354125,121194.58734043,513474.44088168,   0.5523904281
219500,    2.195000,   76.375550,  -21.525597,392169.34991036,121305.09071955,513474.44062991,   0.5526422000
219600,    2.196000,   76.354019,  -21.535403,392058.79592477,121415.64445336,513474.44037813,   0.5528939719
219700,    2.197000,   76.332479,  -21.545210,391948.19158449,121526.24854187,513474.44012636,   0.5531457438
219800,    2.198000,   76.310929,  -21.555017,391837.53688952,121636.90298507,513474.43987459,   0.5533975156
219900,    2.199000,   76.289369,  -21.564823,391726.83183984,121747.60778297,513474.43962282,   0.5536492874
220000,    2.200000,   76.267799,  -21.574630,391616.07643548,121858.36293557,513474.43937105,   0.5539010594
220100,    2.201000,   76.246220,  -21.584437,391505.27067642,121969.16844286,513474.43911927,   0.5541528311
220200,    2.202000,   76.224630,  -21.594243,391394.41456266,122080.02430485,513474.43886750,   0.5544046030
220300,    2.203000,   76.203031,  -21.604050,391283.50809420,122190.93052153,513474.43861573,   0.5546563748
220400,    2.204000,   76.181422,  -21.613857,391172.55127106,122301.88709290,513474.43836396,   0.5549081467
220500,    2.205000,   76.159803,  -21.623663,391061.54409321,122412.89401898,513474.43811219,   0.5551599185
220600,    2.206000,   76.138175,  -21.633470,390950.48656067,122523.95129974,513474.43786042,   0.5554116904
220700,    2.207000,   76.116536,  -21.643277,390839.37867344,122635.05893521,513474.43760864,   0.5556634623
220800,    2.208000,   76.094888,  -21.653083,390728.22043151,122746.21692537,513474.43735687,   0.5559152341
220900,    2.209000,   76.073230,  -21.662890,390617.01183488,122857.42527022,513474.43710510,   0.5561670059
221000,    2.210000,   76.051562,  -21.672697,390505.75288356,122968.68396977,513474.43685333,   0.5564187778
221100,    2.211000,   76.029884,  -21.682503,390394.44357754,123079.99302401,513474.43660156,   0.5566705496
221200,    2.212000,   76.008197,  -21.692310,390283.08391683,123191.35243295,513474.43634978,   0.5569223214
221300,    2.213000,   75.986500,  -21.702116,390171.67390142,123302.76219659,513474.43609801,   0.5571740933
221400,    2.214000,   75.964793,  -21.711923,390060.21353132,123414.22231492,513474.43584624,   0.5574258651
221500,    2.215000,   75.943076,  -21.721730,389948.70280652,123525.73278795,513474.43559447,   0.5576776369
221600,    2.216000,   75.921349,  -21.731536,389837.14172703,123637.29361567,513474.43534270,   0.5579294088
221700,    2.217000,   75.899613,  -21.741343,389725.53029284,123748.90479809,513474.43509093,   0.5581811807
221800,    2.218000,   75.877866,  -21.751150,389613.86850395,123860.56633520,513474.43483915,   0.5584329525
221900,    2.219000,   75.856110,  -21.760956,389502.15636037,123972.27822701,513474.43458738,   0.5586847243
222000,    2.220000,   75.834344,  -21.770763,389390.39386210,124084.04047351,513474.43433561,   0.5589364962
222100,    2.221000,   75.812569,  -21.780570,389278.58100913,124195.85307471,513474.43408384,   0.5591882680
222200,    2.222000,   75.790783,  -21.790376,389166.71780146,124307.71603060,513474.43383207,   0.5594400399
222300,    2.223000,   75.768988,  -21.800183,389054.80423910,124419.62934119,513474.43358029,   0.5596918116
222400,    2.224000,   75.747183,  -21.809990,388942.84032204,124531.59300648,513474.43332852,   0.5599435836
222500,    2.225000,   75.725368,  -21.819796,388830.82605029,124643.60702646,513474.43307675,   0.5601953553
222600,    2.226000,   75.703543,  -21.829603,388718.76142384,124755.67140114,513474.43282498,   0.5604471271
222700,    2.227000,   75.681708,  -21.839410,388606.64644270,124867.78613051,513474.43257321,   0.5606988990
222800,    2.228000,   75.659864,  -21.849216,388494.48110686,124979.95121458,513474.43232143,   0.5609506709
222900,    2.229000,   75.638010,  -21.859023,388382.26541632,125092.16665334,513474.43206966,   0.5612024427
223000,    2.230000,   75.616146,  -21.868830,388269.99937109,125204.43244680,513474.43181789,   0.5614542146
223100,    2.231000,   75.594272,  -21.878636,388157.68297117,125316.74859495,513474.43156612,   0.5617059863
223200,    2.232000,   75.572388,  -21.888443,388045.31621655,125429.11509780,513474.43131435,   0.5619577582
223300,    2.233000,   75.550495,  -21.898249,387932.89910723,125541.53195534,513474.43106258,   0.5622095300
223400,    2.234000,   75.528592,  -21.908056,387820.43164322,125653.99916758,513474.43081080,   0.5624613019
223500,    2.235000,   75.506679,  -21.917863,387707.91382451,125766.51673452,513474.43055903,   0.5627130737
223600,    2.236000,   75.484756,  -21.927669,387595.34565111,125879.08465615,513474.43030726,   0.5629648454
223700,    2.237000,   75.462823,  -21.937476,387482.72712301,125991.70293247,513474.43005549,   0.5632166173
223800,    2.238000,   75.440881,  -21.947283,387370.05824022,126104.37156350,513474.42980372,   0.5634683892
223900,    2.239000,   75.418929,  -21.957089,387257.33900273,126217.09054921,513474.42955194,   0.5637201609
224000,    2.240000,   75.396967,  -21.966896,387144.56941055,126329.85988963,513474.42930017,   0.5639719327
224100,    2.241000,   75.374995,  -21.976703,387031.74946367,126442.67958473,513474.42904840,   0.5642237047
224200,    2.242000,   75.353013,  -21.986509,386918.87916209,126555.54963454,513474.42879663,   0.5644754764
224300,    2.243000,   75.331022,  -21.996316,386805.95850582,126668.47003903,513474.42854486,   0.5647272482
224400,    2.244000,   75.309020,  -22.006123,386692.98749486,126781.44079823,513474.42829309,   0.5649790202
224500,    2.245000,   75.287009,  -22.015929,386579.96612920,126894.46191212,513474.42804131,   0.5652307919
224600,    2.246000,   75.264988,  -22.025736,386466.89440884,127007.53338070,513474.42778954,   0.5654825637
224700,    2.247000,   75.242958,  -22.035543,386353.77233379,127120.65520398,513474.42753777,   0.5657343356
224800,    2.248000,   75.220917,  -22.045349,386240.59990404,127233.82738196,513474.42728600,   0.5659861074
224900,    2.249000,   75.198867,  -22.055156,386127.37711960,127347.04991463,513474.42703423,   0.5662378792
225000,    2.250000,   75.176807,  -22.064963,386014.10398046,127460.32280200,513474.42678245,   0.5664896510
225100,    2.251000,   75.154737,  -22.074769,385900.78048662,127573.64604406,513474.42653068,   0.5667414229
225200,    2.252000,   75.132657,  -22.084576,385787.40663810,127687.01964082,513474.42627891,   0.5669931946
225300,    2.253000,   75.110568,  -22.094382,385673.98243487,127800.44359227,513474.42602714,   0.5672449665
225400,    2.254000,   75.088468,  -22.104189,385560.50787695,127913.91789842,513474.42577537,   0.5674967382
225500,    2.255000,   75.066359,  -22.113996,385446.98296433,128027.44255926,513474.42552360,   0.5677485101
225600,    2.256000,   75.044240,  -22.123802,385333.40769702,128141.01757480,513474.42527182,   0.5680002819
225700,    2.257000,   75.022112,  -22.133609,385219.78207502,128254.64294503,513474.42502005,   0.5682520538
225800,    2.258000,   74.999973,  -22.143416,385106.10609832,128368.31866996,513474.42476828,   0.5685038256
225900,    2.259000,   74.977825,  -22.153222,384992.37976692,128482.04474959,513474.42451651,   0.5687555973
226000,    2.260000,   74.955666,  -22.163029,384878.60308083,128595.82118391,513474.42426474,   0.5690073692
226100,    2.261000,   74.933498,  -22.172836,384764.77604004,128709.64797293,513474.42401296,   0.5692591410
226200,    2.262000,   74.911321,  -22.182642,384650.89864455,128823.52511664,513474.42376119,   0.5695109129
226300,    2.263000,   74.889133,  -22.192449,384536.97089438,128937.45261505,513474.42350942,   0.5697626845
226400,    2.264000,   74.866936,  -22.202256,384422.99278950,129051.43046815,513474.42325765,   0.5700144564
226500,    2.265000,   74.844728,  -22.212062,384308.96432993,129165.45867595,513474.42300588,   0.5702662283
226600,    2.266000,   74.822511,  -22.221869,384194.88551567,129279.53723844,513474.42275411,   0.5705180000
226700,    2.267000,   74.800285,  -22.231676,384080.75634670,129393.66615563,513474.42250233,   0.5707697718
226800,    2.268000,   74.778048,  -22.241482,383966.57682305,129507.84542751,513474.42225056,   0.5710215438
226900,    2.269000,   74.755802,  -22.251289,383852.34694470,129622.07505409,513474.42199879,   0.5712733154
227000,    2.270000,   74.733545,  -22.261096,383738.06671165,129736.35503537,513474.42174702,   0.5715250872
227100,    2.271000,   74.711279,  -22.270902,383623.73612391,129850.68537134,513474.42149525,   0.5717768591
227200,    2.272000,   74.689003,  -22.280709,383509.35518147,129965.06606200,513474.42124347,   0.5720286308
227300,    2.273000,   74.666718,  -22.290515,383394.92388434,130079.49710737,513474.42099170,   0.5722804026
227400,    2.274000,   74.644422,  -22.300322,383280.44223251,130193.97850742,513474.42073993,   0.5725321744
227500,    2.275000,   74.622117,  -22.310129,383165.91022598,130308.51026218,513474.42048816,   0.5727839464
227600,    2.276000,   74.599802,  -22.319935,383051.32786476,130423.09237162,513474.42023639,   0.5730357180
227700,    2.277000,   74.577477,  -22.329742,382936.69514885,130537.72483577,513474.41998462,   0.5732874899
227800,    2.278000,   74.555142,  -22.339549,382822.01207824,130652.40765460,513474.41973284,   0.5735392617
227900,    2.279000,   74.532798,  -22.349355,382707.27865293,130767.14082814,513474.41948107,   0.5737910335
228000,    2.280000,   74.510444,  -22.359162,382592.49487293,130881.92435637,513474.41922930,   0.5740428052
228100,    2.281000,   74.488079,  -22.368969,382477.66073824,130996.75823929,513474.41897753,   0.5742945771
228200,    2.282000,   74.465705,  -22.378775,382362.77624884,131111.64247691,513474.41872576,   0.5745463490
228300,    2.283000,   74.443322,  -22.388582,382247.84140476,131226.57706923,513474.41847399,   0.5747981206
228400,    2.284000,   74.420928,  -22.398389,382132.85620597,131341.56201624,513474.41822221,   0.5750498925
228500,    2.285000,   74.398525,  -22.408195,382017.82065249,131456.59731795,513474.41797044,   0.5753016642
228600,    2.286000,   74.376112,  -22.418002,381902.73474432,131571.68297435,513474.41771867,   0.5755534361
228700,    2.287000,   74.353689,  -22.427809,381787.59848145,131686.81898545,513474.41746690,   0.5758052078
228800,    2.288000,   74.331256,  -22.437615,381672.41186389,131802.00535124,513474.41721513,   0.5760569797
228900,    2.289000,   74.308813,  -22.447422,381557.17489163,131917.24207173,513474.41696335,   0.5763087515
229000,    2.290000,   74.286361,  -22.457229,381441.88756467,132032.52914691,513474.41671158,   0.5765605232
229100,    2.291000,   74.263899,  -22.467035,381326.54988302,132147.86657679,513474.41645981,   0.5768122950
229200,    2.292000,   74.241427,  -22.476842,381211.16184667,132263.25436137,513474.41620804,   0.5770640668
229300,    2.293000,   74.218945,  -22.486648,381095.72345563,132378.69250064,513474.41595627,   0.5773158386
229400,    2.294000,   74.196454,  -22.496455,380980.23470989,132494.18099460,513474.41570450,   0.5775676104
229500,    2.295000,   74.173952,  -22.506262,380864.69560946,132609.71984326,513474.41545272,   0.5778193824
229600,    2.296000,   74.151441,  -22.516068,380749.10615433,132725.30904662,513474.41520095,   0.5780711540
229700,    2.297000,   74.128920,  -22.525875,380633.46634451,132840.94860467,513474.41494918,   0.5783229258
229800,    2.298000,   74.106389,  -22.535682,380517.77617999,132956.63851742,513474.41469741,   0.5785746975
229900,    2.299000,   74.083848,  -22.545488,380402.03566078,133072.37878486,513474.41444564,   0.5788264694
230000,    2.300000,   74.061298,  -22.555295,380286.24478687,133188.16940700,513474.41419386,   0.5790782411
230100,    2.301000,   74.038738,  -22.565102,380170.40355826,133304.01038383,513474.41394209,   0.5793300128
230200,    2.302000,   74.016168,  -22.574908,380054.51197496,133419.90171536,513474.41369032,   0.5795817847
230300,    2.303000,   73.993588,  -22.584715,379938.57003697,133535.84340158,513474.41343855,   0.5798335564
230400,    2.304000,   73.970998,  -22.594522,379822.57774427,133651.83544250,513474.41318678,   0.5800853281
230500,    2.305000,   73.948399,  -22.604328,379706.53509689,133767.87783812,513474.41293501,   0.5803370999
230600,    2.306000,   73.925789,  -22.614135,379590.44209480,133883.97058843,513474.41268323,   0.5805888718
230700,    2.307000,   73.903170,  -22.623942,379474.29873803,134000.11369344,513474.41243146,   0.5808406434
230800,    2.308000,   73.880541,  -22.633748,379358.10502655,134116.30715314,513474.41217969,   0.5810924153
230900,    2.309000,   73.857903,  -22.643555,379241.86096038,134232.55096753,513474.41192792,   0.5813441871
231000,    2.310000,   73.835254,  -22.653362,379125.56653952,134348.84513663,513474.41167615,   0.5815959587
231100,    2.311000,   73.812596,  -22.663168,379009.22176396,134465.18966041,513474.41142438,   0.5818477306
231200,    2.312000,   73.789928,  -22.672975,378892.82663371,134581.58453890,513474.41117260,   0.5820995024
231300,    2.313000,   73.767250,  -22.682781,378776.38114876,134698.02977208,513474.41092083,   0.5823512742
231400,    2.314000,   73.744562,  -22.692588,378659.88530911,134814.52535995,513474.41066906,   0.5826030458
231500,    2.315000,   73.721865,  -22.702395,378543.33911477,134931.07130252,513474.41041729,   0.5828548176
231600,    2.316000,   73.699157,  -22.712201,378426.74256573,135047.66759978,513474.41016552,   0.5831065894
231700,    2.317000,   73.676440,  -22.722008,378310.09566200,135164.31425174,513474.40991374,   0.5833583612
231800,    2.318000,   73.653713,  -22.731815,378193.39840357,135281.01125840,513474.40966197,   0.5836101329
231900,    2.319000,   73.630976,  -22.741621,378076.65079045,135397.75861975,513474.40941020,   0.5838619047
232000,    2.320000,   73.608230,  -22.751428,377959.85282263,135514.55633580,513474.40915843,   0.5841136765
232100,    2.321000,   73.585473,  -22.761235,377843.00450012,135631.40440654,513474.40890666,   0.5843654482
232200,    2.322000,   73.562707,  -22.771041,377726.10582291,135748.30283198,513474.40865489,   0.5846172200
232300,    2.323000,   73.539931,  -22.780848,377609.15679100,135865.25161211,513474.40840311,   0.5848689918
232400,    2.324000,   73.517145,  -22.790655,377492.15740440,135982.25074694,513474.40815134,   0.5851207635
232500,    2.325000,   73.494350,  -22.800461,377375.10766311,136099.30023646,513474.40789957,   0.5853725352
232600,    2.326000,   73.471544,  -22.810268,377258.00756712,136216.40008068,513474.40764780,   0.5856243071
232700,    2.327000,   73.448729,  -22.820075,377140.85711643,136333.55027960,513474.40739603,   0.5858760788
232800,    2.328000,   73.425904,  -22.829881,377023.65631105,136450.75083321,513474.40714426,   0.5861278505
232900,    2.329000,   73.403069,  -22.839688,376906.40515097,136568.00174151,513474.40689248,   0.5863796223
233000,    2.330000,   73.380225,  -22.849495,376789.10363620,136685.30300451,513474.40664071,   0.5866313940
233100,    2.331000,   73.357370,  -22.859301,376671.75176673,136802.65462221,513474.40638894,   0.5868831658
233200,    2.332000,   73.334506,  -22.869108,376554.34954257,136920.05659460,513474.40613717,   0.5871349375
233300,    2.333000,   73.311632,  -22.878914,376436.89696371,137037.50892169,513474.40588540,   0.5873867094
233400,    2.334000,   73.288748,  -22.888721,376319.39403015,137155.01160347,513474.40563362,   0.5876384810
233500,    2.335000,   73.265854,  -22.898528,376201.84074190,137272.56463995,513474.40538185,   0.5878902529
233600,    2.336000,   73.242951,  -22.908334,376084.23709896,137390.16803112,513474.40513008,   0.5881420246
233700,    2.337000,   73.220038,  -22.918141,375966.58310132,137507.82177699,513474.40487831,   0.5883937963
233800,    2.338000,   73.197114,  -22.927948,375848.87874898,137625.52587756,513474.40462654,   0.5886455681
233900,    2.339000,   73.174182,  -22.937754,375731.12404195,137743.28033282,513474.40437477,   0.5888973398
234000,    2.340000,   73.151239,  -22.947561,375613.31898022,137861.08514277,513474.40412299,   0.5891491116
234100,    2.341000,   73.128286,  -22.957368,375495.46356380,137978.94030742,513474.40387122,   0.5894008832
234200,    2.342000,   73.105324,  -22.967174,375377.55779268,138096.84582677,513474.40361945,   0.5896526550
234300,    2.343000,   73.082352,  -22.976981,375259.60166687,138214.80170081,513474.40336768,   0.5899044269
234400,    2.344000,   73.059370,  -22.986788,375141.59518636,138332.80792955,513474.40311591,   0.5901561985
234500,    2.345000,   73.036378,  -22.996594,375023.53835116,138450.86451298,513474.40286414,   0.5904079703
234600,    2.346000,   73.013377,  -23.006401,374905.43116126,138568.97145111,513474.40261236,   0.5906597422
234700,    2.347000,   72.990365,  -23.016208,374787.27361666,138687.12874393,513474.40236059,   0.5909115138
234800,    2.348000,   72.967344,  -23.026014,374669.06571737,138805.33639145,513474.40210882,   0.5911632855
234900,    2.349000,   72.944313,  -23.035821,374550.80746339,138923.59439366,513474.40185705,   0.5914150572
235000,    2.350000,   72.921272,  -23.045628,374432.49885471,139041.90275057,513474.40160528,   0.5916668291
235100,    2.351000,   72.898222,  -23.055434,374314.13989133,139160.26146218,513474.40135350,   0.5919186008
235200,    2.352000,   72.875161,  -23.065241,374195.73057326,139278.67052848,513474.40110173,   0.5921703725
235300,    2.353000,   72.852091,  -23.075047,374077.27090049,139397.12994947,513474.40084996,   0.5924221443
235400,    2.354000,   72.829011,  -23.084854,373958.76087303,139515.63972516,513474.40059819,   0.5926739161
235500,    2.355000,   72.805921,  -23.094661,373840.20049087,139634.19985555,513474.40034642,   0.5929256877
235600,    2.356000,   72.782822,  -23.104467,373721.58975401,139752.81034063,513474.40009465,   0.5931774595
235700,    2.357000,   72.759712,  -23.114274,373602.92866246,139871.47118041,513474.39984287,   0.5934292313
235800,    2.358000,   72.736593,  -23.124081,373484.21721622,139990.18237488,513474.39959110,   0.5936810029
235900,    2.359000,   72.713464,  -23.133887,373365.45541528,140108.94392405,513474.39933933,   0.5939327747
236000,    2.360000,   72.690325,  -23.143694,373246.64325964,140227.75582791,513474.39908756,   0.5941845466
236100,    2.361000,   72.667177,  -23.153501,373127.78074931,140346.61808647,513474.39883579,   0.5944363182
236200,    2.362000,   72.644018,  -23.163307,373008.86788429,140465.53069973,513474.39858402,   0.5946880899
236300,    2.363000,   72.620850,  -23.173114,372889.90466457,140584.49366768,513474.39833224,   0.5949398616
236400,    2.364000,   72.597672,  -23.182921,372770.89109015,140703.50699032,513474.39808047,   0.5951916334
236500,    2.365000,   72.574484,  -23.192727,372651.82716104,140822.57066767,513474.39782870,   0.5954434050
236600,    2.366000,   72.551286,  -23.202534,372532.71287723,140941.68469970,513474.39757693,   0.5956951769
236700,    2.367000,   72.528079,  -23.212341,372413.54823872,141060.84908643,513474.39732516,   0.5959469487
236800,    2.368000,   72.504862,  -23.222147,372294.33324552,141180.06382786,513474.39707339,   0.5961987202
236900,    2.369000,   72.481635,  -23.231954,372175.06789763,141299.32892398,513474.39682161,   0.5964504920
237000,    2.370000,   72.458398,  -23.241761,372055.75219504,141418.64437480,513474.39656984,   0.5967022639
237100,    2.371000,   72.435151,  -23.251567,371936.38613776,141538.01018031,513474.39631807,   0.5969540355
237200,    2.372000,   72.411894,  -23.261374,371816.96972577,141657.42634052,513474.39606630,   0.5972058072
237300,    2.373000,   72.388628,  -23.271180,371697.50295910,141776.89285543,513474.39581453,   0.5974575790
237400,    2.374000,   72.365352,  -23.280987,371577.98583773,141896.40972503,513474.39556276,   0.5977093507
237500,    2.375000,   72.342066,  -23.290794,371458.41836166,142015.97694932,513474.39531098,   0.5979611224
237600,    2.376000,   72.318770,  -23.300600,371338.80053090,142135.59452831,513474.39505921,   0.5982128941
237700,    2.377000,   72.295465,  -23.310407,371219.13234544,142255.26246200,513474.39480744,   0.5984646660
237800,    2.378000,   72.272149,  -23.320214,371099.41380529,142374.98075038,513474.39455567,   0.5987164376
237900,    2.379000,   72.248824,  -23.330020,370979.64491044,142494.74939346,513474.39430390,   0.5989682093
238000,    2.380000,   72.225489,  -23.339827,370859.82566089,142614.56839123,513474.39405212,   0.5992199811
238100,    2.381000,   72.202144,  -23.349634,370739.95605665,142734.43774370,513474.39380035,   0.5994717528
238200,    2.382000,   72.178790,  -23.359440,370620.03609772,142854.35745086,513474.39354858,   0.5997235245
238300,    2.383000,   72.155425,  -23.369247,370500.06578409,142974.32751272,513474.39329681,   0.5999752962
238400,    2.384000,   72.132051,  -23.379054,370380.04511576,143094.34792927,513474.39304504,   0.6002270680
238500,    2.385000,   72.108667,  -23.388860,370259.97409274,143214.41870052,513474.39279327,   0.6004788397
238600,    2.386000,   72.085273,  -23.398667,370139.85271503,143334.53982647,513474.39254149,   0.6007306114
238700,    2.387000,   72.061870,  -23.408474,370019.68098261,143454.71130711,513474.39228972,   0.6009823832
238800,    2.388000,   72.038456,  -23.418280,369899.45889551,143574.93314245,513474.39203795,   0.6012341548
238900,    2.389000,   72.015033,  -23.428087,369779.18645370,143695.20533248,513474.39178618,   0.6014859266
239000,    2.390000,   71.991600,  -23.437894,369658.86365720,143815.52787720,513474.39153441,   0.6017376982
239100,    2.391000,   71.968157,  -23.447700,369538.49050601,143935.90077663,513474.39128264,   0.6019894700
239200,    2.392000,   71.944705,  -23.457507,369418.06700012,144056.32403074,513474.39103086,   0.6022412417
239300,    2.393000,   71.921242,  -23.467313,369297.59313954,144176.79763956,513474.39077909,   0.6024930134
239400,    2.394000,   71.897770,  -23.477120,369177.06892426,144297.32160306,513474.39052732,   0.6027447852
239500,    2.395000,   71.874288,  -23.486927,369056.49435428,144417.89592127,513474.39027555,   0.6029965568
239600,    2.396000,   71.850796,  -23.496733,368935.86942961,144538.52059417,513474.39002378,   0.6032483285
239700,    2.397000,   71.827294,  -23.506540,368815.19415024,144659.19562176,513474.38977201,   0.6035001003
239800,    2.398000,   71.803783,  -23.516347,368694.46851618,144779.92100405,513474.38952023,   0.6037518721
239900,    2.399000,   71.780261,  -23.526153,368573.69252742,144900.69674104,513474.38926846,   0.6040036437
240000,    2.400000,   71.756730,  -23.535960,368452.86618397,145021.52283272,513474.38901669,   0.6042554154
240100,    2.401000,   71.733189,  -23.545767,368331.98948582,145142.39927909,513474.38876492,   0.6045071872
240200,    2.402000,   71.709639,  -23.555573,368211.06243298,145263.32608017,513474.38851315,   0.6047589589
240300,    2.403000,   71.686078,  -23.565380,368090.08502544,145384.30323593,513474.38826138,   0.6050107305
240400,    2.404000,   71.662508,  -23.575187,367969.05726321,145505.33074640,513474.38800960,   0.6052625024
240500,    2.405000,   71.638928,  -23.584993,367847.97914628,145626.40861155,513474.38775783,   0.6055142740
240600,    2.406000,   71.615338,  -23.594800,367726.85067465,145747.53683141,513474.38750606,   0.6057660457
240700,    2.407000,   71.591738,  -23.604607,367605.67184833,145868.71540596,513474.38725429,   0.6060178174
240800,    2.408000,   71.568128,  -23.614413,367484.44266732,145989.94433520,513474.38700252,   0.6062695892
240900,    2.409000,   71.544509,  -23.624220,367363.16313160,146111.22361914,513474.38675075,   0.6065213608
241000,    2.410000,   71.520880,  -23.634027,367241.83324120,146232.55325778,513474.38649897,   0.6067731325
241100,    2.411000,   71.497241,  -23.643833,367120.45299609,146353.93325111,513474.38624720,   0.6070249043
241200,    2.412000,   71.473592,  -23.653640,366999.02239630,146475.36359913,513474.38599543,   0.6072766758
241300,    2.413000,   71.449934,  -23.663446,366877.54144180,146596.84430185,513474.38574366,   0.6075284476
241400,    2.414000,   71.426265,  -23.673253,366756.01013261,146718.37535927,513474.38549189,   0.6077802192
241500,    2.415000,   71.402587,  -23.683060,366634.42846873,146839.95677138,513474.38524011,   0.6080319909
241600,    2.416000,   71.378899,  -23.692866,366512.79645015,146961.58853819,513474.38498834,   0.6082837625
241700,    2.417000,   71.355201,  -23.702673,366391.11407688,147083.27065970,513474.38473657,   0.6085355343
241800,    2.418000,   71.331493,  -23.712480,366269.38134891,147205.00313589,513474.38448480,   0.6087873061
241900,    2.419000,   71.307776,  -23.722286,366147.59826624,147326.78596679,513474.38423303,   0.6090390777
242000,    2.420000,   71.284049,  -23.732093,366025.76482888,147448.61915238,513474.38398126,   0.6092908493
242100,    2.421000,   71.260312,  -23.741900,365903.88103682,147570.50269266,513474.38372948,   0.6095426211
242200,    2.422000,   71.236565,  -23.751706,365781.94689007,147692.43658764,513474.38347771,   0.6097943927
242300,    2.423000,   71.212808,  -23.761513,365659.96238862,147814.42083732,513474.38322594,   0.6100461644
242400,    2.424000,   71.189042,  -23.771320,365537.92753248,147936.45544169,513474.38297417,   0.6102979361
242500,    2.425000,   71.165266,  -23.781126,365415.84232164,148058.54040076,513474.38272240,   0.6105497077
242600,    2.426000,   71.141479,  -23.790933,365293.70675611,148180.67571452,513474.38247063,   0.6108014795
242700,    2.427000,   71.117684,  -23.800740,365171.52083588,148302.86138298,513474.38221885,   0.6110532511
242800,    2.428000,   71.093878,  -23.810546,365049.28456095,148425.09740613,513474.38196708,   0.6113050230
242900,    2.429000,   71.070062,  -23.820353,364926.99793133,148547.38378398,513474.38171531,   0.6115567946
243000,    2.430000,   71.046237,  -23.830160,364804.66094702,148669.72051652,513474.38146354,   0.6118085661
243100,    2.431000,   71.022402,  -23.839966,364682.27360801,148792.10760376,513474.38121177,   0.6120603379
243200,    2.432000,   70.998557,  -23.849773,364559.83591430,148914.54504570,513474.38096000,   0.6123121096
243300,    2.433000,   70.974702,  -23.859579,364437.34786590,149037.03284233,513474.38070822,   0.6125638813
243400,    2.434000,   70.950838,  -23.869386,364314.80946280,149159.57099365,513474.38045645,   0.6128156529
243500,    2.435000,   70.926963,  -23.879193,364192.22070501,149282.15949967,513474.38020468,   0.6130674247
243600,    2.436000,   70.903079,  -23.888999,364069.58159252,149404.79836039,513474.37995291,   0.6133191962
243700,    2.437000,   70.879185,  -23.898806,363946.89212534,149527.48757580,513474.37970114,   0.6135709680
243800,    2.438000,   70.855282,  -23.908613,363824.15230346,149650.22714591,513474.37944937,   0.6138227397
243900,    2.439000,   70.831368,  -23.918419,363701.36212688,149773.01707071,513474.37919759,   0.6140745113
244000,    2.440000,   70.807445,  -23.928226,363578.52159561,149895.85735021,513474.37894582,   0.6143262829
244100,    2.441000,   70.783511,  -23.938033,363455.63070965,150018.74798440,513474.37869405,   0.6145780547
244200,    2.442000,   70.759568,  -23.947839,363332.68946899,150141.68897329,513474.37844228,   0.6148298263
244300,    2.443000,   70.735616,  -23.957646,363209.69787363,150264.68031688,513474.37819051,   0.6150815980
244400,    2.444000,   70.711653,  -23.967453,363086.65592358,150387.72201515,513474.37793874,   0.6153333696
244500,    2.445000,   70.687681,  -23.977259,362963.56361883,150510.81406813,513474.37768696,   0.6155851414
244600,    2.446000,   70.663698,  -23.987066,362840.42095939,150633.95647580,513474.37743519,   0.6158369131
244700,    2.447000,   70.639706,  -23.996873,362717.22794525,150757.14923817,513474.37718342,   0.6160886846
244800,    2.448000,   70.615705,  -24.006679,362593.98457642,150880.39235523,513474.37693165,   0.6163404564
244900,    2.449000,   70.591693,  -24.016486,362470.69085289,151003.68582699,513474.37667988,   0.6165922280
245000,    2.450000,   70.567672,  -24.026293,362347.34677467,151127.02965344,513474.37642811,   0.6168439997
245100,    2.451000,   70.543640,  -24.036099,362223.95234175,151250.42383459,513474.37617633,   0.6170957714
245200,    2.452000,   70.519599,  -24.045906,362100.50755413,151373.86837043,513474.37592456,   0.6173475431
245300,    2.453000,   70.495548,  -24.055712,361977.01241182,151497.36326097,513474.37567279,   0.6175993147
245400,    2.454000,   70.471488,  -24.065519,361853.46691482,151620.90850620,513474.37542102,   0.6178510864
245500,    2.455000,   70.447417,  -24.075326,361729.87106312,151744.50410613,513474.37516925,   0.6181028581
245600,    2.456000,   70.423337,  -24.085132,361606.22485672,151868.15006076,513474.37491748,   0.6183546297
245700,    2.457000,   70.399247,  -24.094939,361482.52829563,151991.84637008,513474.37466570,   0.6186064013
245800,    2.458000,   70.375147,  -24.104746,361358.78137984,152115.59303409,513474.37441393,   0.6188581730
245900,    2.459000,   70.351037,  -24.114552,361234.98410936,152239.39005280,513474.37416216,   0.6191099447
246000,    2.460000,   70.326918,  -24.124359,361111.13648418,152363.23742621,513474.37391039,   0.6193617164
246100,    2.461000,   70.302788,  -24.134166,360987.23850430,152487.13515431,513474.37365862,   0.6196134880
246200,    2.462000,   70.278649,  -24.143972,360863.29016974,152611.08323711,513474.37340685,   0.6198652598
246300,    2.463000,   70.254500,  -24.153779,360739.29148047,152735.08167460,513474.37315507,   0.6201170313
246400,    2.464000,   70.230342,  -24.163586,360615.24243651,152859.13046679,513474.37290330,   0.6203688030
246500,    2.465000,   70.206173,  -24.173392,360491.14303786,152983.22961368,513474.37265153,   0.6206205747
246600,    2.466000,   70.181995,  -24.183199,360366.99328450,153107.37911525,513474.37239976,   0.6208723463
246700,    2.467000,   70.157807,  -24.193006,360242.79317646,153231.57897153,513474.37214799,   0.6211241179
246800,    2.468000,   70.133609,  -24.202812,360118.54271372,153355.82918250,513474.37189622,   0.6213758896
246900,    2.469000,   70.109401,  -24.212619,359994.24189628,153480.12974817,513474.37164444,   0.6216276613
247000,    2.470000,   70.085183,  -24.222426,359869.89072415,153604.48066853,513474.37139267,   0.6218794330
247100,    2.471000,   70.060956,  -24.232232,359745.48919732,153728.88194358,513474.37114090,   0.6221312046
247200,    2.472000,   70.036719,  -24.242039,359621.03731579,153853.33357333,513474.37088913,   0.6223829764
247300,    2.473000,   70.012472,  -24.251845,359496.53507958,153977.83555778,513474.37063736,   0.6226347479
247400,    2.474000,   69.988215,  -24.261652,359371.98248866,154102.38789692,513474.37038559,   0.6228865195
247500,    2.475000,   69.963948,  -24.271459,359247.37954305,154226.99059076,513474.37013381,   0.6231382912
247600,    2.476000,   69.939672,  -24.281265,359122.72624275,154351.64363930,513474.36988204,   0.6233900629
247700,    2.477000,   69.915386,  -24.291072,358998.02258775,154476.34704253,513474.36963027,   0.6236418344
247800,    2.478000,   69.891090,  -24.300879,358873.26857805,154601.10080045,513474.36937850,   0.6238936061
247900,    2.479000,   69.866784,  -24.310685,358748.46421366,154725.90491307,513474.36912673,   0.6241453778
248000,    2.480000,   69.842468,  -24.320492,358623.60949457,154850.75938038,513474.36887496,   0.6243971495
248100,    2.481000,   69.818143,  -24.330299,358498.70442079,154975.66420240,513474.36862318,   0.6246489211
248200,    2.482000,   69.793808,  -24.340105,358373.74899231,155100.61937910,513474.36837141,   0.6249006928
248300,    2.483000,   69.769463,  -24.349912,358248.74320914,155225.62491050,513474.36811964,   0.6251524644
248400,    2.484000,   69.745108,  -24.359719,358123.68707127,155350.68079660,513474.36786787,   0.6254042361
248500,    2.485000,   69.720743,  -24.369525,357998.58057871,155475.78703739,513474.36761610,   0.6256560076
248600,    2.486000,   69.696369,  -24.379332,357873.42373145,155600.94363288,513474.36736433,   0.6259077795
248700,    2.487000,   69.671984,  -24.389139,357748.21652949,155726.15058306,513474.36711255,   0.6261595510
248800,    2.488000,   69.647590,  -24.398945,357622.95897284,155851.40788794,513474.36686078,   0.6264113227
248900,    2.489000,   69.623186,  -24.408752,357497.65106149,155976.71554752,513474.36660901,   0.6266630943
249000,    2.490000,   69.598773,  -24.418559,357372.29279545,156102.07356179,513474.36635724,   0.6269148659
249100,    2.491000,   69.574349,  -24.428365,357246.88417472,156227.48193075,513474.36610547,   0.6271666375
249200,    2.492000,   69.549916,  -24.438172,357121.42519928,156352.94065441,513474.36585370,   0.6274184093
249300,    2.493000,   69.525473,  -24.447978,356995.91586916,156478.44973277,513474.36560192,   0.6276701809
249400,    2.494000,   69.501020,  -24.457785,356870.35618433,156604.00916582,513474.36535015,   0.6279219525
249500,    2.495000,   69.476557,  -24.467592,356744.74614482,156729.61895357,513474.36509838,   0.6281737241
249600,    2.496000,   69.452084,  -24.477398,356619.08575060,156855.27909601,513474.36484661,   0.6284254959
249700,    2.497000,   69.427602,  -24.487205,356493.37500169,156980.98959315,513474.36459484,   0.6286772675
249800,    2.498000,   69.403110,  -24.497012,356367.61389809,157106.75044498,513474.36434307,   0.6289290389
249900,    2.499000,   69.378608,  -24.506818,356241.80243979,157232.56165151,513474.36409129,   0.6291808108
250000,    2.500000,   69.354096,  -24.516625,356115.94062679,157358.42321273,513474.36383952,   0.6294325824
250100,    2.501000,   69.329575,  -24.526432,355990.02845910,157484.33512865,513474.36358775,   0.6296843539
250200,    2.502000,   69.305043,  -24.536238,355864.06593672,157610.29739926,513474.36333598,   0.6299361255
250300,    2.503000,   69.280502,  -24.546045,355738.05305963,157736.31002457,513474.36308421,   0.6301878973
250400,    2.504000,   69.255951,  -24.555852,355611.98982786,157862.37300458,513474.36283244,   0.6304396688
250500,    2.505000,   69.231390,  -24.565658,355485.87624138,157988.48633928,513474.36258067,   0.6306914405
250600,    2.506000,   69.206820,  -24.575465,355359.71230022,158114.65002868,513474.36232889,   0.6309432122
250700,    2.507000,   69.182239,  -24.585272,355233.49800435,158240.86407277,513474.36207712,   0.6311949837
250800,    2.508000,   69.157649,  -24.595078,355107.23335379,158367.12847156,513474.36182535,   0.6314467554
250900,    2.509000,   69.133049,  -24.604885,354980.91834854,158493.44322504,513474.36157358,   0.6316985270
251000,    2.510000,   69.108439,  -24.614692,354854.55298859,158619.80833322,513474.36132181,   0.6319502987
251100,    2.511000,   69.083819,  -24.624498,354728.13727394,158746.22379609,513474.36107004,   0.6322020702
251200,    2.512000,   69.059190,  -24.634305,354601.67120460,158872.68961366,513474.36081826,   0.6324538420
251300,    2.513000,   69.034551,  -24.644111,354475.15478057,158999.20578593,513474.36056649,   0.6327056137
251400,    2.514000,   69.009902,  -24.653918,354348.58800184,159125.77231289,513474.36031472,   0.6329573852
251500,    2.515000,   68.985243,  -24.663725,354221.97086841,159252.38919454,513474.36006295,   0.6332091569
251600,    2.516000,   68.960574,  -24.673531,354095.30338029,159379.05643089,513474.35981118,   0.6334609285
251700,    2.517000,   68.935896,  -24.683338,353968.58553747,159505.77402194,513474.35955941,   0.6337127001
251800,    2.518000,   68.911207,  -24.693145,353841.81733996,159632.54196768,513474.35930763,   0.6339644717
251900,    2.519000,   68.886509,  -24.702951,353714.99878775,159759.36026812,513474.35905586,   0.6342162433
252000,    2.520000,   68.861801,  -24.712758,353588.12988084,159886.22892325,513474.35880409,   0.6344680150
252100,    2.521000,   68.837084,  -24.722565,353461.21061924,160013.14793308,513474.35855232,   0.6347197865
252200,    2.522000,   68.812356,  -24.732371,353334.24100295,160140.11729760,513474.35830055,   0.6349715581
252300,    2.523000,   68.787619,  -24.742178,353207.22103196,160267.13701682,513474.35804878,   0.6352233298
252400,    2.524000,   68.762872,  -24.751985,353080.15070627,160394.20709073,513474.35779700,   0.6354751014
252500,    2.525000,   68.738115,  -24.761791,352953.03002589,160521.32751934,513474.35754523,   0.6357268729
252600,    2.526000,   68.713348,  -24.771598,352825.85899081,160648.49830265,513474.35729346,   0.6359786447
252700,    2.527000,   68.688571,  -24.781405,352698.63760104,160775.71944065,513474.35704169,   0.6362304161
252800,    2.528000,   68.663785,  -24.791211,352571.36585657,160902.99093334,513474.35678992,   0.6364821878
252900,    2.529000,   68.638989,  -24.801018,352444.04375741,161030.31278073,513474.35653815,   0.6367339593
253000,    2.530000,   68.614183,  -24.810825,352316.67130355,161157.68498282,513474.35628637,   0.6369857311
253100,    2.531000,   68.589367,  -24.820631,352189.24849500,161285.10753960,513474.35603460,   0.6372375026
253200,    2.532000,   68.564542,  -24.830438,352061.77533175,161412.58045108,513474.35578283,   0.6374892742
253300,    2.533000,   68.539706,  -24.840244,351934.25181381,161540.10371725,513474.35553106,   0.6377410459
253400,    2.534000,   68.514861,  -24.850051,351806.67794117,161667.67733812,513474.35527929,   0.6379928174
253500,    2.535000,   68.490006,  -24.859858,351679.05371383,161795.30131369,513474.35502752,   0.6382445890
253600,    2.536000,   68.465141,  -24.869664,351551.37913180,161922.97564395,513474.35477575,   0.6384963606
253700,    2.537000,   68.440267,  -24.879471,351423.65419507,162050.70032890,513474.35452397,   0.6387481323
253800,    2.538000,   68.415382,  -24.889278,351295.87890365,162178.47536855,513474.35427220,   0.6389999037
253900,    2.539000,   68.390488,  -24.899084,351168.05325753,162306.30076290,513474.35402043,   0.6392516754
254000,    2.540000,   68.365584,  -24.908891,351040.17725672,162434.17651194,513474.35376866,   0.6395034470
254100,    2.541000,   68.340670,  -24.918698,350912.25090121,162562.10261567,513474.35351689,   0.6397552186
254200,    2.542000,   68.315746,  -24.928504,350784.27419101,162690.07907411,513474.35326512,   0.6400069902
254300,    2.543000,   68.290813,  -24.938311,350656.24712611,162818.10588723,513474.35301334,   0.6402587619
254400,    2.544000,   68.265870,  -24.948118,350528.16970652,162946.18305506,513474.35276157,   0.6405105335
254500,    2.545000,   68.240917,  -24.957924,350400.04193223,163074.31057757,513474.35250980,   0.6407623049
254600,    2.546000,   68.215954,  -24.967731,350271.86380324,163202.48845479,513474.35225803,   0.6410140766
254700,    2.547000,   68.190981,  -24.977538,350143.63531956,163330.71668670,513474.35200626,   0.6412658482
254800,    2.548000,   68.165999,  -24.987344,350015.35648118,163458.99527330,513474.35175449,   0.6415176199
254900,    2.549000,   68.141006,  -24.997151,349887.02728811,163587.32421460,513474.35150271,   0.6417693913
255000,    2.550000,   68.116004,  -25.006958,349758.64774035,163715.70351060,513474.35125094,   0.6420211631
255100,    2.551000,   68.090992,  -25.016764,349630.21783788,163844.13316129,513474.35099917,   0.6422729346
255200,    2.552000,   68.065971,  -25.026571,349501.73758073,163972.61316667,513474.35074740,   0.6425247061
255300,    2.553000,   68.040939,  -25.036377,349373.20696887,164101.14352676,513474.35049563,   0.6427764777
255400,    2.554000,   68.015898,  -25.046184,349244.62600232,164229.72424153,513474.35024386,   0.6430282494
255500,    2.555000,   67.990847,  -25.055991,349115.99468108,164358.35531100,513474.34999208,   0.6432800209
255600,    2.556000,   67.965786,  -25.065797,348987.31300514,164487.03673517,513474.34974031,   0.6435317925
255700,    2.557000,   67.940715,  -25.075604,348858.58097451,164615.76851404,513474.34948854,   0.6437835642
255800,    2.558000,   67.915634,  -25.085411,348729.79858918,164744.55064759,513474.34923677,   0.6440353357
255900,    2.559000,   67.890544,  -25.095217,348600.96584915,164873.38313585,513474.34898500,   0.6442871073
256000,    2.560000,   67.865444,  -25.105024,348472.08275443,165002.26597880,513474.34873323,   0.6445388789
256100,    2.561000,   67.840334,  -25.114831,348343.14930501,165131.19917644,513474.34848146,   0.6447906505
256200,    2.562000,   67.815214,  -25.124637,348214.16550090,165260.18272878,513474.34822968,   0.6450424220
256300,    2.563000,   67.790084,  -25.134444,348085.13134209,165389.21663582,513474.34797791,   0.6452941936
256400,    2.564000,   67.764945,  -25.144251,347956.04682859,165518.30089755,513474.34772614,   0.6455459652
256500,    2.565000,   67.739796,  -25.154057,347826.91196039,165647.43551398,513474.34747437,   0.6457977368
256600,    2.566000,   67.714637,  -25.163864,347697.72673750,165776.62048510,513474.34722260,   0.6460495084
256700,    2.567000,   67.689468,  -25.173671,347568.49115991,165905.85581092,513474.34697083,   0.6463012801
256800,    2.568000,   67.664289,  -25.183477,347439.20522762,166035.14149143,513474.34671905,   0.6465530516
256900,    2.569000,   67.639101,  -25.193284,347309.86894064,166164.47752664,513474.34646728,   0.6468048231
257000,    2.570000,   67.613903,  -25.203091,347180.48229897,166293.86391654,513474.34621551,   0.6470565948
257100,    2.571000,   67.588695,  -25.212897,347051.04530260,166423.30066114,513474.34596374,   0.6473083664
257200,    2.572000,   67.563477,  -25.222704,346921.55795153,166552.78776044,513474.34571197,   0.6475601378
257300,    2.573000,   67.538249,  -25.232510,346792.02024577,166682.32521443,513474.34546020,   0.6478119094
257400,    2.574000,   67.513012,  -25.242317,346662.43218531,166811.91302311,513474.34520842,   0.6480636811
257500,    2.575000,   67.487764,  -25.252124,346532.79377016,166941.55118649,513474.34495665,   0.6483154527
257600,    2.576000,   67.462507,  -25.261930,346403.10500031,167071.23970457,513474.34470488,   0.6485672242
257700,    2.577000,   67.437240,  -25.271737,346273.36587577,167200.97857734,513474.34445311,   0.6488189958
257800,    2.578000,   67.411964,  -25.281544,346143.57639653,167330.76780481,513474.34420134,   0.6490707674
257900,    2.579000,   67.386677,  -25.291350,346013.73656259,167460.60738697,513474.34394957,   0.6493225389
258000,    2.580000,   67.361381,  -25.301157,345883.84637396,167590.49732383,513474.34369780,   0.6495743104
258100,    2.581000,   67.336075,  -25.310964,345753.90583064,167720.43761538,513474.34344602,   0.6498260822
258200,    2.582000,   67.310759,  -25.320770,345623.91493262,167850.42826163,513474.34319425,   0.6500778536
258300,    2.583000,   67.285433,  -25.330577,345493.87367990,167980.46926258,513474.34294248,   0.6503296253
258400,    2.584000,   67.260098,  -25.340384,345363.78207249,168110.56061822,513474.34269071,   0.6505813968
258500,    2.585000,   67.234752,  -25.350190,345233.64011038,168240.70232855,513474.34243894,   0.6508331684
258600,    2.586000,   67.209397,  -25.359997,345103.44779358,168370.89439358,513474.34218717,   0.6510849399
258700,    2.587000,   67.184032,  -25.369804,344973.20512208,168501.13681331,513474.34193539,   0.6513367115
258800,    2.588000,   67.158658,  -25.379610,344842.91209589,168631.42958773,513474.34168362,   0.6515884832
258900,    2.589000,   67.133273,  -25.389417,344712.56871500,168761.77271685,513474.34143185,   0.6518402546
259000,    2.590000,   67.107879,  -25.399224,344582.17497942,168892.16620066,513474.34118008,   0.6520920261
259100,    2.591000,   67.082474,  -25.409030,344451.73088914,169022.61003917,513474.34092831,   0.6523437978
259200,    2.592000,   67.057060,  -25.418837,344321.23644416,169153.10423237,513474.34067654,   0.6525955694
259300,    2.593000,   67.031637,  -25.428643,344190.69164449,169283.64878027,513474.34042476,   0.6528473409
259400,    2.594000,   67.006203,  -25.438450,344060.09649013,169414.24368287,513474.34017299,   0.6530991125
259500,    2.595000,   66.980760,  -25.448257,343929.45098107,169544.88894016,513474.33992122,   0.6533508841
259600,    2.596000,   66.955306,  -25.458063,343798.75511731,169675.58455214,513474.33966945,   0.6536026556
259700,    2.597000,   66.929843,  -25.467870,343668.00889886,169806.33051882,513474.33941768,   0.6538544272
259800,    2.598000,   66.904371,  -25.477677,343537.21232571,169937.12684020,513474.33916591,   0.6541061989
259900,    2.599000,   66.878888,  -25.487483,343406.36539787,170067.97351627,513474.33891414,   0.6543579703
260000,    2.600000,   66.853396,  -25.497290,343275.46811533,170198.87054704,513474.33866236,   0.6546097418
260100,    2.601000,   66.827893,  -25.507097,343144.52047809,170329.81793250,513474.33841059,   0.6548615135
260200,    2.602000,   66.802381,  -25.516903,343013.52248617,170460.81567266,513474.33815882,   0.6551132850
260300,    2.603000,   66.776859,  -25.526710,342882.47413954,170591.86376751,513474.33790705,   0.6553650565
260400,    2.604000,   66.751328,  -25.536517,342751.37543822,170722.96221706,513474.33765528,   0.6556168281
260500,    2.605000,   66.725786,  -25.546323,342620.22638221,170854.11102130,513474.33740351,   0.6558685997
260600,    2.606000,   66.700235,  -25.556130,342489.02697149,170985.31018024,513474.33715173,   0.6561203712
260700,    2.607000,   66.674674,  -25.565937,342357.77720609,171116.55969387,513474.33689996,   0.6563721428
260800,    2.608000,   66.649103,  -25.575743,342226.47708599,171247.85956221,513474.33664819,   0.6566239144
260900,    2.609000,   66.623522,  -25.585550,342095.12661119,171379.20978523,513474.33639642,   0.6568756858
261000,    2.610000,   66.597932,  -25.595357,341963.72578170,171510.61036295,513474.33614465,   0.6571274575
261100,    2.611000,   66.572331,  -25.605163,341832.27459751,171642.06129537,513474.33589288,   0.6573792290
261200,    2.612000,   66.546721,  -25.614970,341700.77305862,171773.56258248,513474.33564111,   0.6576310006
261300,    2.613000,   66.521101,  -25.624776,341569.22116505,171905.11422429,513474.33538933,   0.6578827722
261400,    2.614000,   66.495472,  -25.634583,341437.61891677,172036.71622079,513474.33513756,   0.6581345437
261500,    2.615000,   66.469832,  -25.644390,341305.96631380,172168.36857199,513474.33488579,   0.6583863154
261600,    2.616000,   66.444183,  -25.654196,341174.26335614,172300.07127788,513474.33463402,   0.6586380868
261700,    2.617000,   66.418524,  -25.664003,341042.51004378,172431.82433847,513474.33438225,   0.6588898583
261800,    2.618000,   66.392855,  -25.673810,340910.70637672,172563.62775376,513474.33413048,   0.6591416299
261900,    2.619000,   66.367176,  -25.683616,340778.85235497,172695.48152374,513474.33387870,   0.6593934015
262000,    2.620000,   66.341487,  -25.693423,340646.94797852,172827.38564841,513474.33362693,   0.6596451729
262100,    2.621000,   66.315789,  -25.703230,340514.99324738,172959.34012778,513474.33337516,   0.6598969446
262200,    2.622000,   66.290081,  -25.713036,340382.98816154,173091.34496185,513474.33312339,   0.6601487161
262300,    2.623000,   66.264363,  -25.722843,340250.93272101,173223.40015061,513474.33287162,   0.6604004877
262400,    2.624000,   66.238635,  -25.732650,340118.82692578,173355.50569407,513474.33261985,   0.6606522592
262500,    2.625000,   66.212897,  -25.742456,339986.67077586,173487.66159222,513474.33236807,   0.6609040308
262600,    2.626000,   66.187150,  -25.752263,339854.46427124,173619.86784507,513474.33211630,   0.6611558024
262700,    2.627000,   66.161393,  -25.762070,339722.20741192,173752.12445261,513474.33186453,   0.6614075738
262800,    2.628000,   66.135626,  -25.771876,339589.90019791,173884.43141485,513474.33161276,   0.6616593454
262900,    2.629000,   66.109849,  -25.781683,339457.54262920,174016.78873178,513474.33136099,   0.6619111169
263000,    2.630000,   66.084062,  -25.791490,339325.13470580,174149.19640341,513474.33110922,   0.6621628884
263100,    2.631000,   66.058266,  -25.801296,339192.67642771,174281.65442974,513474.33085745,   0.6624146599
263200,    2.632000,   66.032460,  -25.811103,339060.16779491,174414.16281076,513474.33060567,   0.6626664316
263300,    2.633000,   66.006644,  -25.820909,338927.60880743,174546.72154648,513474.33035390,   0.6629182030
263400,    2.634000,   65.980818,  -25.830716,338794.99946524,174679.33063689,513474.33010213,   0.6631699745
263500,    2.635000,   65.954982,  -25.840523,338662.33976837,174811.99008199,513474.32985036,   0.6634217461
263600,    2.636000,   65.929137,  -25.850329,338529.62971679,174944.69988180,513474.32959859,   0.6636735176
263700,    2.637000,   65.903281,  -25.860136,338396.86931052,175077.46003629,513474.32934682,   0.6639252891
263800,    2.638000,   65.877416,  -25.869943,338264.05854956,175210.27054549,513474.32909505,   0.6641770607
263900,    2.639000,   65.851541,  -25.879749,338131.19743390,175343.13140937,513474.32884327,   0.6644288323
264000,    2.640000,   65.825657,  -25.889556,337998.28596354,175476.04262796,513474.32859150,   0.6646806036
264100,    2.641000,   65.799762,  -25.899363,337865.32413849,175609.00420124,513474.32833973,   0.6649323752
264200,    2.642000,   65.773858,  -25.909169,337732.31195875,175742.01612921,513474.32808796,   0.6651841468
264300,    2.643000,   65.747944,  -25.918976,337599.24942430,175875.07841188,513474.32783619,   0.6654359183
264400,    2.644000,   65.722020,  -25.928783,337466.13653517,176008.19104925,513474.32758442,   0.6656876897
264500,    2.645000,   65.696086,  -25.938589,337332.97329133,176141.35404131,513474.32733264,   0.6659394613
264600,    2.646000,   65.670142,  -25.948396,337199.75969281,176274.56738807,513474.32708087,   0.6661912329
264700,    2.647000,   65.644189,  -25.958203,337066.49573958,176407.83108952,513474.32682910,   0.6664430042
264800,    2.648000,   65.618226,  -25.968009,336933.18143166,176541.14514567,513474.32657733,   0.6666947759
264900,    2.649000,   65.592253,  -25.977816,336799.81676905,176674.50955651,513474.32632556,   0.6669465474
265000,    2.650000,   65.566270,  -25.987623,336666.40175174,176807.92432205,513474.32607379,   0.6671983189
265100,    2.651000,   65.540278,  -25.997429,336532.93637973,176941.38944228,513474.32582202,   0.6674500903
265200,    2.652000,   65.514275,  -26.007236,336399.42065303,177074.90491721,513474.32557024,   0.6677018619
265300,    2.653000,   65.488263,  -26.017042,336265.85457164,177208.47074683,513474.32531847,   0.6679536335
265400,    2.654000,   65.462241,  -26.026849,336132.23813555,177342.08693115,513474.32506670,   0.6682054049
265500,    2.655000,   65.436209,  -26.036656,335998.57134476,177475.75347017,513474.32481493,   0.6684571765
265600,    2.656000,   65.410168,  -26.046462,335864.85419928,177609.47036388,513474.32456316,   0.6687089480
265700,    2.657000,   65.384116,  -26.056269,335731.08669910,177743.23761229,513474.32431139,   0.6689607195
265800,    2.658000,   65.358055,  -26.066076,335597.26884423,177877.05521539,513474.32405961,   0.6692124910
265900,    2.659000,   65.331984,  -26.075882,335463.40063466,178010.92317319,513474.32380784,   0.6694642626
266000,    2.660000,   65.305903,  -26.085689,335329.48207039,178144.84148568,513474.32355607,   0.6697160340
266100,    2.661000,   65.279813,  -26.095496,335195.51315143,178278.81015287,513474.32330430,   0.6699678056
266200,    2.662000,   65.253712,  -26.105302,335061.49387778,178412.82917475,513474.32305253,   0.6702195770
266300,    2.663000,   65.227602,  -26.115109,334927.42424943,178546.89855133,513474.32280076,   0.6704713486
266400,    2.664000,   65.201482,  -26.124916,334793.30426638,178681.01828260,513474.32254899,   0.6707231201
266500,    2.665000,   65.175352,  -26.134722,334659.13392864,178815.18836857,513474.32229721,   0.6709748916
266600,    2.666000,   65.149212,  -26.144529,334524.91323621,178949.40880924,513474.32204544,   0.6712266632
266700,    2.667000,   65.123063,  -26.154336,334390.64218907,179083.67960460,513474.32179367,   0.6714784346
266800,    2.668000,   65.096903,  -26.164142,334256.32078725,179218.00075465,513474.32154190,   0.6717302061
266900,    2.669000,   65.070734,  -26.173949,334121.94903072,179352.37225941,513474.32129013,   0.6719819777
267000,    2.670000,   65.044555,  -26.183756,333987.52691950,179486.79411885,513474.32103836,   0.6722337492
267100,    2.671000,   65.018367,  -26.193562,333853.05445359,179621.26633299,513474.32078659,   0.6724855207
267200,    2.672000,   64.992168,  -26.203369,333718.53163298,179755.78890183,513474.32053481,   0.6727372922
267300,    2.673000,   64.965960,  -26.213175,333583.95845768,179890.36182537,513474.32028304,   0.6729890637
267400,    2.674000,   64.939742,  -26.222982,333449.33492768,180024.98510359,513474.32003127,   0.6732408351
267500,    2.675000,   64.913514,  -26.232789,333314.66104298,180159.65873652,513474.31977950,   0.6734926067
267600,    2.676000,   64.887276,  -26.242595,333179.93680359,180294.38272414,513474.31952773,   0.6737443782
267700,    2.677000,   64.861029,  -26.252402,333045.16220950,180429.15706645,513474.31927596,   0.6739961497
267800,    2.678000,   64.834771,  -26.262209,332910.33726072,180563.98176346,513474.31902418,   0.6742479212
267900,    2.679000,   64.808504,  -26.272015,332775.46195725,180698.85681517,513474.31877241,   0.6744996927
268000,    2.680000,   64.782227,  -26.281822,332640.53629907,180833.78222157,513474.31852064,   0.6747514642
268100,    2.681000,   64.755940,  -26.291629,332505.56028620,180968.75798267,513474.31826887,   0.6750032358
268200,    2.682000,   64.729644,  -26.301435,332370.53391864,181103.78409846,513474.31801710,   0.6752550071
268300,    2.683000,   64.703337,  -26.311242,332235.45719638,181238.86056895,513474.31776533,   0.6755067788
268400,    2.684000,   64.677021,  -26.321049,332100.33011943,181373.98739413,513474.31751356,   0.6757585501
268500,    2.685000,   64.650695,  -26.330855,331965.15268778,181509.16457401,513474.31726178,   0.6760103217
268600,    2.686000,   64.624359,  -26.340662,331829.92490143,181644.39210858,513474.31701001,   0.6762620932
268700,    2.687000,   64.598014,  -26.350469,331694.64676039,181779.66999785,513474.31675824,   0.6765138647
268800,    2.688000,   64.571658,  -26.360275,331559.31826466,181914.99824181,513474.31650647,   0.6767656362
268900,    2.689000,   64.545293,  -26.370082,331423.93941422,182050.37684047,513474.31625470,   0.6770174076
269000,    2.690000,   64.518918,  -26.379889,331288.51020910,182185.80579383,513474.31600293,   0.6772691793
269100,    2.691000,   64.492533,  -26.389695,331153.03064928,182321.28510188,513474.31575116,   0.6775209506
269200,    2.692000,   64.466139,  -26.399502,331017.50073476,182456.81476463,513474.31549938,   0.6777727221
269300,    2.693000,   64.439734,  -26.409308,330881.92046554,182592.39478207,513474.31524761,   0.6780244936
269400,    2.694000,   64.413320,  -26.419115,330746.28984164,182728.02515420,513474.31499584,   0.6782762651
269500,    2.695000,   64.386896,  -26.428922,330610.60886303,182863.70588104,513474.31474407,   0.6785280365
269600,    2.696000,   64.360462,  -26.438728,330474.87752973,182999.43696257,513474.31449230,   0.6787798080
269700,    2.697000,   64.334018,  -26.448535,330339.09584174,183135.21839879,513474.31424053,   0.6790315796
269800,    2.698000,   64.307565,  -26.458342,330203.26379905,183271.05018971,513474.31398875,   0.6792833510
269900,    2.699000,   64.281101,  -26.468148,330067.38140166,183406.93233532,513474.31373698,   0.6795351226
270000,    2.700000,   64.254628,  -26.477955,329931.44864958,183542.86483563,513474.31348521,   0.6797868941
270100,    2.701000,   64.228145,  -26.487762,329795.46554280,183678.84769064,513474.31323344,   0.6800386656
270200,    2.702000,   64.201653,  -26.497568,329659.43208133,183814.88090034,513474.31298167,   0.6802904370
270300,    2.703000,   64.175150,  -26.507375,329523.34826516,183950.96446473,513474.31272990,   0.6805422085
270400,    2.704000,   64.148638,  -26.517182,329387.21409430,184087.09838382,513474.31247813,   0.6807939800
270500,    2.705000,   64.122116,  -26.526988,329251.02956874,184223.28265761,513474.31222635,   0.6810457514
270600,    2.706000,   64.095584,  -26.536795,329114.79468849,184359.51728609,513474.31197458,   0.6812975229
270700,    2.707000,   64.069042,  -26.546602,328978.50945354,184495.80226927,513474.31172281,   0.6815492946
270800,    2.708000,   64.042491,  -26.556408,328842.17386389,184632.13760714,513474.31147104,   0.6818010659
270900,    2.709000,   64.015929,  -26.566215,328705.78791955,184768.52329971,513474.31121927,   0.6820528373
271000,    2.710000,   63.989358,  -26.576022,328569.35162052,184904.95934698,513474.31096750,   0.6823046088
271100,    2.711000,   63.962777,  -26.585828,328432.86496679,185041.44574894,513474.31071573,   0.6825563802
271200,    2.712000,   63.936186,  -26.595635,328296.32795836,185177.98250559,513474.31046395,   0.6828081519
271300,    2.713000,   63.909586,  -26.605441,328159.74059524,185314.56961694,513474.31021218,   0.6830599233
271400,    2.714000,   63.882975,  -26.615248,328023.10287742,185451.20708299,513474.30996041,   0.6833116947
271500,    2.715000,   63.856355,  -26.625055,327886.41480491,185587.89490373,513474.30970864,   0.6835634662
271600,    2.716000,   63.829725,  -26.634861,327749.67637770,185724.63307917,513474.30945687,   0.6838152377
271700,    2.717000,   63.803085,  -26.644668,327612.88759580,185861.42160930,513474.30920510,   0.6840670091
271800,    2.718000,   63.776436,  -26.654475,327476.04845920,185998.26049412,513474.30895333,   0.6843187806
271900,    2.719000,   63.749776,  -26.664281,327339.15896791,186135.14973365,513474.30870155,   0.6845705521
272000,    2.720000,   63.723107,  -26.674088,327202.21912192,186272.08932787,513474.30844978,   0.6848223235
272100,    2.721000,   63.696428,  -26.683895,327065.22892123,186409.07927678,513474.30819801,   0.6850740950
272200,    2.722000,   63.669739,  -26.693701,326928.18836585,186546.11958039,513474.30794624,   0.6853258666
272300,    2.723000,   63.643040,  -26.703508,326791.09745577,186683.21023869,513474.30769447,   0.6855776380
272400,    2.724000,   63.616332,  -26.713315,326653.95619100,186820.35125169,513474.30744270,   0.6858294093
272500,    2.725000,   63.589614,  -26.723121,326516.76457154,186957.54261939,513474.30719092,   0.6860811809
272600,    2.726000,   63.562886,  -26.732928,326379.52259737,187094.78434178,513474.30693915,   0.6863329524
272700,    2.727000,   63.536148,  -26.742735,326242.23026852,187232.07641887,513474.30668738,   0.6865847238
272800,    2.728000,   63.509400,  -26.752541,326104.88758496,187369.41885065,513474.30643561,   0.6868364953
272900,    2.729000,   63.482643,  -26.762348,325967.49454671,187506.81163713,513474.30618384,   0.6870882668
273000,    2.730000,   63.455875,  -26.772155,325830.05115377,187644.25477830,513474.30593207,   0.6873400382
273100,    2.731000,   63.429098,  -26.781961,325692.55740613,187781.74827417,513474.30568030,   0.6875918096
273200,    2.732000,   63.402311,  -26.791768,325555.01330380,187919.29212473,513474.30542852,   0.6878435811
273300,    2.733000,   63.375515,  -26.801574,325417.41884677,188056.88632999,513474.30517675,   0.6880953526
273400,    2.734000,   63.348708,  -26.811381,325279.77403504,188194.53088994,513474.30492498,   0.6883471240
273500,    2.735000,   63.321892,  -26.821188,325142.07886862,188332.22580459,513474.30467321,   0.6885988955
273600,    2.736000,   63.295066,  -26.830994,325004.33334750,188469.97107394,513474.30442144,   0.6888506670
273700,    2.737000,   63.268230,  -26.840801,324866.53747169,188607.76669798,513474.30416967,   0.6891024385
273800,    2.738000,   63.241384,  -26.850608,324728.69124118,188745.61267671,513474.30391790,   0.6893542098
273900,    2.739000,   63.214528,  -26.860414,324590.79465598,188883.50901015,513474.30366612,   0.6896059814
274000,    2.740000,   63.187663,  -26.870221,324452.84771608,189021.45569827,513474.30341435,   0.6898577528
274100,    2.741000,   63.160788,  -26.880028,324314.85042149,189159.45274109,513474.30316258,   0.6901095242
274200,    2.742000,   63.133903,  -26.889834,324176.80277220,189297.50013861,513474.30291081,   0.6903612957
274300,    2.743000,   63.107008,  -26.899641,324038.70476821,189435.59789083,513474.30265904,   0.6906130672
274400,    2.744000,   63.080103,  -26.909448,323900.55640953,189573.74599773,513474.30240727,   0.6908648386
274500,    2.745000,   63.053189,  -26.919254,323762.35769616,189711.94445934,513474.30215550,   0.6911166101
274600,    2.746000,   63.026265,  -26.929061,323624.10862809,189850.19327564,513474.30190372,   0.6913683816
274700,    2.747000,   62.999331,  -26.938868,323485.80920532,189988.49244663,513474.30165195,   0.6916201530
274800,    2.748000,   62.972387,  -26.948674,323347.45942786,190126.84197232,513474.30140018,   0.6918719244
274900,    2.749000,   62.945433,  -26.958481,323209.05929570,190265.24185271,513474.30114841,   0.6921236959
275000,    2.750000,   62.918470,  -26.968288,323070.60880885,190403.69208779,513474.30089664,   0.6923754673
275100,    2.751000,   62.891497,  -26.978094,322932.10796730,190542.19267757,513474.30064487,   0.6926272387
275200,    2.752000,   62.864514,  -26.987901,322793.55677106,190680.74362204,513474.30039310,   0.6928790103
275300,    2.753000,   62.837521,  -26.997707,322654.95522012,190819.34492121,513474.30014132,   0.6931307818
275400,    2.754000,   62.810518,  -27.007514,322516.30331448,190957.99657507,513474.29988955,   0.6933825531
275500,    2.755000,   62.783506,  -27.017321,322377.60105415,191096.69858363,513474.29963778,   0.6936343245
275600,    2.756000,   62.756483,  -27.027127,322238.84843913,191235.45094688,513474.29938601,   0.6938860960
275700,    2.757000,   62.729451,  -27.036934,322100.04546941,191374.25366483,513474.29913424,   0.6941378675
275800,    2.758000,   62.702409,  -27.046741,321961.19214499,191513.10673747,513474.29888247,   0.6943896388
275900,    2.759000,   62.675358,  -27.056547,321822.28846588,191652.01016481,513474.29863070,   0.6946414104
276000,    2.760000,   62.648296,  -27.066354,321683.33443207,191790.96394685,513474.29837892,   0.6948931818
276100,    2.761000,   62.621225,  -27.076161,321544.33004357,191929.96808358,513474.29812715,   0.6951449531
276200,    2.762000,   62.594144,  -27.085967,321405.27530037,192069.02257501,513474.29787538,   0.6953967246
276300,    2.763000,   62.567053,  -27.095774,321266.17020248,192208.12742113,513474.29762361,   0.6956484962
276400,    2.764000,   62.539952,  -27.105581,321127.01474989,192347.28262195,513474.29737184,   0.6959002676
276500,    2.765000,   62.512842,  -27.115387,320987.80894261,192486.48817746,513474.29712007,   0.6961520389
276600,    2.766000,   62.485721,  -27.125194,320848.55278063,192625.74408767,513474.29686830,   0.6964038105
276700,    2.767000,   62.458591,  -27.135001,320709.24626395,192765.05035257,513474.29661652,   0.6966555819
276800,    2.768000,   62.431451,  -27.144807,320569.88939258,192904.40697217,513474.29636475,   0.6969073533
276900,    2.769000,   62.404301,  -27.154614,320430.48216652,193043.81394646,513474.29611298,   0.6971591247
277000,    2.770000,   62.377142,  -27.164421,320291.02458576,193183.27127545,513474.29586121,   0.6974108961
277100,    2.771000,   62.349972,  -27.174227,320151.51665030,193322.77895914,513474.29560944,   0.6976626675
277200,    2.772000,   62.322793,  -27.184034,320011.95836015,193462.33699752,513474.29535767,   0.6979144390
277300,    2.773000,   62.295604,  -27.193840,319872.34971530,193601.94539059,513474.29510590,   0.6981662105
277400,    2.774000,   62.268405,  -27.203647,319732.69071576,193741.60413837,513474.29485412,   0.6984179819
277500,    2.775000,   62.241197,  -27.213454,319592.98136152,193881.31324083,513474.29460235,   0.6986697533
277600,    2.776000,   62.213978,  -27.223260,319453.22165259,194021.07269800,513474.29435058,   0.6989215247
277700,    2.777000,   62.186750,  -27.233067,319313.41158896,194160.88250985,513474.29409881,   0.6991732962
277800,    2.778000,   62.159512,  -27.242874,319173.55117063,194300.74267641,513474.29384704,   0.6994250676
277900,    2.779000,   62.132264,  -27.252680,319033.64039761,194440.65319766,513474.29359527,   0.6996768390
278000,    2.780000,   62.105007,  -27.262487,318893.67926990,194580.61407360,513474.29334350,   0.6999286105
278100,    2.781000,   62.077739,  -27.272294,318753.66778749,194720.62530424,513474.29309172,   0.7001803818
278200,    2.782000,   62.050462,  -27.282100,318613.60595038,194860.68688957,513474.29283995,   0.7004321532
278300,    2.783000,   62.023175,  -27.291907,318473.49375858,195000.79882960,513474.29258818,   0.7006839248
278400,    2.784000,   61.995878,  -27.301714,318333.33121208,195140.96112433,513474.29233641,   0.7009356962
278500,    2.785000,   61.968571,  -27.311520,318193.11831089,195281.17377375,513474.29208464,   0.7011874675
278600,    2.786000,   61.941255,  -27.321327,318052.85505500,195421.43677787,513474.29183287,   0.7014392390
278700,    2.787000,   61.913929,  -27.331134,317912.54144442,195561.75013668,513474.29158110,   0.7016910104
278800,    2.788000,   61.886593,  -27.340940,317772.17747914,195702.11385019,513474.29132932,   0.7019427818
278900,    2.789000,   61.859247,  -27.350747,317631.76315916,195842.52791839,513474.29107755,   0.7021945532
279000,    2.790000,   61.831891,  -27.360554,317491.29848449,195982.99234129,513474.29082578,   0.7024463247
279100,    2.791000,   61.804526,  -27.370360,317350.78345513,196123.50711888,513474.29057401,   0.7026980961
279200,    2.792000,   61.777150,  -27.380167,317210.21807107,196264.07225117,513474.29032224,   0.7029498675
279300,    2.793000,   61.749765,  -27.389973,317069.60233231,196404.68773816,513474.29007047,   0.7032016389
279400,    2.794000,   61.722370,  -27.399780,316928.93623886,196545.35357984,513474.28981870,   0.7034534104
279500,    2.795000,   61.694965,  -27.409587,316788.21979071,196686.06977621,513474.28956692,   0.7037051817
279600,    2.796000,   61.667551,  -27.419393,316647.45298787,196826.83632728,513474.28931515,   0.7039569532
279700,    2.797000,   61.640127,  -27.429200,316506.63583033,196967.65323305,513474.28906338,   0.7042087247
279800,    2.798000,   61.612692,  -27.439007,316365.76831810,197108.52049351,513474.28881161,   0.7044604960
279900,    2.799000,   61.585248,  -27.448813,316224.85045117,197249.43810867,513474.28855984,   0.7047122673
280000,    2.800000,   61.557795,  -27.458620,316083.88222955,197390.40607852,513474.28830807,   0.7049640389
280100,    2.801000,   61.530331,  -27.468427,315942.86365323,197531.42440307,513474.28805630,   0.7052158103
280200,    2.802000,   61.502858,  -27.478233,315801.79472221,197672.49308231,513474.28780452,   0.7054675816
280300,    2.803000,   61.475375,  -27.488040,315660.67543650,197813.61211625,513474.28755275,   0.7057193530
280400,    2.804000,   61.447882,  -27.497847,315519.50579610,197954.78150489,513474.28730098,   0.7059711245
280500,    2.805000,   61.420379,  -27.507653,315378.28580100,198096.00124821,513474.28704921,   0.7062228959
280600,    2.806000,   61.392866,  -27.517460,315237.01545120,198237.27134624,513474.28679744,   0.7064746672
280700,    2.807000,   61.365344,  -27.527267,315095.69474671,198378.59179896,513474.28654567,   0.7067264387
280800,    2.808000,   61.337812,  -27.537073,314954.32368752,198519.96260638,513474.28629390,   0.7069782100
280900,    2.809000,   61.310270,  -27.546880,314812.90227364,198661.38376849,513474.28604212,   0.7072299815
281000,    2.810000,   61.282718,  -27.556687,314671.43050506,198802.85528530,513474.28579035,   0.7074817529
281100,    2.811000,   61.255156,  -27.566493,314529.90838178,198944.37715680,513474.28553858,   0.7077335243
281200,    2.812000,   61.227585,  -27.576300,314388.33590381,199085.94938300,513474.28528681,   0.7079852957
281300,    2.813000,   61.200003,  -27.586106,314246.71307115,199227.57196389,513474.28503504,   0.7082370670
281400,    2.814000,   61.172412,  -27.595913,314105.03988379,199369.24489948,513474.28478327,   0.7084888386
281500,    2.815000,   61.144811,  -27.605720,313963.31634173,199510.96818976,513474.28453150,   0.7087406099
281600,    2.816000,   61.117201,  -27.615526,313821.54244498,199652.74183474,513474.28427972,   0.7089923813
281700,    2.817000,   61.089580,  -27.625333,313679.71819354,199794.56583442,513474.28402795,   0.7092441528
281800,    2.818000,   61.061950,  -27.635140,313537.84358740,199936.44018879,513474.28377618,   0.7094959241
281900,    2.819000,   61.034310,  -27.644946,313395.91862656,200078.36489785,513474.28352441,   0.7097476954
282000,    2.820000,   61.006660,  -27.654753,313253.94331103,200220.33996161,513474.28327264,   0.7099994669
282100,    2.821000,   60.979000,  -27.664560,313111.91764080,200362.36538007,513474.28302087,   0.7102512384
282200,    2.822000,   60.951331,  -27.674366,312969.84161587,200504.44115322,513474.28276910,   0.7105030097
282300,    2.823000,   60.923651,  -27.684173,312827.71523626,200646.56728107,513474.28251732,   0.7107547810
282400,    2.824000,   60.895962,  -27.693980,312685.53850194,200788.74376361,513474.28226555,   0.7110065525
282500,    2.825000,   60.868263,  -27.703786,312543.31141293,200930.97060085,513474.28201378,   0.7112583239
282600,    2.826000,   60.840555,  -27.713593,312401.03396923,201073.24779278,513474.28176201,   0.7115100952
282700,    2.827000,   60.812836,  -27.723400,312258.70617083,201215.57533941,513474.28151024,   0.7117618666
282800,    2.828000,   60.785108,  -27.733206,312116.32801773,201357.95324074,513474.28125847,   0.7120136381
282900,    2.829000,   60.757370,  -27.743013,311973.89950994,201500.38149676,513474.28100670,   0.7122654094
283000,    2.830000,   60.729622,  -27.752820,311831.42064745,201642.86010747,513474.28075492,   0.7125171808
283100,    2.831000,   60.701864,  -27.762626,311688.89143027,201785.38907288,513474.28050315,   0.7127689522
283200,    2.832000,   60.674096,  -27.772433,311546.31185839,201927.96839299,513474.28025138,   0.7130207235
283300,    2.833000,   60.646319,  -27.782239,311403.68193182,202070.59806779,513474.27999961,   0.7132724950
283400,    2.834000,   60.618532,  -27.792046,311261.00165055,202213.27809729,513474.27974784,   0.7135242663
283500,    2.835000,   60.590735,  -27.801853,311118.27101459,202356.00848148,513474.27949607,   0.7137760377
283600,    2.836000,   60.562928,  -27.811659,310975.49002393,202498.78922037,513474.27924430,   0.7140278092
283700,    2.837000,   60.535111,  -27.821466,310832.65867857,202641.62031395,513474.27899253,   0.7142795805
283800,    2.838000,   60.507285,  -27.831273,310689.77697852,202784.50176223,513474.27874075,   0.7145313520
283900,    2.839000,   60.479449,  -27.841079,310546.84492378,202927.43356521,513474.27848898,   0.7147831232
284000,    2.840000,   60.451603,  -27.850886,310403.86251433,203070.41572288,513474.27823721,   0.7150348946
284100,    2.841000,   60.423747,  -27.860693,310260.82975020,203213.44823524,513474.27798544,   0.7152866660
284200,    2.842000,   60.395881,  -27.870499,310117.74663137,203356.53110230,513474.27773367,   0.7155384374
284300,    2.843000,   60.368006,  -27.880306,309974.61315784,203499.66432406,513474.27748190,   0.7157902087
284400,    2.844000,   60.340120,  -27.890113,309831.42932961,203642.84790051,513474.27723013,   0.7160419801
284500,    2.845000,   60.312225,  -27.899919,309688.19514670,203786.08183166,513474.27697835,   0.7162937517
284600,    2.846000,   60.284320,  -27.909726,309544.91060908,203929.36611750,513474.27672658,   0.7165455229
284700,    2.847000,   60.256406,  -27.919533,309401.57571677,204072.70075804,513474.27647481,   0.7167972943
284800,    2.848000,   60.228481,  -27.929339,309258.19046977,204216.08575327,513474.27622304,   0.7170490658
284900,    2.849000,   60.200547,  -27.939146,309114.75486807,204359.52110320,513474.27597127,   0.7173008370
285000,    2.850000,   60.172603,  -27.948953,308971.26891167,204503.00680782,513474.27571950,   0.7175526084
285100,    2.851000,   60.144649,  -27.958759,308827.73260058,204646.54286714,513474.27546773,   0.7178043798
285200,    2.852000,   60.116685,  -27.968566,308684.14593480,204790.12928116,513474.27521595,   0.7180561512
285300,    2.853000,   60.088712,  -27.978372,308540.50891431,204933.76604987,513474.27496418,   0.7183079225
285400,    2.854000,   60.060728,  -27.988179,308396.82153914,205077.45317327,513474.27471241,   0.7185596939
285500,    2.855000,   60.032735,  -27.997986,308253.08380926,205221.19065138,513474.27446064,   0.7188114654
285600,    2.856000,   60.004732,  -28.007792,308109.29572470,205364.97848417,513474.27420887,   0.7190632366
285700,    2.857000,   59.976720,  -28.017599,307965.45728543,205508.81667166,513474.27395710,   0.7193150080
285800,    2.858000,   59.948697,  -28.027406,307821.56849147,205652.70521385,513474.27370533,   0.7195667795
285900,    2.859000,   59.920665,  -28.037212,307677.62934282,205796.64411073,513474.27345356,   0.7198185507
286000,    2.860000,   59.892623,  -28.047019,307533.63983947,205940.63336231,513474.27320178,   0.7200703221
286100,    2.861000,   59.864571,  -28.056826,307389.59998143,206084.67296859,513474.27295001,   0.7203220935
286200,    2.862000,   59.836509,  -28.066632,307245.50976868,206228.76292956,513474.27269824,   0.7205738649
286300,    2.863000,   59.808437,  -28.076439,307101.36920125,206372.90324522,513474.27244647,   0.7208256362
286400,    2.864000,   59.780356,  -28.086246,306957.17827912,206517.09391558,513474.27219470,   0.7210774076
286500,    2.865000,   59.752265,  -28.096052,306812.93700229,206661.33494064,513474.27194293,   0.7213291790
286600,    2.866000,   59.724164,  -28.105859,306668.64537077,206805.62632039,513474.27169116,   0.7215809503
286700,    2.867000,   59.696053,  -28.115666,306524.30338455,206949.96805483,513474.27143938,   0.7218327217
286800,    2.868000,   59.667932,  -28.125472,306379.91104364,207094.36014398,513474.27118761,   0.7220844930
286900,    2.869000,   59.639802,  -28.135279,306235.46834803,207238.80258781,513474.27093584,   0.7223362644
287000,    2.870000,   59.611662,  -28.145086,306090.97529772,207383.29538635,513474.27068407,   0.7225880358
287100,    2.871000,   59.583512,  -28.154892,305946.43189272,207527.83853957,513474.27043230,   0.7228398072
287200,    2.872000,   59.555352,  -28.164699,305801.83813303,207672.43204750,513474.27018053,   0.7230915785
287300,    2.873000,   59.527182,  -28.174505,305657.19401864,207817.07591012,513474.26992876,   0.7233433499
287400,    2.874000,   59.499003,  -28.184312,305512.49954955,207961.77012743,513474.26967698,   0.7235951212
287500,    2.875000,   59.470813,  -28.194119,305367.75472577,208106.51469944,513474.26942521,   0.7238468927
287600,    2.876000,   59.442614,  -28.203925,305222.95954730,208251.30962615,513474.26917344,   0.7240986640
287700,    2.877000,   59.414405,  -28.213732,305078.11401412,208396.15490755,513474.26892167,   0.7243504353
287800,    2.878000,   59.386187,  -28.223539,304933.21812626,208541.05054364,513474.26866990,   0.7246022067
287900,    2.879000,   59.357958,  -28.233345,304788.27188369,208685.99653443,513474.26841813,   0.7248539780
288000,    2.880000,   59.329720,  -28.243152,304643.27528644,208830.99287992,513474.26816636,   0.7251057493
288100,    2.881000,   59.301472,  -28.252959,304498.22833448,208976.03958010,513474.26791459,   0.7253575207
288200,    2.882000,   59.273214,  -28.262765,304353.13102783,209121.13663498,513474.26766281,   0.7256092921
288300,    2.883000,   59.244946,  -28.272572,304207.98336649,209266.28404455,513474.26741104,   0.7258610634
288400,    2.884000,   59.216669,  -28.282379,304062.78535045,209411.48180882,513474.26715927,   0.7261128347
288500,    2.885000,   59.188381,  -28.292185,303917.53697971,209556.72992779,513474.26690750,   0.7263646061
288600,    2.886000,   59.160084,  -28.301992,303772.23825428,209702.02840145,513474.26665573,   0.7266163775
288700,    2.887000,   59.131777,  -28.311799,303626.88917416,209847.37722980,513474.26640396,   0.7268681487
288800,    2.888000,   59.103460,  -28.321605,303481.48973933,209992.77641285,513474.26615219,   0.7271199201
288900,    2.889000,   59.075134,  -28.331412,303336.03994982,210138.22595060,513474.26590041,   0.7273716916
289000,    2.890000,   59.046798,  -28.341219,303190.53980560,210283.72584304,513474.26564864,   0.7276234627
289100,    2.891000,   59.018451,  -28.351025,303044.98930670,210429.27609018,513474.26539687,   0.7278752342
289200,    2.892000,   58.990095,  -28.360832,302899.38845309,210574.87669201,513474.26514510,   0.7281270056
289300,    2.893000,   58.961730,  -28.370638,302753.73724479,210720.52764854,513474.26489333,   0.7283787769
289400,    2.894000,   58.933354,  -28.380445,302608.03568180,210866.22895976,513474.26464156,   0.7286305482
289500,    2.895000,   58.904969,  -28.390252,302462.28376411,211011.98062568,513474.26438979,   0.7288823196
289600,    2.896000,   58.876573,  -28.400058,302316.48149172,211157.78264629,513474.26413801,   0.7291340909
289700,    2.897000,   58.848168,  -28.409865,302170.62886464,211303.63502160,513474.26388624,   0.7293858622
289800,    2.898000,   58.819754,  -28.419672,302024.72588287,211449.53775160,513474.26363447,   0.7296376335
289900,    2.899000,   58.791329,  -28.429478,301878.77254640,211595.49083630,513474.26338270,   0.7298894049
290000,    2.900000,   58.762895,  -28.439285,301732.76885523,211741.49427570,513474.26313093,   0.7301411762
290100,    2.901000,   58.734450,  -28.449092,301586.71480937,211887.54806979,513474.26287916,   0.7303929475
290200,    2.902000,   58.705996,  -28.458898,301440.61040881,212033.65221858,513474.26262739,   0.7306447189
290300,    2.903000,   58.677532,  -28.468705,301294.45565356,212179.80672206,513474.26237562,   0.7308964902
290400,    2.904000,   58.649059,  -28.478512,301148.25054361,212326.01158024,513474.26212384,   0.7311482615
290500,    2.905000,   58.620575,  -28.488318,301001.99507896,212472.26679311,513474.26187207,   0.7314000328
290600,    2.906000,   58.592082,  -28.498125,300855.68925962,212618.57236068,513474.26162030,   0.7316518042
290700,    2.907000,   58.563579,  -28.507932,300709.33308559,212764.92828294,513474.26136853,   0.7319035757
290800,    2.908000,   58.535066,  -28.517738,300562.92655686,212911.33455990,513474.26111676,   0.7321553468
290900,    2.909000,   58.506543,  -28.527545,300416.46967343,213057.79119155,513474.26086499,   0.7324071183
291000,    2.910000,   58.478011,  -28.537352,300269.96243531,213204.29817790,513474.26061322,   0.7326588896
291100,    2.911000,   58.449469,  -28.547158,300123.40484249,213350.85551895,513474.26036144,   0.7329106609
291200,    2.912000,   58.420916,  -28.556965,299976.79689498,213497.46321469,513474.26010967,   0.7331624322
291300,    2.913000,   58.392355,  -28.566771,299830.13859278,213644.12126513,513474.25985790,   0.7334142036
291400,    2.914000,   58.363783,  -28.576578,299683.42993587,213790.82967026,513474.25960613,   0.7336659749
291500,    2.915000,   58.335201,  -28.586385,299536.67092427,213937.58843009,513474.25935436,   0.7339177462
291600,    2.916000,   58.306610,  -28.596191,299389.86155798,214084.39754461,513474.25910259,   0.7341695176
291700,    2.917000,   58.278009,  -28.605998,299243.00183699,214231.25701383,513474.25885082,   0.7344212888
291800,    2.918000,   58.249398,  -28.615805,299096.09176131,214378.16683774,513474.25859905,   0.7346730602
291900,    2.919000,   58.220777,  -28.625611,298949.13133093,214525.12701635,513474.25834727,   0.7349248315
292000,    2.920000,   58.192147,  -28.635418,298802.12054585,214672.13754965,513474.25809550,   0.7351766029
292100,    2.921000,   58.163506,  -28.645225,298655.05940608,214819.19843765,513474.25784373,   0.7354283741
292200,    2.922000,   58.134856,  -28.655031,298507.94791161,214966.30968035,513474.25759196,   0.7356801455
292300,    2.923000,   58.106196,  -28.664838,298360.78606245,215113.47127774,513474.25734019,   0.7359319169
292400,    2.924000,   58.077526,  -28.674645,298213.57385860,215260.68322982,513474.25708842,   0.7361836881
292500,    2.925000,   58.048847,  -28.684451,298066.31130004,215407.94553660,513474.25683665,   0.7364354595
292600,    2.926000,   58.020157,  -28.694258,297918.99838679,215555.25819808,513474.25658487,   0.7366872308
292700,    2.927000,   57.991458,  -28.704065,297771.63511885,215702.62121425,513474.25633310,   0.7369390021
292800,    2.928000,   57.962749,  -28.713871,297624.22149621,215850.03458512,513474.25608133,   0.7371907734
292900,    2.929000,   57.934030,  -28.723678,297476.75751888,215997.49831068,513474.25582956,   0.7374425447
293000,    2.930000,   57.905302,  -28.733485,297329.24318685,216145.01239094,513474.25557779,   0.7376943161
293100,    2.931000,   57.876563,  -28.743291,297181.67850012,216292.57682590,513474.25532602,   0.7379460873
293200,    2.932000,   57.847815,  -28.753098,297034.06345870,216440.19161554,513474.25507425,   0.7381978587
293300,    2.933000,   57.819057,  -28.762904,296886.39806259,216587.85675989,513474.25482248,   0.7384496300
293400,    2.934000,   57.790289,  -28.772711,296738.68231177,216735.57225893,513474.25457070,   0.7387014013
293500,    2.935000,   57.761511,  -28.782518,296590.91620627,216883.33811267,513474.25431893,   0.7389531726
293600,    2.936000,   57.732724,  -28.792324,296443.09974607,217031.15432110,513474.25406716,   0.7392049440
293700,    2.937000,   57.703927,  -28.802131,296295.23293117,217179.02088422,513474.25381539,   0.7394567154
293800,    2.938000,   57.675119,  -28.811938,296147.31576157,217326.93780204,513474.25356362,   0.7397084865
293900,    2.939000,   57.646303,  -28.821744,295999.34823729,217474.90507456,513474.25331185,   0.7399602578
294000,    2.940000,   57.617476,  -28.831551,295851.33035830,217622.92270177,513474.25306008,   0.7402120292
294100,    2.941000,   57.588639,  -28.841358,295703.26212462,217770.99068368,513474.25280831,   0.7404638004
294200,    2.942000,   57.559793,  -28.851164,295555.14353625,217919.10902029,513474.25255653,   0.7407155717
294300,    2.943000,   57.530937,  -28.860971,295406.97459318,218067.27771159,513474.25230476,   0.7409673431
294400,    2.944000,   57.502071,  -28.870778,295258.75529541,218215.49675758,513474.25205299,   0.7412191143
294500,    2.945000,   57.473195,  -28.880584,295110.48564295,218363.76615827,513474.25180122,   0.7414708856
294600,    2.946000,   57.444310,  -28.890391,294962.16563579,218512.08591365,513474.25154945,   0.7417226571
294700,    2.947000,   57.415414,  -28.900198,294813.79527394,218660.45602374,513474.25129768,   0.7419744284
294800,    2.948000,   57.386509,  -28.910004,294665.37455739,218808.87648851,513474.25104591,   0.7422261995
294900,    2.949000,   57.357594,  -28.919811,294516.90348615,218957.34730798,513474.25079413,   0.7424779708
295000,    2.950000,   57.328670,  -28.929618,294368.38206021,219105.86848215,513474.25054236,   0.7427297423
295100,    2.951000,   57.299735,  -28.939424,294219.81027958,219254.44001101,513474.25029059,   0.7429815136
295200,    2.952000,   57.270791,  -28.949231,294071.18814425,219403.06189457,513474.25003882,   0.7432332847
295300,    2.953000,   57.241836,  -28.959037,293922.51565423,219551.73413282,513474.24978705,   0.7434850562
295400,    2.954000,   57.212872,  -28.968844,293773.79280951,219700.45672577,513474.24953528,   0.7437368274
295500,    2.955000,   57.183899,  -28.978651,293625.01961009,219849.22967342,513474.24928351,   0.7439885986
295600,    2.956000,   57.154915,  -28.988457,293476.19605598,219998.05297576,513474.24903174,   0.7442403699
295700,    2.957000,   57.125922,  -28.998264,293327.32214717,220146.92663279,513474.24877996,   0.7444921414
295800,    2.958000,   57.096918,  -29.008071,293178.39788367,220295.85064452,513474.24852819,   0.7447439125
295900,    2.959000,   57.067905,  -29.017877,293029.42326547,220444.82501095,513474.24827642,   0.7449956838
296000,    2.960000,   57.038883,  -29.027684,292880.39829258,220593.84973207,513474.24802465,   0.7452474552
296100,    2.961000,   57.009850,  -29.037491,292731.32296499,220742.92480789,513474.24777288,   0.7454992264
296200,    2.962000,   56.980807,  -29.047297,292582.19728271,220892.05023840,513474.24752111,   0.7457509977
296300,    2.963000,   56.951755,  -29.057104,292433.02124573,221041.22602361,513474.24726934,   0.7460027690
296400,    2.964000,   56.922693,  -29.066911,292283.79485406,221190.45216351,513474.24701757,   0.7462545403
296500,    2.965000,   56.893621,  -29.076717,292134.51810769,221339.72865811,513474.24676579,   0.7465063116
296600,    2.966000,   56.864540,  -29.086524,291985.19100662,221489.05550740,513474.24651402,   0.7467580829
296700,    2.967000,   56.835448,  -29.096331,291835.81355086,221638.43271139,513474.24626225,   0.7470098542
296800,    2.968000,   56.806347,  -29.106137,291686.38574041,221787.86027007,513474.24601048,   0.7472616255
296900,    2.969000,   56.777236,  -29.115944,291536.90757525,221937.33818345,513474.24575871,   0.7475133967
297000,    2.970000,   56.748115,  -29.125751,291387.37905541,222086.86645153,513474.24550694,   0.7477651680
297100,    2.971000,   56.718984,  -29.135557,291237.80018086,222236.44507430,513474.24525517,   0.7480169393
297200,    2.972000,   56.689844,  -29.145364,291088.17095163,222386.07405177,513474.24500340,   0.7482687106
297300,    2.973000,   56.660693,  -29.155170,290938.49136769,222535.75338393,513474.24475162,   0.7485204819
297400,    2.974000,   56.631533,  -29.164977,290788.76142907,222685.48307079,513474.24449985,   0.7487722533
297500,    2.975000,   56.602363,  -29.174784,290638.98113574,222835.26311234,513474.24424808,   0.7490240245
297600,    2.976000,   56.573184,  -29.184590,290489.15048772,222985.09350859,513474.24399631,   0.7492757958
297700,    2.977000,   56.543994,  -29.194397,290339.26948501,223134.97425953,513474.24374454,   0.7495275670
297800,    2.978000,   56.514795,  -29.204204,290189.33812760,223284.90536517,513474.24349277,   0.7497793383
297900,    2.979000,   56.485586,  -29.214010,290039.35641549,223434.88682551,513474.24324100,   0.7500311096
298000,    2.980000,   56.456367,  -29.223817,289889.32434869,223584.91864054,513474.24298922,   0.7502828809
298100,    2.981000,   56.427138,  -29.233624,289739.24192719,223735.00081026,513474.24273745,   0.7505346522
298200,    2.982000,   56.397899,  -29.243430,289589.10915100,223885.13333468,513474.24248568,   0.7507864234
298300,    2.983000,   56.368651,  -29.253237,289438.92602011,224035.31621380,513474.24223391,   0.7510381948
298400,    2.984000,   56.339393,  -29.263044,289288.69253453,224185.54944761,513474.24198214,   0.7512899661
298500,    2.985000,   56.310125,  -29.272850,289138.40869425,224335.83303612,513474.24173037,   0.7515417373
298600,    2.986000,   56.280847,  -29.282657,288988.07449928,224486.16697932,513474.24147860,   0.7517935085
298700,    2.987000,   56.251559,  -29.292464,288837.68994961,224636.55127722,513474.24122683,   0.7520452799
298800,    2.988000,   56.222262,  -29.302270,288687.25504525,224786.98592981,513474.24097505,   0.7522970511
298900,    2.989000,   56.192955,  -29.312077,288536.76978619,224937.47093710,513474.24072328,   0.7525488224
299000,    2.990000,   56.163638,  -29.321884,288386.23417243,225088.00629908,513474.24047151,   0.7528005936
299100,    2.991000,   56.134311,  -29.331690,288235.64820398,225238.59201576,513474.24021974,   0.7530523650
299200,    2.992000,   56.104974,  -29.341497,288085.01188083,225389.22808714,513474.23996797,   0.7533041362
299300,    2.993000,   56.075628,  -29.351303,287934.32520299,225539.91451321,513474.23971620,   0.7535559073
299400,    2.994000,   56.046271,  -29.361110,287783.58817045,225690.65129397,513474.23946443,   0.7538076788
299500,    2.995000,   56.016905,  -29.370917,287632.80078322,225841.43842943,513474.23921266,   0.7540594499
299600,    2.996000,   55.987529,  -29.380723,287481.96304129,225992.27591959,513474.23896088,   0.7543112212
299700,    2.997000,   55.958144,  -29.390530,287331.07494467,226143.16376444,513474.23870911,   0.7545629925
299800,    2.998000,   55.928748,  -29.400337,287180.13649335,226294.10196399,513474.23845734,   0.7548147638
299900,    2.999000,   55.899343,  -29.410143,287029.14768734,226445.09051823,513474.23820557,   0.7550665351
300000,    3.000000,   55.869928,  -29.419950,286878.10852663,226596.12942717,513474.23795380,   0.7553183063
