Step,Time,Particle,X,Z,Angle,Vx,Vz,Va,Fx,Fz,Fm
33000,     0.33000000,1,    10.00000000,     9.46601173,     0.00000000,     0.00000000,    -3.23619450,     0.00000000,     0.00000000,***************,     0.00000000
