Step,Time,Particle,X,Z,Angle,Vx,Vz,Va,Fx,Fz,Fm
49000,     0.49000000,1,    10.00000000,     8.82268764,     0.00000000,     0.00000000,    -4.80525850,     0.00000000,     0.00000000,***************,     0.00000000
