Step,Time,Particle,X,Z,Angle,Vx,Vz,Va,Fx,Fz,Fm
60000,     0.60000000,1,    10.00000000,     8.23477358,     0.00000000,     0.00000000,    -5.88399000,     0.00000000,     0.00000000,***************,     0.00000000
