Step,Time,Particle,X,Z,Angle,Vx,Vz,Va,Fx,Fz,Fm
69400,     0.69400000,1,    10.00000000,     7.63834813,     0.00000000,     0.00000000,    -6.80581510,     0.00000000,     0.00000000,***************,     0.00000000
