Step,Time,Particle,X,Z,Angle,Vx,Vz,Va,Fx,Fz,Fm
81900,     0.81900000,1,    10.00000000,     6.71100066,     0.00000000,     0.00000000,    -8.03164635,     0.00000000,     0.00000000,***************,     0.00000000
