Step,Time,Particle,X,Z,Angle,Vx,Vz,Va,Fx,Fz,Fm
34600,     0.34600000,1,    10.00000000,     9.41297658,     0.00000000,     0.00000000,    -3.39310090,     0.00000000,     0.00000000,***************,     0.00000000
