Step,Time,Particle,X,Z,Angle,Vx,Vz,Va,Fx,Fz,Fm
61200,     0.61200000,1,    10.00000000,     8.16345903,     0.00000000,     0.00000000,    -6.00166980,     0.00000000,     0.00000000,***************,     0.00000000
