Step,Time,Particle,X,Z,Angle,Vx,Vz,Va,Fx,Fz,Fm
43400,     0.43400000,1,    10.00000000,     9.07640804,     0.00000000,     0.00000000,    -4.25608610,     0.00000000,     0.00000000,***************,     0.00000000
