Step,Time,Particle,X,Z,Angle,Vx,Vz,Va,Fx,Fz,Fm
56900,     0.56900000,1,    10.00000000,     8.41246669,     0.00000000,     0.00000000,    -5.57998385,     0.00000000,     0.00000000,***************,     0.00000000
