Step,Time,Particle,X,Z,Angle,Vx,Vz,Va,Fx,Fz,Fm
32500,     0.32500000,1,    10.00000000,     9.48207036,     0.00000000,     0.00000000,    -3.18716125,     0.00000000,     0.00000000,***************,     0.00000000
