Step,Time,Particle,X,Z,Angle,Vx,Vz,Va,Fx,Fz,Fm
8000,     0.08000000,1,    10.00000000,     9.96861480,     0.00000000,     0.00000000,    -0.78453200,     0.00000000,     0.00000000,***************,     0.00000000
