Step,Time,Particle,X,Z,Angle,Vx,Vz,Va,Fx,Fz,Fm
600,     0.00600000,1,    10.00000000,     9.99982319,     0.00000000,     0.00000000,    -0.05883990,     0.00000000,     0.00000000,***************,     0.00000000
