Step,Time,Particle,X,Z,Angle,Vx,Vz,Va,Fx,Fz,Fm
85100,     0.85100000,1,    10.00000000,     6.44896540,     0.00000000,     0.00000000,    -8.34545915,     0.00000000,     0.00000000,***************,     0.00000000
