Step,Time,Particle,X,Z,Angle,Vx,Vz,Va,Fx,Fz,Fm
43000,     0.43000000,1,    10.00000000,     9.09335412,     0.00000000,     0.00000000,    -4.21685950,     0.00000000,     0.00000000,***************,     0.00000000
