Step,Time,Particle,X,Z,Angle,Vx,Vz,Va,Fx,Fz,Fm
52900,     0.52900000,1,    10.00000000,     8.62782269,     0.00000000,     0.00000000,    -5.18771785,     0.00000000,     0.00000000,***************,     0.00000000
